customer_id,customer_name,city,state,loyalty_status,signup_date
CUST00001,Priya Gupta,Mumbai,Maharashtra,Silver,5/24/2022
CUST00002,Aarav Verma,Patna,Bihar,Regular,11/8/2021
CUST00003,Riya Sharma,Pune,Maharashtra,Gold,7/26/2023
CUST00004,Neha Sharma,Mumbai,Maharashtra,Regular,9/15/2021
CUST00005,Neha Sharma,Chennai,Tamil Nadu,Gold,9/15/2022
CUST00006,Riya Singh,Bengaluru,Karnataka,Gold,6/15/2023
CUST00007,Aarav Sharma,Indore,Madhya Pradesh,Regular,9/8/2022
CUST00008,Neha Verma,Pune,Maharashtra,Silver,6/19/2022
CUST00009,Neha Sharma,Chennai,Tamil Nadu,Regular,1/6/2024
CUST00010,Priya Singh,Hyderabad,Telangana,Silver,5/12/2022
CUST00012,Priya Singh,Delhi,Delhi,Regular,2/14/2021
CUST00013,Priya Gupta,Chennai,Tamil Nadu,Regular,6/11/2022
CUST00014,Riya Gupta,Chennai,Tamil Nadu,Silver,4/10/2022
CUST00015,Aarav Singh,Jaipur,Rajasthan,Gold,5/12/2023
CUST00016,Riya Gupta,Kolkata,West Bengal,Regular,1/14/2021
CUST00017,Rahul Sharma,Patna,Bihar,Regular,10/13/2023
CUST00018,Rahul Verma,Chennai,Tamil Nadu,Regular,8/11/2023
CUST00019,Rahul Singh,Chennai,Tamil Nadu,Regular,10/13/2023
CUST00020,Ananya Verma,Ahmedabad,Gujarat,Silver,5/5/2023
CUST00021,Riya Sharma,Chandigarh,Chandigarh,Gold,10/27/2021
CUST00022,Priya Sharma,Chandigarh,Chandigarh,Regular,2/18/2021
CUST00023,Ananya Gupta,Ahmedabad,Gujarat,Regular,5/4/2021
CUST00024,Priya Gupta,Bengaluru,Karnataka,Gold,10/6/2022
CUST00025,Aarav Sharma,Indore,Madhya Pradesh,Regular,11/6/2022
CUST00026,Ananya Gupta,Delhi,Tamil Nadu,Regular,10/1/2022
CUST00027,Riya Gupta,Noida,Uttar Pradesh,Silver,11/11/2022
CUST00028,Ananya Sharma,Jaipur,Rajasthan,Regular,6/10/2021
CUST00029,Aarav Singh,Hyderabad,Telangana,Silver,9/11/2021
CUST00030,Ananya Gupta,Pune,Maharashtra,Silver,9/25/2022
CUST00031,Priya Sharma,Kochi,Kerala,Regular,8/28/2023
CUST00032,Rahul Gupta,Chennai,Tamil Nadu,Regular,10/25/2022
CUST00033,Riya Gupta,Kolkata,West Bengal,Regular,4/22/2023
CUST00034,Riya Gupta,Chennai,Tamil Nadu,Regular,2/9/2023
CUST00035,Priya Sharma,Delhi,Delhi,Regular,6/11/2022
CUST00036,Riya Sharma,Chennai,Tamil Nadu,Gold,11/26/2022
CUST00037,Rahul Singh,Kolkata,West Bengal,Gold,3/31/2021
CUST00038,Riya Singh,Hyderabad,Telangana,Silver,9/2/2022
CUST00039,Riya Sharma,Delhi,Delhi,Regular,4/24/2022
CUST00040,Priya Gupta,Mumbai,Maharashtra,Silver,5/30/2022
CUST00041,Priya Gupta,Chandigarh,Chandigarh,Regular,10/14/2023
CUST00042,Aarav Singh,Bengaluru,Karnataka,Gold,11/6/2021
CUST00043,Ananya Singh,Ahmedabad,Gujarat,Silver,8/2/2023
CUST00044,Neha Sharma,Kolkata,West Bengal,Gold,2/9/2022
CUST00045,Ananya Verma,Lucknow,Uttar Pradesh,Silver,5/13/2021
CUST00046,Aarav Gupta,Noida,Uttar Pradesh,Gold,1/21/2024
CUST00047,Ananya Gupta,Kolkata,West Bengal,Regular,5/28/2021
CUST00048,Neha Sharma,Hyderabad,Telangana,Regular,7/17/2021
CUST00049,Priya Gupta,Lucknow,Uttar Pradesh,Regular,4/25/2022
CUST00050,Priya Gupta,Bengaluru,Karnataka,Gold,4/27/2022
CUST00051,Neha Sharma,Indore,Madhya Pradesh,Silver,8/25/2022
CUST00052,Neha Singh,Hyderabad,Telangana,Silver,6/5/2022
CUST00053,Rahul Verma,Indore,Madhya Pradesh,Silver,5/22/2022
CUST00054,Ananya Verma,Bengaluru,Karnataka,Regular,7/31/2022
CUST00055,Neha Verma,Chandigarh,Chandigarh,Silver,5/13/2021
CUST00056,Rahul Verma,Lucknow,Uttar Pradesh,Gold,12/14/2023
CUST00057,Riya Sharma,Chennai,Tamil Nadu,Gold,8/9/2023
CUST00058,Aarav Sharma,Delhi,Delhi,Silver,4/19/2022
CUST00059,Priya Singh,Kochi,Kerala,Regular,8/25/2022
CUST00060,Aarav Sharma,Chennai,Tamil Nadu,Regular,4/9/2024
CUST00061,Aarav Singh,Chennai,Tamil Nadu,Gold,12/31/2021
CUST00062,Neha Singh,Jaipur,Rajasthan,Gold,1/13/2021
CUST00063,Riya Singh,Mumbai,Maharashtra,Regular,3/18/2021
CUST00064,Rahul Verma,Kolkata,West Bengal,Regular,2/22/2022
CUST00065,Aarav Verma,Hyderabad,Telangana,Regular,11/2/2022
CUST00066,Riya Singh,Lucknow,Uttar Pradesh,Regular,10/2/2022
CUST00067,Ananya Sharma,Mumbai,Maharashtra,Silver,1/28/2024
CUST00068,Aarav Gupta,Jaipur,Rajasthan,Regular,3/21/2023
CUST00069,Neha Verma,Noida,Uttar Pradesh,Gold,12/30/2023
CUST00070,Riya Verma,Mumbai,Maharashtra,Silver,7/10/2022
CUST00071,Rahul Singh,Lucknow,Uttar Pradesh,Silver,4/16/2021
CUST00072,Riya Singh,Hyderabad,Telangana,Silver,5/3/2023
CUST00073,Rahul Verma,Delhi,Delhi,Silver,4/10/2023
CUST00074,Aarav Gupta,Chennai,Tamil Nadu,Regular,5/18/2023
CUST00075,Aarav Gupta,Mumbai,Maharashtra,Gold,1/17/2023
CUST00076,Ananya Verma,Jaipur,Rajasthan,Regular,4/16/2021
CUST00077,Ananya Gupta,Pune,Maharashtra,Regular,3/19/2024
CUST00078,Rahul Verma,Ahmedabad,Gujarat,Regular,12/14/2022
CUST00079,Ananya Verma,Hyderabad,Telangana,Regular,8/11/2021
CUST00080,Priya Verma,Lucknow,Uttar Pradesh,Silver,9/17/2021
CUST00081,Aarav Gupta,Kochi,Kerala,Silver,4/20/2021
CUST00082,Riya Gupta,Ahmedabad,Gujarat,Regular,11/25/2021
CUST00083,Ananya Gupta,Noida,Uttar Pradesh,Gold,2/6/2022
CUST00084,Priya Verma,Kochi,Kerala,Gold,3/23/2022
CUST00085,Priya Verma,Delhi,Delhi,Silver,1/6/2023
CUST00086,Ananya Verma,Mumbai,Maharashtra,Gold,1/30/2022
CUST00087,Neha Sharma,Delhi,Delhi,Gold,10/26/2022
CUST00088,Priya Gupta,Mumbai,Maharashtra,Gold,9/20/2022
CUST00089,Priya Singh,Noida,Uttar Pradesh,Gold,5/26/2022
CUST00090,Priya Singh,Lucknow,Uttar Pradesh,Silver,10/29/2023
CUST00091,Ananya Sharma,Jaipur,Rajasthan,Regular,9/30/2023
CUST00092,Ananya Gupta,Jaipur,Rajasthan,Gold,7/28/2023
CUST00093,Ananya Gupta,Kochi,Kerala,Silver,8/8/2021
CUST00094,Ananya Singh,Mumbai,Maharashtra,Silver,1/19/2023
CUST00095,Priya Sharma,Mumbai,Maharashtra,Regular,9/24/2021
CUST00096,Riya Singh,Mumbai,Maharashtra,Gold,11/14/2023
CUST00097,Aarav Gupta,Mumbai,Maharashtra,Gold,10/6/2021
CUST00098,Aarav Sharma,Delhi,Delhi,Regular,9/27/2021
CUST00099,Priya Singh,Chandigarh,Chandigarh,Regular,3/29/2022
CUST00100,Rahul Singh,Mumbai,Maharashtra,Regular,10/26/2022
CUST00101,Neha Singh,Chandigarh,Chandigarh,Silver,10/22/2021
CUST00102,Neha Gupta,Hyderabad,Telangana,Regular,6/23/2022
CUST00103,Neha Verma,Ahmedabad,Gujarat,Silver,2/2/2023
CUST00104,Ananya Verma,Delhi,Delhi,Silver,11/27/2021
CUST00105,Rahul Singh,Noida,Uttar Pradesh,Silver,12/12/2021
CUST00106,Rahul Sharma,Patna,Bihar,Gold,4/10/2021
CUST00107,Rahul Gupta,Noida,Uttar Pradesh,Gold,12/4/2023
CUST00108,Riya Sharma,Ahmedabad,Gujarat,Silver,1/3/2024
CUST00109,Priya Singh,Noida,Uttar Pradesh,Silver,2/9/2023
CUST00110,Neha Verma,Kolkata,West Bengal,Silver,11/9/2022
CUST00111,Aarav Gupta,Patna,Bihar,Regular,12/28/2021
CUST00112,Riya Sharma,Ahmedabad,Gujarat,Silver,11/23/2023
CUST00113,Rahul Singh,Hyderabad,Telangana,Gold,1/4/2021
CUST00114,Aarav Verma,Indore,Madhya Pradesh,Regular,8/19/2022
CUST00115,Riya Gupta,Ahmedabad,Gujarat,Silver,11/16/2023
CUST00116,Aarav Verma,Kolkata,West Bengal,Silver,4/11/2022
CUST00117,Riya Sharma,Ahmedabad,Gujarat,Regular,4/22/2021
CUST00118,Neha Singh,Delhi,Delhi,Silver,8/6/2021
CUST00119,Rahul Verma,Pune,Maharashtra,Silver,4/10/2024
CUST00120,Neha Verma,Hyderabad,Telangana,Regular,1/21/2023
CUST00121,Priya Verma,Ahmedabad,Gujarat,Regular,1/29/2021
CUST00122,Ananya Verma,Chandigarh,Chandigarh,Silver,7/16/2021
CUST00123,Riya Verma,Mumbai,Maharashtra,Gold,7/7/2022
CUST00124,Rahul Sharma,Lucknow,Uttar Pradesh,Regular,2/26/2024
CUST00125,Rahul Gupta,Chandigarh,Chandigarh,Gold,11/27/2023
CUST00126,Priya Verma,Indore,Madhya Pradesh,Regular,1/1/2021
CUST00127,Aarav Sharma,Delhi,Delhi,Silver,1/16/2022
CUST00128,Ananya Sharma,Chennai,Tamil Nadu,Regular,1/26/2021
CUST00129,Neha Verma,Ahmedabad,Gujarat,Regular,4/27/2023
CUST00130,Neha Gupta,Chennai,Tamil Nadu,Gold,12/24/2021
CUST00131,Rahul Sharma,Pune,Maharashtra,Silver,4/10/2021
CUST00132,Riya Gupta,Chandigarh,Chandigarh,Gold,1/8/2024
CUST00133,Priya Gupta,Delhi,Delhi,Gold,8/11/2023
CUST00134,Riya Gupta,Mumbai,Maharashtra,Regular,4/8/2022
CUST00135,Rahul Verma,Mumbai,Maharashtra,Gold,3/21/2021
CUST00136,Rahul Singh,Mumbai,Maharashtra,Gold,4/18/2021
CUST00137,Riya Gupta,Hyderabad,Telangana,Gold,12/8/2023
CUST00138,Rahul Verma,Hyderabad,Telangana,Regular,11/6/2023
CUST00139,Ananya Singh,Delhi,Delhi,Regular,2/20/2022
CUST00140,Riya Singh,Bengaluru,Karnataka,Regular,3/8/2023
CUST00141,Neha Verma,Kolkata,West Bengal,Silver,1/4/2024
CUST00142,Priya Sharma,Jaipur,Rajasthan,Regular,6/15/2023
CUST00143,Ananya Singh,Indore,Madhya Pradesh,Regular,3/13/2023
CUST00144,Neha Sharma,Ahmedabad,Gujarat,Gold,12/18/2021
CUST00145,Aarav Sharma,Bengaluru,Karnataka,Regular,8/7/2021
CUST00146,Ananya Singh,Ahmedabad,Gujarat,Regular,2/28/2021
CUST00147,Aarav Verma,Delhi,Delhi,Gold,3/29/2021
CUST00148,Aarav Sharma,Indore,Madhya Pradesh,Regular,1/15/2023
CUST00149,Neha Sharma,Chennai,Tamil Nadu,Gold,2/26/2023
CUST00150,Ananya Verma,Mumbai,Maharashtra,Regular,8/18/2021
CUST00151,Aarav Sharma,Delhi,Delhi,Gold,8/12/2022
CUST00152,Aarav Verma,Jaipur,Rajasthan,Regular,2/24/2022
CUST00153,Rahul Singh,Hyderabad,Telangana,Silver,6/19/2022
CUST00154,Rahul Singh,Delhi,Delhi,Silver,4/10/2021
CUST00155,Rahul Singh,Indore,Madhya Pradesh,Gold,10/29/2023
CUST00156,Rahul Sharma,Jaipur,Rajasthan,Silver,3/5/2021
CUST00157,Neha Sharma,Lucknow,Uttar Pradesh,Silver,8/19/2023
CUST00158,Aarav Verma,Indore,Madhya Pradesh,Gold,7/6/2021
CUST00159,Rahul Verma,Ahmedabad,Gujarat,Silver,1/3/2021
CUST00160,Ananya Singh,Pune,Maharashtra,Regular,1/9/2021
CUST00161,Priya Sharma,Kolkata,West Bengal,Silver,1/13/2022
CUST00162,Neha Singh,Jaipur,Rajasthan,Gold,6/18/2022
CUST00163,Ananya Singh,Ahmedabad,Gujarat,Regular,4/20/2022
CUST00164,Ananya Sharma,Jaipur,Rajasthan,Gold,6/15/2021
CUST00165,Riya Sharma,Jaipur,Rajasthan,Gold,10/31/2022
CUST00166,Aarav Gupta,Kolkata,West Bengal,Silver,6/26/2021
CUST00167,Riya Sharma,Lucknow,Uttar Pradesh,Silver,2/27/2022
CUST00168,Rahul Gupta,Hyderabad,Telangana,Gold,10/24/2023
CUST00169,Priya Verma,Bengaluru,Karnataka,Silver,9/17/2021
CUST00170,Neha Sharma,Pune,Maharashtra,Silver,4/6/2024
CUST00171,Neha Verma,Kolkata,West Bengal,Silver,2/9/2024
CUST00172,Rahul Verma,Indore,Madhya Pradesh,Silver,6/18/2023
CUST00173,Rahul Verma,Indore,Madhya Pradesh,Regular,11/16/2022
CUST00174,Riya Verma,Jaipur,Rajasthan,Gold,1/28/2022
CUST00175,Rahul Verma,Hyderabad,Telangana,Gold,11/16/2021
CUST00176,Riya Singh,Chennai,Tamil Nadu,Gold,12/6/2023
CUST00177,Ananya Verma,Kolkata,West Bengal,Silver,1/23/2022
CUST00178,Riya Sharma,Hyderabad,Telangana,Regular,7/28/2021
CUST00179,Priya Verma,Chennai,Tamil Nadu,Regular,9/11/2022
CUST00180,Rahul Gupta,Indore,Madhya Pradesh,Silver,2/6/2022
CUST00181,Riya Sharma,Mumbai,Maharashtra,Silver,2/27/2022
CUST00182,Priya Gupta,Chandigarh,Chandigarh,Regular,1/26/2021
CUST00183,Priya Verma,Lucknow,Uttar Pradesh,Gold,8/30/2022
CUST00184,Aarav Verma,Jaipur,Rajasthan,Silver,4/9/2023
CUST00185,Riya Verma,Delhi,Delhi,Silver,3/21/2024
CUST00186,Riya Gupta,Ahmedabad,Gujarat,Regular,4/10/2024
CUST00187,Ananya Verma,Kochi,Kerala,Gold,9/12/2021
CUST00188,Priya Singh,Jaipur,Rajasthan,Silver,7/20/2021
CUST00189,Priya Verma,Chandigarh,Chandigarh,Silver,11/17/2021
CUST00190,Priya Gupta,Hyderabad,Telangana,Silver,2/10/2021
CUST00191,Priya Verma,Ahmedabad,Gujarat,Gold,11/3/2022
CUST00192,Aarav Gupta,Patna,Bihar,Silver,8/6/2021
CUST00193,Rahul Verma,Delhi,Delhi,Regular,2/14/2022
CUST00194,Rahul Sharma,Pune,Maharashtra,Gold,7/25/2023
CUST00195,Ananya Gupta,Pune,Maharashtra,Gold,2/2/2021
CUST00196,Rahul Singh,Noida,Uttar Pradesh,Silver,7/25/2023
CUST00197,Riya Verma,Chennai,Tamil Nadu,Silver,11/19/2023
CUST00198,Aarav Singh,Patna,Bihar,Gold,4/26/2021
CUST00199,Rahul Gupta,Hyderabad,Telangana,Silver,5/6/2021
CUST00200,Aarav Gupta,Delhi,Delhi,Silver,12/23/2022
CUST00201,Rahul Sharma,Ahmedabad,Gujarat,Regular,9/14/2022
CUST00202,Priya Verma,Indore,Madhya Pradesh,Silver,8/5/2023
CUST00203,Ananya Verma,Chennai,Tamil Nadu,Regular,1/31/2022
CUST00204,Riya Verma,Jaipur,Rajasthan,Regular,12/25/2022
CUST00205,Riya Gupta,Noida,Uttar Pradesh,Silver,8/26/2022
CUST00206,Neha Verma,Patna,Bihar,Silver,12/28/2022
CUST00207,Ananya Singh,Patna,Bihar,Gold,2/10/2023
CUST00208,Rahul Gupta,Noida,Uttar Pradesh,Gold,1/16/2022
CUST00209,Aarav Singh,Jaipur,Rajasthan,Silver,5/17/2022
CUST00210,Rahul Singh,Noida,Uttar Pradesh,Silver,9/21/2023
CUST00211,Neha Sharma,Lucknow,Uttar Pradesh,Gold,1/13/2023
CUST00212,Rahul Gupta,Bengaluru,Karnataka,Regular,6/24/2021
CUST00213,Neha Singh,Kochi,Kerala,Regular,12/23/2023
CUST00214,Rahul Sharma,Kochi,Kerala,Gold,1/24/2021
CUST00215,Aarav Singh,Chennai,Tamil Nadu,Silver,7/27/2021
CUST00216,Ananya Verma,Ahmedabad,Gujarat,Regular,7/15/2023
CUST00217,Ananya Verma,Kolkata,West Bengal,Silver,12/31/2023
CUST00218,Neha Sharma,Bengaluru,Karnataka,Gold,1/29/2024
CUST00219,Riya Singh,Patna,Bihar,Regular,10/10/2023
CUST00220,Ananya Sharma,Indore,Madhya Pradesh,Gold,6/18/2023
CUST00221,Aarav Sharma,Noida,Uttar Pradesh,Silver,5/9/2023
CUST00222,Ananya Gupta,Chennai,Tamil Nadu,Silver,2/16/2024
CUST00223,Priya Gupta,Delhi,Delhi,Regular,10/4/2023
CUST00224,Priya Verma,Chennai,Tamil Nadu,Gold,1/14/2021
CUST00225,Rahul Gupta,Bengaluru,Karnataka,Gold,2/27/2024
CUST00226,Riya Singh,Jaipur,Rajasthan,Silver,2/7/2023
CUST00227,Priya Sharma,Lucknow,Uttar Pradesh,Regular,1/9/2023
CUST00228,Riya Sharma,Noida,Uttar Pradesh,Regular,4/4/2021
CUST00229,Riya Singh,Noida,Uttar Pradesh,Regular,11/12/2023
CUST00230,Priya Verma,Jaipur,Rajasthan,Regular,3/13/2022
CUST00231,Priya Verma,Indore,Madhya Pradesh,Silver,7/13/2021
CUST00232,Riya Singh,Kochi,Kerala,Silver,8/30/2023
CUST00233,Neha Verma,Patna,Bihar,Silver,6/11/2023
CUST00234,Priya Singh,Kolkata,West Bengal,Gold,4/18/2021
CUST00235,Rahul Singh,Kochi,Kerala,Silver,10/9/2023
CUST00236,Rahul Singh,Lucknow,Uttar Pradesh,Gold,12/8/2022
CUST00237,Riya Gupta,Chennai,Tamil Nadu,Regular,11/9/2022
CUST00238,Rahul Singh,Chennai,Tamil Nadu,Regular,6/29/2021
CUST00239,Aarav Gupta,Patna,Bihar,Gold,2/10/2024
CUST00240,Priya Sharma,Chandigarh,Chandigarh,Silver,9/8/2022
CUST00241,Aarav Sharma,Mumbai,Maharashtra,Regular,8/31/2023
CUST00242,Riya Sharma,Ahmedabad,Gujarat,Gold,1/19/2024
CUST00243,Priya Verma,Ahmedabad,Gujarat,Gold,6/19/2021
CUST00244,Aarav Gupta,Chennai,Tamil Nadu,Gold,12/23/2021
CUST00245,Riya Verma,Mumbai,Maharashtra,Regular,5/14/2023
CUST00246,Aarav Sharma,Patna,Bihar,Silver,10/12/2021
CUST00247,Rahul Singh,Patna,Bihar,Silver,1/14/2022
CUST00248,Aarav Singh,Lucknow,Uttar Pradesh,Regular,6/2/2023
CUST00249,Riya Sharma,Ahmedabad,Gujarat,Silver,3/8/2024
CUST00250,Aarav Sharma,Pune,Maharashtra,Silver,3/24/2024
CUST00251,Priya Gupta,Indore,Madhya Pradesh,Regular,1/29/2021
CUST00252,Priya Verma,Noida,Uttar Pradesh,Silver,4/25/2023
CUST00253,Aarav Sharma,Pune,Maharashtra,Gold,8/26/2023
CUST00254,Ananya Sharma,Chennai,Tamil Nadu,Silver,1/10/2021
CUST00255,Riya Sharma,Delhi,Delhi,Regular,3/23/2022
CUST00256,Aarav Verma,Kochi,Kerala,Silver,2/6/2021
CUST00257,Riya Verma,Hyderabad,Telangana,Silver,1/19/2022
CUST00258,Aarav Singh,Chandigarh,Chandigarh,Gold,10/24/2021
CUST00259,Aarav Singh,Indore,Madhya Pradesh,Gold,2/16/2024
CUST00260,Priya Gupta,Indore,Madhya Pradesh,Gold,6/5/2022
CUST00261,Aarav Sharma,Chandigarh,Chandigarh,Regular,5/5/2021
CUST00262,Riya Sharma,Delhi,Delhi,Silver,9/30/2022
CUST00263,Riya Verma,Hyderabad,Telangana,Silver,5/3/2021
CUST00264,Rahul Gupta,Kolkata,West Bengal,Silver,12/7/2021
CUST00265,Aarav Singh,Bengaluru,Karnataka,Gold,12/2/2021
CUST00266,Priya Gupta,Noida,Uttar Pradesh,Silver,7/17/2023
CUST00267,Neha Singh,Hyderabad,Telangana,Silver,7/28/2022
CUST00268,Neha Singh,Delhi,Delhi,Gold,2/1/2021
CUST00269,Ananya Singh,Kochi,Kerala,Gold,5/28/2023
CUST00270,Ananya Gupta,Chandigarh,Chandigarh,Silver,2/10/2023
CUST00271,Ananya Gupta,Ahmedabad,Gujarat,Silver,1/4/2021
CUST00272,Rahul Singh,Kolkata,West Bengal,Silver,11/19/2021
CUST00273,Aarav Singh,Ahmedabad,Gujarat,Regular,3/17/2024
CUST00274,Rahul Gupta,Bengaluru,Karnataka,Silver,12/31/2023
CUST00275,Neha Gupta,Mumbai,Maharashtra,Silver,2/15/2022
CUST00276,Riya Verma,Patna,Bihar,Silver,4/28/2021
CUST00277,Priya Gupta,Noida,Uttar Pradesh,Gold,2/28/2022
CUST00278,Rahul Sharma,Chandigarh,Chandigarh,Silver,7/31/2023
CUST00279,Aarav Singh,Pune,Maharashtra,Regular,4/22/2022
CUST00280,Neha Singh,Lucknow,Uttar Pradesh,Gold,10/20/2022
CUST00281,Neha Verma,Jaipur,Rajasthan,Regular,3/12/2022
CUST00282,Aarav Verma,Chennai,Tamil Nadu,Gold,8/17/2022
CUST00283,Neha Singh,Kolkata,West Bengal,Silver,11/26/2023
CUST00284,Ananya Verma,Kochi,Kerala,Regular,10/8/2023
CUST00285,Aarav Singh,Kolkata,West Bengal,Gold,8/8/2023
CUST00286,Aarav Verma,Patna,Bihar,Silver,3/4/2021
CUST00287,Rahul Sharma,Kolkata,West Bengal,Regular,3/10/2021
CUST00288,Neha Gupta,Chennai,Tamil Nadu,Gold,3/7/2024
CUST00289,Rahul Singh,Chennai,Tamil Nadu,Silver,7/18/2021
CUST00290,Neha Verma,Jaipur,Rajasthan,Silver,3/19/2021
CUST00291,Ananya Verma,Kolkata,West Bengal,Silver,6/21/2021
CUST00292,Aarav Sharma,Delhi,Delhi,Gold,1/28/2023
CUST00293,Riya Gupta,Kochi,Kerala,Silver,5/12/2021
CUST00294,Neha Gupta,Kochi,Kerala,Regular,7/4/2021
CUST00295,Rahul Verma,Hyderabad,Telangana,Gold,7/3/2021
CUST00296,Riya Gupta,Chandigarh,Chandigarh,Regular,7/8/2023
CUST00297,Ananya Singh,Kochi,Kerala,Regular,3/31/2022
CUST00298,Aarav Singh,Bengaluru,Karnataka,Silver,5/2/2021
CUST00299,Neha Sharma,Chandigarh,Chandigarh,Regular,6/13/2022
CUST00300,Neha Gupta,Patna,Bihar,Regular,7/26/2021
CUST00301,Rahul Sharma,Bengaluru,Karnataka,Regular,9/4/2022
CUST00302,Neha Gupta,Ahmedabad,Gujarat,Gold,8/4/2021
CUST00303,Rahul Singh,Jaipur,Rajasthan,Silver,3/10/2023
CUST00304,Rahul Gupta,Mumbai,Maharashtra,Silver,12/12/2021
CUST00305,Ananya Verma,Jaipur,Rajasthan,Gold,1/26/2021
CUST00306,Riya Verma,Jaipur,Rajasthan,Regular,11/18/2021
CUST00307,Ananya Sharma,Chandigarh,Chandigarh,Gold,2/4/2023
CUST00308,Riya Verma,Chandigarh,Chandigarh,Silver,7/18/2021
CUST00309,Priya Sharma,Chandigarh,Chandigarh,Gold,6/3/2021
CUST00310,Rahul Singh,Jaipur,Rajasthan,Regular,9/5/2023
CUST00311,Riya Singh,Mumbai,Maharashtra,Regular,11/11/2022
CUST00312,Riya Sharma,Chennai,Tamil Nadu,Regular,7/14/2023
CUST00313,Ananya Gupta,Pune,Maharashtra,Regular,6/30/2022
CUST00314,Priya Verma,Lucknow,Uttar Pradesh,Regular,2/22/2021
CUST00315,Neha Singh,Hyderabad,Telangana,Silver,12/10/2021
CUST00316,Priya Sharma,Hyderabad,Telangana,Silver,7/24/2023
CUST00317,Priya Sharma,Chandigarh,Chandigarh,Regular,11/18/2023
CUST00318,Riya Verma,Delhi,Delhi,Gold,9/5/2023
CUST00319,Rahul Sharma,Kochi,Kerala,Silver,2/17/2022
CUST00320,Priya Singh,Kolkata,West Bengal,Regular,5/3/2022
CUST00321,Priya Singh,Mumbai,Maharashtra,Silver,11/29/2021
CUST00322,Riya Singh,Delhi,Delhi,Regular,2/2/2021
CUST00323,Neha Singh,Jaipur,Rajasthan,Gold,10/15/2021
CUST00324,Aarav Singh,Jaipur,Rajasthan,Regular,1/8/2023
CUST00325,Aarav Gupta,Lucknow,Uttar Pradesh,Regular,7/21/2022
CUST00326,Ananya Verma,Ahmedabad,Gujarat,Regular,12/5/2023
CUST00327,Ananya Verma,Patna,Bihar,Regular,6/12/2021
CUST00328,Aarav Gupta,Kochi,Kerala,Silver,12/26/2021
CUST00329,Ananya Verma,Chennai,Tamil Nadu,Gold,9/23/2022
CUST00330,Aarav Sharma,Chennai,Tamil Nadu,Gold,12/1/2023
CUST00331,Riya Sharma,Lucknow,Uttar Pradesh,Gold,12/13/2022
CUST00332,Rahul Gupta,Kolkata,West Bengal,Regular,2/1/2021
CUST00333,Priya Verma,Lucknow,Uttar Pradesh,Gold,6/30/2022
CUST00334,Ananya Singh,Chennai,Tamil Nadu,Regular,12/1/2021
CUST00335,Rahul Sharma,Indore,Madhya Pradesh,Silver,12/1/2023
CUST00336,Priya Sharma,Chandigarh,Chandigarh,Regular,1/1/2023
CUST00337,Ananya Singh,Indore,Madhya Pradesh,Gold,2/21/2023
CUST00338,Aarav Singh,Ahmedabad,Gujarat,Regular,10/11/2023
CUST00339,Neha Sharma,Jaipur,Rajasthan,Gold,1/6/2024
CUST00340,Aarav Verma,Bengaluru,Karnataka,Regular,4/4/2022
CUST00341,Ananya Verma,Ahmedabad,Gujarat,Regular,10/1/2022
CUST00342,Neha Sharma,Hyderabad,Telangana,Regular,7/17/2021
CUST00343,Riya Verma,Chandigarh,Chandigarh,Silver,2/6/2021
CUST00344,Neha Gupta,Kochi,Kerala,Gold,5/4/2022
CUST00345,Priya Sharma,Indore,Madhya Pradesh,Silver,7/12/2021
CUST00346,Ananya Sharma,Indore,Madhya Pradesh,Silver,9/10/2021
CUST00347,Priya Singh,Jaipur,Rajasthan,Regular,9/7/2021
CUST00348,Priya Verma,Mumbai,Maharashtra,Gold,4/11/2022
CUST00349,Ananya Verma,Kochi,Kerala,Gold,3/19/2024
CUST00350,Riya Gupta,Jaipur,Rajasthan,Regular,2/7/2021
CUST00351,Priya Gupta,Noida,Uttar Pradesh,Gold,12/13/2023
CUST00352,Priya Sharma,Delhi,Delhi,Silver,11/25/2022
CUST00353,Ananya Singh,Lucknow,Uttar Pradesh,Gold,6/12/2023
CUST00354,Neha Singh,Kochi,Kerala,Silver,2/24/2024
CUST00355,Rahul Verma,Delhi,Delhi,Gold,12/25/2022
CUST00356,Priya Sharma,Chennai,Tamil Nadu,Silver,8/12/2021
CUST00357,Ananya Sharma,Pune,Maharashtra,Silver,6/6/2023
CUST00358,Neha Sharma,Chennai,Tamil Nadu,Regular,10/13/2021
CUST00359,Priya Gupta,Lucknow,Uttar Pradesh,Gold,4/6/2021
CUST00360,Aarav Sharma,Patna,Bihar,Gold,6/29/2022
CUST00361,Riya Singh,Chandigarh,Chandigarh,Gold,1/16/2024
CUST00362,Aarav Sharma,Patna,Bihar,Silver,9/7/2021
CUST00363,Aarav Gupta,Pune,Maharashtra,Regular,3/22/2021
CUST00364,Aarav Singh,Hyderabad,Telangana,Silver,12/8/2021
CUST00365,Aarav Singh,Mumbai,Maharashtra,Regular,8/14/2023
CUST00366,Neha Verma,Ahmedabad,Gujarat,Silver,9/11/2021
CUST00367,Ananya Singh,Pune,Maharashtra,Silver,3/28/2024
CUST00368,Rahul Verma,Hyderabad,Telangana,Gold,6/29/2021
CUST00369,Neha Singh,Indore,Madhya Pradesh,Silver,3/13/2024
CUST00370,Riya Gupta,Chennai,Tamil Nadu,Regular,1/29/2024
CUST00371,Rahul Gupta,Indore,Madhya Pradesh,Gold,9/14/2022
CUST00372,Priya Gupta,Ahmedabad,Gujarat,Silver,3/5/2021
CUST00373,Rahul Verma,Chennai,Tamil Nadu,Regular,11/16/2023
CUST00374,Priya Gupta,Pune,Maharashtra,Regular,12/24/2022
CUST00375,Ananya Singh,Bengaluru,Karnataka,Gold,10/29/2022
CUST00376,Rahul Singh,Jaipur,Rajasthan,Regular,8/29/2022
CUST00377,Aarav Verma,Delhi,Delhi,Gold,5/17/2021
CUST00378,Rahul Gupta,Ahmedabad,Gujarat,Gold,5/8/2021
CUST00379,Priya Gupta,Pune,Maharashtra,Silver,8/12/2021
CUST00380,Ananya Verma,Pune,Maharashtra,Silver,11/22/2022
CUST00381,Rahul Verma,Noida,Uttar Pradesh,Gold,2/19/2022
CUST00382,Neha Singh,Ahmedabad,Gujarat,Gold,7/14/2021
CUST00383,Riya Gupta,Indore,Madhya Pradesh,Silver,9/18/2021
CUST00384,Aarav Sharma,Lucknow,Uttar Pradesh,Silver,2/1/2024
CUST00385,Aarav Gupta,Ahmedabad,Gujarat,Silver,3/17/2024
CUST00386,Priya Singh,Bengaluru,Karnataka,Gold,8/16/2021
CUST00387,Priya Gupta,Lucknow,Uttar Pradesh,Silver,12/24/2022
CUST00388,Rahul Gupta,Hyderabad,Telangana,Gold,2/12/2024
CUST00389,Priya Singh,Ahmedabad,Gujarat,Regular,10/21/2023
CUST00390,Priya Singh,Lucknow,Uttar Pradesh,Regular,1/5/2024
CUST00391,Ananya Gupta,Hyderabad,Telangana,Gold,2/12/2023
CUST00392,Ananya Sharma,Ahmedabad,Gujarat,Silver,10/26/2022
CUST00393,Neha Verma,Kochi,Kerala,Silver,2/23/2022
CUST00394,Aarav Sharma,Lucknow,Uttar Pradesh,Regular,6/10/2022
CUST00395,Priya Singh,Ahmedabad,Gujarat,Gold,10/2/2022
CUST00396,Neha Gupta,Pune,Maharashtra,Gold,11/26/2023
CUST00397,Riya Gupta,Indore,Madhya Pradesh,Silver,8/9/2023
CUST00398,Aarav Singh,Kolkata,West Bengal,Silver,1/22/2021
CUST00399,Aarav Verma,Noida,Uttar Pradesh,Regular,4/19/2023
CUST00400,Neha Gupta,Kolkata,West Bengal,Gold,2/24/2024
CUST00401,Neha Verma,Chandigarh,Chandigarh,Regular,5/13/2023
CUST00402,Priya Gupta,Jaipur,Rajasthan,Gold,12/5/2022
CUST00403,Neha Sharma,Indore,Madhya Pradesh,Regular,1/13/2023
CUST00404,Rahul Sharma,Kolkata,West Bengal,Silver,11/16/2023
CUST00405,Aarav Singh,Bengaluru,Karnataka,Gold,12/5/2022
CUST00406,Neha Gupta,Kochi,Kerala,Gold,11/17/2021
CUST00407,Rahul Verma,Pune,Maharashtra,Gold,1/21/2022
CUST00408,Ananya Sharma,Lucknow,Uttar Pradesh,Gold,3/3/2024
CUST00409,Aarav Singh,Ahmedabad,Gujarat,Gold,3/28/2021
CUST00410,Priya Sharma,Indore,Madhya Pradesh,Regular,9/21/2022
CUST00411,Riya Sharma,Indore,Madhya Pradesh,Silver,3/26/2023
CUST00412,Aarav Sharma,Kochi,Kerala,Gold,3/2/2021
CUST00413,Ananya Gupta,Chennai,Tamil Nadu,Gold,3/7/2024
CUST00414,Riya Verma,Hyderabad,Telangana,Gold,2/11/2022
CUST00415,Neha Sharma,Lucknow,Uttar Pradesh,Regular,11/18/2021
CUST00416,Neha Sharma,Pune,Maharashtra,Regular,7/25/2021
CUST00417,Ananya Gupta,Mumbai,Maharashtra,Silver,6/1/2023
CUST00418,Aarav Sharma,Patna,Bihar,Gold,3/31/2024
CUST00419,Ananya Verma,Kolkata,West Bengal,Silver,7/19/2022
CUST00420,Aarav Singh,Bengaluru,Karnataka,Gold,7/23/2021
CUST00421,Neha Sharma,Kochi,Kerala,Silver,1/28/2022
CUST00422,Neha Gupta,Jaipur,Rajasthan,Regular,4/22/2021
CUST00423,Priya Sharma,Chennai,Tamil Nadu,Silver,4/22/2021
CUST00424,Ananya Verma,Ahmedabad,Gujarat,Regular,4/1/2021
CUST00425,Neha Verma,Bengaluru,Karnataka,Silver,1/13/2021
CUST00426,Priya Singh,Chandigarh,Chandigarh,Silver,6/1/2022
CUST00427,Priya Sharma,Chandigarh,Chandigarh,Regular,3/10/2023
CUST00428,Riya Verma,Noida,Uttar Pradesh,Silver,9/26/2022
CUST00429,Riya Gupta,Lucknow,Uttar Pradesh,Regular,5/14/2022
CUST00430,Ananya Verma,Mumbai,Maharashtra,Silver,2/16/2023
CUST00431,Aarav Singh,Bengaluru,Karnataka,Silver,2/25/2024
CUST00432,Aarav Singh,Kolkata,West Bengal,Gold,3/1/2023
CUST00433,Priya Sharma,Kolkata,West Bengal,Regular,5/15/2023
CUST00434,Rahul Verma,Kochi,Kerala,Silver,1/27/2022
CUST00435,Rahul Singh,Jaipur,Rajasthan,Regular,6/12/2023
CUST00436,Rahul Sharma,Delhi,Delhi,Silver,11/16/2021
CUST00437,Riya Verma,Chennai,Tamil Nadu,Regular,2/7/2022
CUST00438,Neha Verma,Hyderabad,Telangana,Gold,6/27/2023
CUST00439,Ananya Verma,Jaipur,Rajasthan,Silver,12/24/2022
CUST00440,Riya Gupta,Chennai,Tamil Nadu,Silver,4/4/2024
CUST00441,Rahul Gupta,Chennai,Tamil Nadu,Gold,2/23/2022
CUST00442,Priya Verma,Chennai,Tamil Nadu,Gold,6/19/2022
CUST00443,Priya Singh,Ahmedabad,Gujarat,Gold,5/20/2022
CUST00444,Neha Verma,Lucknow,Uttar Pradesh,Regular,9/9/2021
CUST00445,Neha Sharma,Noida,Uttar Pradesh,Gold,7/8/2022
CUST00446,Priya Sharma,Indore,Madhya Pradesh,Gold,3/8/2024
CUST00447,Rahul Sharma,Bengaluru,Karnataka,Silver,6/26/2021
CUST00448,Ananya Verma,Indore,Madhya Pradesh,Silver,1/21/2022
CUST00449,Aarav Sharma,Noida,Uttar Pradesh,Gold,1/11/2023
CUST00450,Neha Singh,Patna,Bihar,Regular,5/15/2021
CUST00451,Rahul Sharma,Indore,Madhya Pradesh,Regular,8/14/2022
CUST00452,Riya Gupta,Bengaluru,Karnataka,Silver,12/30/2022
CUST00453,Priya Verma,Lucknow,Uttar Pradesh,Silver,12/28/2021
CUST00454,Rahul Singh,Delhi,Delhi,Silver,2/21/2021
CUST00455,Riya Gupta,Noida,Uttar Pradesh,Regular,4/1/2023
CUST00456,Riya Sharma,Kolkata,West Bengal,Regular,8/20/2022
CUST00457,Rahul Verma,Mumbai,Maharashtra,Gold,3/24/2021
CUST00458,Aarav Verma,Lucknow,Uttar Pradesh,Silver,2/10/2022
CUST00459,Rahul Verma,Patna,Bihar,Silver,3/22/2021
CUST00460,Rahul Verma,Pune,Maharashtra,Gold,4/12/2022
CUST00461,Priya Singh,Ahmedabad,Gujarat,Silver,3/24/2024
CUST00462,Aarav Sharma,Kolkata,West Bengal,Gold,8/10/2022
CUST00463,Aarav Sharma,Chandigarh,Chandigarh,Regular,8/16/2021
CUST00464,Rahul Verma,Delhi,Delhi,Silver,6/26/2021
CUST00465,Riya Gupta,Lucknow,Uttar Pradesh,Gold,3/29/2022
CUST00466,Neha Sharma,Hyderabad,Telangana,Silver,5/19/2023
CUST00467,Rahul Gupta,Jaipur,Rajasthan,Gold,4/22/2021
CUST00468,Riya Verma,Noida,Uttar Pradesh,Silver,11/15/2023
CUST00469,Ananya Gupta,Kochi,Kerala,Regular,3/31/2021
CUST00470,Neha Singh,Indore,Madhya Pradesh,Regular,1/25/2024
CUST00471,Riya Verma,Bengaluru,Karnataka,Gold,6/18/2022
CUST00472,Aarav Verma,Chennai,Tamil Nadu,Silver,12/13/2022
CUST00473,Aarav Verma,Lucknow,Uttar Pradesh,Gold,9/29/2022
CUST00474,Ananya Gupta,Bengaluru,Karnataka,Gold,9/16/2023
CUST00475,Riya Verma,Chennai,Tamil Nadu,Regular,11/22/2023
CUST00476,Priya Verma,Indore,Madhya Pradesh,Gold,12/21/2022
CUST00477,Rahul Verma,Indore,Madhya Pradesh,Gold,10/18/2021
CUST00478,Neha Verma,Ahmedabad,Gujarat,Silver,8/30/2021
CUST00479,Priya Verma,Pune,Maharashtra,Gold,11/14/2021
CUST00480,Priya Gupta,Ahmedabad,Gujarat,Regular,8/23/2021
CUST00481,Rahul Sharma,Indore,Madhya Pradesh,Silver,9/24/2023
CUST00482,Aarav Sharma,Chennai,Tamil Nadu,Silver,9/15/2022
CUST00483,Aarav Singh,Chennai,Tamil Nadu,Silver,8/20/2021
CUST00484,Rahul Gupta,Bengaluru,Karnataka,Silver,3/11/2024
CUST00485,Rahul Verma,Kolkata,West Bengal,Gold,5/28/2021
CUST00486,Aarav Gupta,Delhi,Delhi,Silver,6/21/2021
CUST00487,Riya Singh,Indore,Madhya Pradesh,Gold,2/29/2024
CUST00488,Aarav Gupta,Hyderabad,Telangana,Silver,9/28/2023
CUST00489,Neha Singh,Chennai,Tamil Nadu,Regular,1/6/2023
CUST00490,Aarav Singh,Chandigarh,Chandigarh,Gold,5/30/2022
CUST00491,Ananya Sharma,Noida,Uttar Pradesh,Regular,2/26/2021
CUST00492,Priya Verma,Delhi,Delhi,Silver,1/24/2023
CUST00493,Riya Verma,Bengaluru,Karnataka,Regular,9/28/2022
CUST00494,Neha Singh,Indore,Madhya Pradesh,Silver,1/13/2022
CUST00495,Rahul Singh,Noida,Uttar Pradesh,Regular,1/25/2023
CUST00496,Neha Singh,Bengaluru,Karnataka,Silver,5/6/2022
CUST00497,Aarav Sharma,Delhi,Delhi,Gold,4/6/2023
CUST00498,Aarav Verma,Chandigarh,Chandigarh,Silver,5/17/2023
CUST00499,Riya Verma,Jaipur,Rajasthan,Silver,4/5/2024
CUST00500,Aarav Verma,Noida,Uttar Pradesh,Gold,4/11/2022
CUST00501,Ananya Gupta,Bengaluru,Karnataka,Gold,4/3/2023
CUST00502,Aarav Gupta,Mumbai,Maharashtra,Silver,1/26/2022
CUST00503,Riya Singh,Chennai,Tamil Nadu,Regular,3/7/2021
CUST00504,Neha Gupta,Kochi,Kerala,Regular,8/4/2022
CUST00505,Riya Sharma,Mumbai,Maharashtra,Gold,5/13/2023
CUST00506,Rahul Sharma,Chandigarh,Chandigarh,Silver,1/19/2021
CUST00507,Ananya Verma,Noida,Uttar Pradesh,Silver,8/29/2022
CUST00508,Priya Singh,Delhi,Delhi,Gold,2/5/2022
CUST00509,Aarav Singh,Jaipur,Rajasthan,Gold,8/2/2023
CUST00510,Neha Verma,Lucknow,Uttar Pradesh,Silver,6/16/2021
CUST00511,Aarav Singh,Patna,Bihar,Gold,9/1/2022
CUST00512,Neha Gupta,Ahmedabad,Gujarat,Silver,9/12/2023
CUST00513,Riya Verma,Noida,Uttar Pradesh,Silver,12/5/2022
CUST00514,Riya Sharma,Pune,Maharashtra,Regular,4/1/2022
CUST00515,Riya Gupta,Noida,Uttar Pradesh,Gold,6/24/2021
CUST00516,Riya Singh,Bengaluru,Karnataka,Gold,4/4/2024
CUST00517,Rahul Verma,Lucknow,Uttar Pradesh,Gold,6/23/2023
CUST00518,Rahul Sharma,Lucknow,Uttar Pradesh,Regular,1/5/2022
CUST00519,Ananya Sharma,Chandigarh,Chandigarh,Regular,6/4/2022
CUST00520,Aarav Verma,Noida,Uttar Pradesh,Gold,5/31/2022
CUST00521,Priya Verma,Indore,Madhya Pradesh,Gold,7/28/2023
CUST00522,Neha Sharma,Chennai,Tamil Nadu,Gold,11/18/2023
CUST00523,Neha Sharma,Chandigarh,Chandigarh,Silver,5/31/2021
CUST00524,Priya Verma,Patna,Bihar,Gold,2/2/2024
CUST00525,Riya Sharma,Pune,Maharashtra,Gold,11/22/2023
CUST00526,Priya Gupta,Mumbai,Maharashtra,Gold,12/17/2021
CUST00527,Neha Gupta,Chennai,Tamil Nadu,Regular,10/8/2021
CUST00528,Neha Sharma,Kolkata,West Bengal,Silver,5/1/2022
CUST00529,Rahul Sharma,Delhi,Delhi,Regular,3/13/2022
CUST00530,Rahul Sharma,Jaipur,Rajasthan,Gold,10/5/2021
CUST00531,Aarav Verma,Lucknow,Uttar Pradesh,Gold,8/23/2021
CUST00532,Riya Singh,Chandigarh,Chandigarh,Regular,1/22/2023
CUST00533,Rahul Sharma,Indore,Madhya Pradesh,Silver,9/9/2021
CUST00534,Rahul Singh,Chennai,Tamil Nadu,Gold,9/29/2023
CUST00535,Neha Singh,Delhi,Delhi,Regular,12/30/2022
CUST00536,Rahul Sharma,Pune,Maharashtra,Regular,5/12/2022
CUST00537,Rahul Verma,Hyderabad,Telangana,Gold,7/4/2023
CUST00538,Neha Gupta,Delhi,Delhi,Regular,2/12/2021
CUST00539,Aarav Sharma,Jaipur,Rajasthan,Silver,1/15/2022
CUST00540,Neha Singh,Bengaluru,Karnataka,Gold,2/19/2023
CUST00541,Ananya Singh,Kochi,Kerala,Gold,7/5/2022
CUST00542,Aarav Sharma,Jaipur,Rajasthan,Silver,11/6/2021
CUST00543,Neha Gupta,Jaipur,Rajasthan,Regular,3/14/2021
CUST00544,Ananya Gupta,Mumbai,Maharashtra,Silver,11/21/2021
CUST00545,Priya Gupta,Indore,Madhya Pradesh,Regular,11/25/2023
CUST00546,Rahul Singh,Mumbai,Maharashtra,Gold,3/20/2022
CUST00547,Ananya Sharma,Hyderabad,Telangana,Regular,12/14/2021
CUST00548,Rahul Gupta,Kochi,Kerala,Silver,3/27/2024
CUST00549,Priya Singh,Jaipur,Rajasthan,Silver,1/13/2021
CUST00550,Neha Gupta,Kolkata,West Bengal,Silver,4/10/2022
CUST00551,Ananya Gupta,Delhi,Delhi,Gold,4/3/2021
CUST00552,Ananya Verma,Noida,Uttar Pradesh,Silver,2/27/2023
CUST00553,Aarav Singh,Hyderabad,Telangana,Silver,3/11/2024
CUST00554,Neha Verma,Ahmedabad,Gujarat,Gold,3/11/2021
CUST00555,Neha Sharma,Chandigarh,Chandigarh,Regular,5/23/2023
CUST00556,Neha Sharma,Noida,Uttar Pradesh,Silver,7/31/2022
CUST00557,Ananya Verma,Patna,Bihar,Gold,5/28/2021
CUST00558,Rahul Singh,Hyderabad,Telangana,Gold,5/18/2022
CUST00559,Neha Gupta,Kolkata,West Bengal,Silver,5/4/2021
CUST00560,Rahul Singh,Indore,Madhya Pradesh,Silver,10/29/2023
CUST00561,Ananya Verma,Kolkata,West Bengal,Silver,11/5/2021
CUST00562,Ananya Sharma,Bengaluru,Karnataka,Gold,7/18/2023
CUST00563,Priya Gupta,Lucknow,Uttar Pradesh,Gold,9/12/2022
CUST00564,Ananya Sharma,Chandigarh,Chandigarh,Regular,9/10/2022
CUST00565,Rahul Singh,Indore,Madhya Pradesh,Gold,3/17/2024
CUST00566,Riya Singh,Pune,Maharashtra,Regular,1/25/2022
CUST00567,Aarav Verma,Ahmedabad,Gujarat,Silver,4/3/2024
CUST00568,Priya Singh,Kolkata,West Bengal,Gold,5/28/2023
CUST00569,Aarav Gupta,Indore,Madhya Pradesh,Silver,12/25/2021
CUST00570,Rahul Sharma,Hyderabad,Telangana,Regular,7/3/2022
CUST00571,Riya Sharma,Chennai,Tamil Nadu,Regular,4/8/2021
CUST00572,Priya Verma,Lucknow,Uttar Pradesh,Gold,8/2/2022
CUST00573,Neha Sharma,Kochi,Kerala,Regular,5/11/2022
CUST00574,Aarav Verma,Indore,Madhya Pradesh,Gold,4/10/2021
CUST00575,Aarav Singh,Mumbai,Maharashtra,Gold,10/7/2021
CUST00576,Ananya Singh,Delhi,Delhi,Gold,1/31/2021
CUST00577,Rahul Sharma,Noida,Uttar Pradesh,Regular,10/21/2022
CUST00578,Riya Sharma,Kolkata,West Bengal,Gold,9/23/2023
CUST00579,Neha Singh,Lucknow,Uttar Pradesh,Regular,4/28/2021
CUST00580,Priya Sharma,Kochi,Kerala,Regular,11/17/2022
CUST00581,Priya Gupta,Patna,Bihar,Silver,8/7/2023
CUST00582,Aarav Sharma,Kochi,Kerala,Silver,3/1/2024
CUST00583,Rahul Sharma,Noida,Uttar Pradesh,Silver,11/6/2022
CUST00584,Aarav Sharma,Bengaluru,Karnataka,Regular,3/8/2022
CUST00585,Neha Sharma,Bengaluru,Karnataka,Silver,1/11/2023
CUST00586,Rahul Verma,Lucknow,Uttar Pradesh,Gold,3/23/2024
CUST00587,Ananya Singh,Kolkata,West Bengal,Gold,9/6/2023
CUST00588,Aarav Singh,Patna,Bihar,Gold,1/31/2024
CUST00589,Priya Singh,Indore,Madhya Pradesh,Silver,12/8/2023
CUST00590,Rahul Verma,Pune,Maharashtra,Silver,1/19/2021
CUST00591,Priya Sharma,Pune,Maharashtra,Gold,1/13/2023
CUST00592,Riya Verma,Bengaluru,Karnataka,Silver,7/4/2021
CUST00593,Aarav Verma,Chandigarh,Chandigarh,Regular,5/4/2021
CUST00594,Neha Verma,Pune,Maharashtra,Gold,1/8/2022
CUST00595,Neha Singh,Hyderabad,Telangana,Gold,11/2/2021
CUST00596,Ananya Verma,Chandigarh,Chandigarh,Gold,3/1/2021
CUST00597,Riya Verma,Kolkata,West Bengal,Silver,10/19/2023
CUST00598,Riya Singh,Chennai,Tamil Nadu,Silver,8/1/2023
CUST00599,Rahul Sharma,Chennai,Tamil Nadu,Regular,2/1/2021
CUST00600,Riya Gupta,Mumbai,Maharashtra,Gold,12/20/2022
CUST00601,Ananya Gupta,Delhi,Delhi,Silver,2/9/2023
CUST00602,Riya Verma,Noida,Uttar Pradesh,Regular,5/31/2022
CUST00603,Rahul Gupta,Delhi,Delhi,Regular,4/19/2022
CUST00604,Ananya Singh,Kolkata,West Bengal,Silver,7/25/2022
CUST00605,Priya Verma,Hyderabad,Telangana,Gold,11/17/2021
CUST00606,Rahul Verma,Jaipur,Rajasthan,Silver,8/2/2022
CUST00607,Rahul Sharma,Mumbai,Maharashtra,Silver,5/27/2022
CUST00608,Rahul Gupta,Bengaluru,Karnataka,Regular,4/1/2024
CUST00609,Ananya Singh,Delhi,Delhi,Regular,6/19/2023
CUST00610,Priya Verma,Bengaluru,Karnataka,Silver,2/20/2021
CUST00611,Aarav Verma,Patna,Bihar,Regular,10/1/2021
CUST00612,Rahul Verma,Chandigarh,Chandigarh,Gold,12/22/2022
CUST00613,Ananya Gupta,Mumbai,Maharashtra,Gold,3/25/2023
CUST00614,Priya Singh,Mumbai,Maharashtra,Gold,3/24/2023
CUST00615,Rahul Sharma,Chandigarh,Chandigarh,Gold,4/26/2022
CUST00616,Riya Sharma,Chennai,Tamil Nadu,Regular,10/4/2021
CUST00617,Neha Verma,Pune,Maharashtra,Gold,6/1/2023
CUST00618,Aarav Sharma,Indore,Madhya Pradesh,Regular,10/11/2022
CUST00619,Aarav Sharma,Mumbai,Maharashtra,Silver,10/6/2021
CUST00620,Priya Sharma,Pune,Maharashtra,Regular,4/4/2022
CUST00621,Neha Verma,Noida,Uttar Pradesh,Gold,1/23/2024
CUST00622,Aarav Singh,Pune,Maharashtra,Silver,6/8/2021
CUST00623,Ananya Verma,Kolkata,West Bengal,Gold,5/29/2021
CUST00624,Riya Verma,Hyderabad,Telangana,Regular,6/26/2022
CUST00625,Aarav Sharma,Hyderabad,Telangana,Regular,11/8/2023
CUST00626,Priya Singh,Delhi,Delhi,Silver,1/22/2021
CUST00627,Riya Sharma,Kolkata,West Bengal,Gold,7/19/2023
CUST00628,Rahul Singh,Pune,Maharashtra,Gold,4/21/2023
CUST00629,Riya Singh,Kochi,Kerala,Silver,5/15/2023
CUST00630,Neha Gupta,Kolkata,West Bengal,Silver,11/6/2021
CUST00631,Priya Gupta,Lucknow,Uttar Pradesh,Regular,1/11/2021
CUST00632,Neha Singh,Chennai,Tamil Nadu,Gold,2/12/2023
CUST00633,Ananya Sharma,Chennai,Tamil Nadu,Regular,3/10/2021
CUST00634,Riya Sharma,Chandigarh,Chandigarh,Silver,2/18/2024
CUST00635,Riya Gupta,Kolkata,West Bengal,Gold,10/9/2022
CUST00636,Neha Sharma,Jaipur,Rajasthan,Silver,8/22/2023
CUST00637,Rahul Gupta,Pune,Maharashtra,Regular,2/15/2023
CUST00638,Riya Sharma,Kolkata,West Bengal,Silver,12/14/2023
CUST00639,Neha Singh,Hyderabad,Telangana,Regular,1/18/2024
CUST00640,Ananya Singh,Noida,Uttar Pradesh,Silver,8/28/2023
CUST00641,Riya Singh,Kochi,Kerala,Gold,9/4/2023
CUST00642,Ananya Verma,Ahmedabad,Gujarat,Regular,12/19/2023
CUST00643,Neha Verma,Kolkata,West Bengal,Gold,12/13/2021
CUST00644,Rahul Verma,Kochi,Kerala,Gold,12/19/2021
CUST00645,Riya Gupta,Bengaluru,Karnataka,Regular,3/30/2021
CUST00646,Priya Singh,Kolkata,West Bengal,Silver,9/9/2021
CUST00647,Ananya Singh,Lucknow,Uttar Pradesh,Silver,7/30/2021
CUST00648,Rahul Singh,Kolkata,West Bengal,Silver,6/30/2021
CUST00649,Priya Singh,Hyderabad,Telangana,Silver,8/17/2021
CUST00650,Riya Gupta,Jaipur,Rajasthan,Gold,12/24/2021
CUST00651,Neha Verma,Patna,Bihar,Regular,9/25/2021
CUST00652,Priya Verma,Kolkata,West Bengal,Gold,1/30/2023
CUST00653,Rahul Gupta,Pune,Maharashtra,Silver,2/6/2021
CUST00654,Ananya Sharma,Pune,Maharashtra,Gold,6/16/2022
CUST00655,Neha Verma,Delhi,Delhi,Silver,1/21/2024
CUST00656,Rahul Singh,Hyderabad,Telangana,Regular,6/28/2022
CUST00657,Priya Sharma,Kochi,Kerala,Gold,10/8/2023
CUST00658,Aarav Verma,Kochi,Kerala,Regular,5/17/2023
CUST00659,Rahul Singh,Patna,Bihar,Regular,6/26/2023
CUST00660,Rahul Sharma,Lucknow,Uttar Pradesh,Gold,8/28/2022
CUST00661,Priya Singh,Lucknow,Uttar Pradesh,Silver,5/4/2022
CUST00662,Neha Verma,Lucknow,Uttar Pradesh,Gold,1/28/2022
CUST00663,Riya Singh,Kochi,Kerala,Regular,2/21/2022
CUST00664,Aarav Sharma,Kolkata,West Bengal,Silver,2/17/2023
CUST00665,Neha Gupta,Lucknow,Uttar Pradesh,Silver,2/22/2021
CUST00666,Neha Gupta,Mumbai,Maharashtra,Silver,6/13/2023
CUST00667,Priya Verma,Lucknow,Uttar Pradesh,Regular,6/20/2023
CUST00668,Priya Verma,Lucknow,Uttar Pradesh,Gold,1/20/2021
CUST00669,Ananya Verma,Noida,Uttar Pradesh,Silver,1/15/2024
CUST00670,Riya Singh,Delhi,Delhi,Gold,11/8/2022
CUST00671,Priya Gupta,Patna,Bihar,Regular,7/4/2021
CUST00672,Aarav Sharma,Chennai,Tamil Nadu,Regular,10/15/2023
CUST00673,Ananya Gupta,Mumbai,Maharashtra,Regular,2/14/2022
CUST00674,Rahul Gupta,Indore,Madhya Pradesh,Regular,2/2/2024
CUST00675,Riya Gupta,Indore,Madhya Pradesh,Gold,10/15/2021
CUST00676,Aarav Verma,Lucknow,Uttar Pradesh,Silver,11/16/2022
CUST00677,Neha Sharma,Chennai,Tamil Nadu,Regular,1/9/2024
CUST00678,Neha Singh,Hyderabad,Telangana,Regular,10/4/2022
CUST00679,Rahul Singh,Lucknow,Uttar Pradesh,Gold,3/20/2023
CUST00680,Priya Sharma,Pune,Maharashtra,Silver,9/16/2022
CUST00681,Priya Gupta,Chennai,Tamil Nadu,Gold,6/11/2022
CUST00682,Ananya Verma,Hyderabad,Telangana,Regular,3/1/2022
CUST00683,Riya Singh,Pune,Maharashtra,Silver,9/29/2023
CUST00684,Neha Verma,Indore,Madhya Pradesh,Silver,12/1/2022
CUST00685,Priya Sharma,Chennai,Tamil Nadu,Gold,10/6/2022
CUST00686,Neha Sharma,Delhi,Delhi,Silver,3/2/2024
CUST00687,Rahul Sharma,Kochi,Kerala,Silver,3/26/2022
CUST00688,Priya Singh,Patna,Bihar,Regular,3/5/2022
CUST00689,Neha Gupta,Patna,Bihar,Silver,7/1/2023
CUST00690,Ananya Sharma,Chennai,Tamil Nadu,Regular,6/8/2023
CUST00691,Riya Sharma,Kochi,Kerala,Regular,10/8/2021
CUST00692,Aarav Gupta,Kochi,Kerala,Regular,1/30/2021
CUST00693,Riya Verma,Chandigarh,Chandigarh,Silver,3/29/2022
CUST00694,Riya Singh,Noida,Uttar Pradesh,Regular,12/31/2023
CUST00695,Ananya Verma,Kochi,Kerala,Gold,2/28/2022
CUST00696,Aarav Gupta,Pune,Maharashtra,Regular,2/17/2022
CUST00697,Aarav Sharma,Patna,Bihar,Silver,4/4/2022
CUST00698,Rahul Gupta,Noida,Uttar Pradesh,Gold,5/20/2023
CUST00699,Aarav Verma,Bengaluru,Karnataka,Regular,11/24/2021
CUST00700,Priya Singh,Kochi,Kerala,Regular,4/7/2024
CUST00701,Rahul Verma,Patna,Bihar,Silver,6/13/2022
CUST00702,Neha Verma,Kolkata,West Bengal,Regular,4/18/2022
CUST00703,Aarav Singh,Lucknow,Uttar Pradesh,Silver,11/16/2021
CUST00704,Rahul Verma,Noida,Uttar Pradesh,Gold,1/23/2024
CUST00705,Aarav Verma,Indore,Madhya Pradesh,Silver,11/1/2021
CUST00706,Ananya Gupta,Indore,Madhya Pradesh,Silver,4/3/2023
CUST00707,Aarav Singh,Mumbai,Maharashtra,Regular,3/8/2022
CUST00708,Neha Sharma,Noida,Uttar Pradesh,Silver,10/1/2023
CUST00709,Aarav Gupta,Kolkata,West Bengal,Regular,2/15/2022
CUST00710,Rahul Singh,Jaipur,Rajasthan,Gold,4/10/2024
CUST00711,Aarav Verma,Pune,Maharashtra,Regular,8/22/2023
CUST00712,Ananya Singh,Hyderabad,Telangana,Regular,4/3/2024
CUST00713,Aarav Sharma,Ahmedabad,Gujarat,Silver,2/3/2022
CUST00714,Riya Singh,Bengaluru,Karnataka,Regular,12/19/2021
CUST00715,Rahul Gupta,Kolkata,West Bengal,Silver,5/22/2022
CUST00716,Riya Singh,Kolkata,West Bengal,Regular,8/13/2021
CUST00717,Rahul Sharma,Patna,Bihar,Gold,2/20/2024
CUST00718,Aarav Sharma,Jaipur,Rajasthan,Regular,3/17/2023
CUST00719,Aarav Sharma,Jaipur,Rajasthan,Regular,11/18/2023
CUST00720,Aarav Gupta,Ahmedabad,Gujarat,Gold,9/28/2021
CUST00721,Neha Singh,Lucknow,Uttar Pradesh,Regular,2/7/2023
CUST00722,Riya Verma,Indore,Madhya Pradesh,Silver,12/14/2021
CUST00723,Aarav Singh,Noida,Uttar Pradesh,Regular,9/11/2023
CUST00724,Ananya Singh,Hyderabad,Telangana,Regular,8/7/2021
CUST00725,Ananya Sharma,Chandigarh,Chandigarh,Regular,10/14/2023
CUST00726,Neha Sharma,Hyderabad,Telangana,Silver,8/17/2023
CUST00727,Ananya Sharma,Chennai,Tamil Nadu,Gold,6/9/2022
CUST00728,Ananya Singh,Kolkata,West Bengal,Silver,2/12/2024
CUST00729,Ananya Verma,Chennai,Tamil Nadu,Gold,1/1/2024
CUST00730,Ananya Sharma,Pune,Maharashtra,Regular,8/5/2021
CUST00731,Priya Verma,Delhi,Delhi,Gold,4/15/2022
CUST00732,Ananya Verma,Mumbai,Maharashtra,Silver,3/5/2021
CUST00733,Priya Sharma,Lucknow,Uttar Pradesh,Silver,3/12/2024
CUST00734,Aarav Sharma,Chandigarh,Chandigarh,Gold,3/30/2024
CUST00735,Ananya Verma,Chennai,Tamil Nadu,Gold,11/17/2023
CUST00736,Aarav Verma,Indore,Madhya Pradesh,Regular,11/22/2022
CUST00737,Aarav Verma,Mumbai,Maharashtra,Gold,12/24/2021
CUST00738,Rahul Singh,Kochi,Kerala,Regular,8/4/2023
CUST00739,Ananya Sharma,Ahmedabad,Gujarat,Silver,4/24/2023
CUST00740,Priya Sharma,Patna,Bihar,Regular,5/17/2022
CUST00741,Riya Verma,Bengaluru,Karnataka,Regular,12/7/2022
CUST00742,Ananya Verma,Patna,Bihar,Regular,3/26/2022
CUST00743,Rahul Sharma,Noida,Uttar Pradesh,Regular,9/10/2023
CUST00744,Priya Singh,Delhi,Delhi,Regular,5/9/2021
CUST00745,Riya Sharma,Chennai,Tamil Nadu,Silver,4/23/2023
CUST00746,Riya Singh,Mumbai,Maharashtra,Gold,11/29/2021
CUST00747,Priya Gupta,Patna,Bihar,Regular,6/16/2022
CUST00748,Riya Singh,Kochi,Kerala,Regular,8/13/2023
CUST00749,Riya Verma,Kochi,Kerala,Silver,3/2/2023
CUST00750,Riya Singh,Kochi,Kerala,Gold,12/25/2023
CUST00751,Riya Sharma,Noida,Uttar Pradesh,Regular,6/1/2022
CUST00752,Ananya Verma,Patna,Bihar,Regular,7/27/2023
CUST00753,Ananya Gupta,Pune,Maharashtra,Gold,4/13/2021
CUST00754,Riya Gupta,Lucknow,Uttar Pradesh,Gold,12/3/2022
CUST00755,Priya Gupta,Kochi,Kerala,Regular,4/13/2022
CUST00756,Riya Singh,Noida,Uttar Pradesh,Gold,5/24/2023
CUST00757,Rahul Sharma,Patna,Bihar,Silver,9/29/2023
CUST00758,Aarav Sharma,Ahmedabad,Gujarat,Silver,5/8/2023
CUST00759,Neha Singh,Lucknow,Uttar Pradesh,Silver,10/26/2021
CUST00760,Neha Verma,Kolkata,West Bengal,Regular,12/26/2022
CUST00761,Priya Sharma,Lucknow,Uttar Pradesh,Silver,11/19/2022
CUST00762,Rahul Verma,Mumbai,Maharashtra,Gold,6/25/2023
CUST00763,Riya Verma,Lucknow,Uttar Pradesh,Regular,3/20/2022
CUST00764,Riya Sharma,Noida,Uttar Pradesh,Silver,1/13/2022
CUST00765,Rahul Singh,Lucknow,Uttar Pradesh,Regular,1/13/2023
CUST00766,Ananya Singh,Bengaluru,Karnataka,Gold,3/19/2023
CUST00767,Priya Singh,Hyderabad,Telangana,Gold,1/23/2022
CUST00768,Ananya Gupta,Kochi,Kerala,Gold,1/19/2021
CUST00769,Ananya Sharma,Delhi,Delhi,Regular,7/20/2023
CUST00770,Riya Singh,Ahmedabad,Gujarat,Gold,12/23/2022
CUST00771,Aarav Gupta,Noida,Uttar Pradesh,Regular,6/3/2022
CUST00772,Priya Sharma,Noida,Uttar Pradesh,Gold,11/10/2022
CUST00773,Rahul Singh,Jaipur,Rajasthan,Silver,9/18/2022
CUST00774,Riya Gupta,Noida,Uttar Pradesh,Gold,5/3/2021
CUST00775,Riya Gupta,Chandigarh,Chandigarh,Silver,1/15/2023
CUST00776,Aarav Sharma,Indore,Madhya Pradesh,Gold,9/1/2021
CUST00777,Priya Gupta,Pune,Maharashtra,Silver,11/16/2023
CUST00778,Ananya Gupta,Chandigarh,Chandigarh,Regular,10/29/2022
CUST00779,Ananya Sharma,Jaipur,Rajasthan,Silver,10/23/2021
CUST00780,Neha Sharma,Chennai,Tamil Nadu,Silver,12/22/2021
CUST00781,Neha Singh,Indore,Madhya Pradesh,Gold,5/11/2022
CUST00782,Neha Sharma,Hyderabad,Telangana,Silver,1/28/2024
CUST00783,Riya Sharma,Lucknow,Uttar Pradesh,Gold,2/19/2023
CUST00784,Riya Singh,Jaipur,Rajasthan,Gold,7/23/2022
CUST00785,Ananya Gupta,Kolkata,West Bengal,Regular,12/27/2023
CUST00786,Ananya Verma,Kolkata,West Bengal,Gold,5/7/2021
CUST00787,Rahul Verma,Bengaluru,Karnataka,Gold,10/1/2022
CUST00788,Aarav Singh,Chandigarh,Chandigarh,Silver,1/8/2023
CUST00789,Ananya Singh,Indore,Madhya Pradesh,Silver,8/31/2023
CUST00790,Neha Singh,Chennai,Tamil Nadu,Silver,4/6/2023
CUST00791,Riya Singh,Mumbai,Maharashtra,Silver,3/18/2023
CUST00792,Priya Gupta,Kolkata,West Bengal,Silver,8/19/2021
CUST00793,Neha Gupta,Chennai,Tamil Nadu,Gold,4/17/2023
CUST00794,Ananya Singh,Noida,Uttar Pradesh,Regular,11/8/2021
CUST00795,Neha Gupta,Hyderabad,Telangana,Gold,2/19/2024
CUST00796,Riya Gupta,Kochi,Kerala,Regular,7/18/2022
CUST00797,Rahul Gupta,Lucknow,Uttar Pradesh,Gold,8/14/2022
CUST00798,Riya Sharma,Kochi,Kerala,Silver,7/10/2023
CUST00799,Aarav Sharma,Patna,Bihar,Gold,3/6/2024
CUST00800,Rahul Singh,Hyderabad,Telangana,Silver,5/14/2022
CUST00801,Aarav Sharma,Chandigarh,Chandigarh,Gold,4/26/2023
CUST00802,Riya Sharma,Kochi,Kerala,Silver,12/6/2021
CUST00803,Ananya Sharma,Noida,Uttar Pradesh,Silver,3/19/2023
CUST00804,Riya Singh,Kochi,Kerala,Silver,3/15/2023
CUST00805,Rahul Singh,Jaipur,Rajasthan,Regular,10/21/2021
CUST00806,Riya Gupta,Pune,Maharashtra,Gold,8/15/2022
CUST00807,Ananya Singh,Bengaluru,Karnataka,Gold,5/16/2021
CUST00808,Priya Sharma,Chandigarh,Chandigarh,Gold,1/7/2021
CUST00809,Neha Verma,Kochi,Kerala,Gold,6/5/2023
CUST00810,Ananya Singh,Lucknow,Uttar Pradesh,Gold,9/29/2021
CUST00811,Ananya Verma,Bengaluru,Karnataka,Gold,9/13/2021
CUST00812,Rahul Sharma,Chandigarh,Chandigarh,Gold,2/20/2023
CUST00813,Rahul Verma,Chandigarh,Chandigarh,Gold,2/27/2023
CUST00814,Rahul Sharma,Ahmedabad,Gujarat,Gold,11/9/2023
CUST00815,Neha Verma,Hyderabad,Telangana,Regular,9/26/2022
CUST00816,Rahul Sharma,Mumbai,Maharashtra,Silver,2/17/2021
CUST00817,Neha Sharma,Indore,Madhya Pradesh,Regular,10/28/2022
CUST00818,Aarav Gupta,Chennai,Tamil Nadu,Gold,10/12/2021
CUST00819,Rahul Sharma,Jaipur,Rajasthan,Silver,2/11/2024
CUST00820,Aarav Sharma,Ahmedabad,Gujarat,Gold,8/16/2023
CUST00821,Priya Verma,Mumbai,Maharashtra,Silver,11/28/2022
CUST00822,Neha Verma,Kolkata,West Bengal,Regular,2/14/2024
CUST00823,Ananya Singh,Patna,Bihar,Gold,1/5/2024
CUST00824,Aarav Verma,Indore,Madhya Pradesh,Regular,2/28/2021
CUST00825,Neha Singh,Patna,Bihar,Silver,2/6/2023
CUST00826,Riya Singh,Mumbai,Maharashtra,Gold,7/3/2021
CUST00827,Aarav Gupta,Ahmedabad,Gujarat,Silver,11/15/2023
CUST00828,Priya Verma,Ahmedabad,Gujarat,Gold,4/23/2021
CUST00829,Rahul Singh,Patna,Bihar,Gold,5/31/2022
CUST00830,Riya Gupta,Mumbai,Maharashtra,Gold,10/1/2021
CUST00831,Priya Gupta,Lucknow,Uttar Pradesh,Regular,12/1/2022
CUST00832,Ananya Sharma,Ahmedabad,Gujarat,Silver,12/6/2021
CUST00833,Ananya Sharma,Hyderabad,Telangana,Gold,11/24/2023
CUST00834,Priya Verma,Delhi,Delhi,Gold,2/7/2022
CUST00835,Rahul Verma,Patna,Bihar,Gold,8/30/2022
CUST00836,Aarav Sharma,Indore,Madhya Pradesh,Regular,12/26/2022
CUST00837,Priya Sharma,Chennai,Tamil Nadu,Gold,1/7/2024
CUST00838,Neha Singh,Hyderabad,Telangana,Gold,12/2/2021
CUST00839,Riya Singh,Ahmedabad,Gujarat,Silver,9/19/2022
CUST00840,Aarav Verma,Mumbai,Maharashtra,Gold,12/29/2022
CUST00841,Aarav Gupta,Lucknow,Uttar Pradesh,Regular,12/4/2022
CUST00842,Ananya Singh,Mumbai,Maharashtra,Silver,9/23/2023
CUST00843,Rahul Singh,Mumbai,Maharashtra,Silver,9/20/2021
CUST00844,Aarav Singh,Kochi,Kerala,Gold,3/8/2023
CUST00845,Rahul Singh,Chennai,Tamil Nadu,Gold,2/13/2021
CUST00846,Ananya Singh,Chandigarh,Chandigarh,Gold,6/14/2023
CUST00847,Riya Gupta,Patna,Bihar,Regular,6/14/2023
CUST00848,Ananya Sharma,Bengaluru,Karnataka,Regular,3/15/2022
CUST00849,Neha Gupta,Indore,Madhya Pradesh,Regular,1/19/2021
CUST00850,Aarav Gupta,Kochi,Kerala,Regular,2/22/2022
CUST00851,Neha Sharma,Chandigarh,Chandigarh,Silver,11/25/2022
CUST00852,Neha Gupta,Ahmedabad,Gujarat,Silver,2/26/2022
CUST00853,Ananya Verma,Delhi,Delhi,Silver,2/23/2023
CUST00854,Aarav Sharma,Chandigarh,Chandigarh,Gold,9/16/2021
CUST00855,Priya Gupta,Chennai,Tamil Nadu,Gold,4/14/2024
CUST00856,Riya Gupta,Chandigarh,Chandigarh,Regular,3/13/2024
CUST00857,Riya Sharma,Indore,Madhya Pradesh,Silver,12/13/2021
CUST00858,Riya Verma,Lucknow,Uttar Pradesh,Gold,8/20/2023
CUST00859,Priya Verma,Indore,Madhya Pradesh,Regular,10/17/2023
CUST00860,Priya Sharma,Ahmedabad,Gujarat,Gold,5/4/2022
CUST00861,Ananya Sharma,Patna,Bihar,Silver,3/5/2024
CUST00862,Riya Verma,Patna,Bihar,Gold,3/20/2021
CUST00863,Aarav Verma,Chennai,Tamil Nadu,Regular,3/19/2021
CUST00864,Aarav Gupta,Jaipur,Rajasthan,Regular,3/26/2022
CUST00865,Riya Sharma,Patna,Bihar,Gold,3/29/2024
CUST00866,Priya Singh,Chandigarh,Chandigarh,Regular,11/11/2021
CUST00867,Aarav Gupta,Jaipur,Rajasthan,Regular,7/17/2021
CUST00868,Ananya Verma,Bengaluru,Karnataka,Gold,11/15/2023
CUST00869,Aarav Gupta,Kolkata,West Bengal,Regular,5/28/2021
CUST00870,Aarav Sharma,Kochi,Kerala,Gold,2/25/2024
CUST00871,Neha Sharma,Ahmedabad,Gujarat,Gold,4/22/2021
CUST00872,Neha Singh,Noida,Uttar Pradesh,Silver,3/24/2023
CUST00873,Aarav Verma,Noida,Uttar Pradesh,Regular,1/19/2022
CUST00874,Neha Gupta,Kochi,Kerala,Regular,9/8/2021
CUST00875,Riya Verma,Indore,Madhya Pradesh,Gold,5/29/2023
CUST00876,Neha Sharma,Mumbai,Maharashtra,Gold,12/1/2023
CUST00877,Riya Sharma,Kolkata,West Bengal,Regular,5/5/2022
CUST00878,Aarav Sharma,Kochi,Kerala,Silver,7/16/2022
CUST00879,Rahul Singh,Hyderabad,Telangana,Regular,10/9/2023
CUST00880,Neha Singh,Ahmedabad,Gujarat,Regular,1/15/2021
CUST00881,Aarav Sharma,Mumbai,Maharashtra,Regular,3/15/2022
CUST00882,Priya Gupta,Pune,Maharashtra,Silver,3/22/2024
CUST00883,Ananya Sharma,Noida,Uttar Pradesh,Regular,5/1/2021
CUST00884,Riya Sharma,Indore,Madhya Pradesh,Gold,10/4/2021
CUST00885,Priya Sharma,Kochi,Kerala,Regular,8/24/2022
CUST00886,Rahul Verma,Jaipur,Rajasthan,Silver,9/8/2022
CUST00887,Rahul Sharma,Kochi,Kerala,Silver,2/22/2023
CUST00888,Ananya Gupta,Mumbai,Maharashtra,Regular,8/28/2023
CUST00889,Neha Singh,Patna,Bihar,Silver,5/27/2022
CUST00890,Priya Sharma,Delhi,Delhi,Silver,4/18/2022
CUST00891,Rahul Singh,Pune,Maharashtra,Regular,5/5/2022
CUST00892,Rahul Sharma,Chandigarh,Chandigarh,Gold,11/27/2021
CUST00893,Aarav Singh,Mumbai,Maharashtra,Silver,11/22/2022
CUST00894,Aarav Sharma,Kolkata,West Bengal,Silver,11/26/2021
CUST00895,Neha Sharma,Chennai,Tamil Nadu,Gold,1/8/2024
CUST00896,Priya Sharma,Chennai,Tamil Nadu,Gold,3/11/2022
CUST00897,Rahul Sharma,Chennai,Tamil Nadu,Gold,6/17/2022
CUST00898,Riya Sharma,Lucknow,Uttar Pradesh,Regular,6/17/2023
CUST00899,Riya Verma,Ahmedabad,Gujarat,Gold,8/6/2022
CUST00900,Priya Verma,Patna,Bihar,Silver,6/11/2022
CUST00901,Aarav Verma,Delhi,Delhi,Gold,6/16/2022
CUST00902,Riya Verma,Ahmedabad,Gujarat,Gold,5/23/2021
CUST00903,Aarav Gupta,Ahmedabad,Gujarat,Silver,6/9/2021
CUST00904,Riya Sharma,Mumbai,Maharashtra,Gold,1/30/2021
CUST00905,Rahul Sharma,Mumbai,Maharashtra,Regular,2/16/2024
CUST00906,Riya Gupta,Mumbai,Maharashtra,Gold,11/12/2023
CUST00907,Rahul Gupta,Indore,Madhya Pradesh,Regular,7/24/2021
CUST00908,Rahul Gupta,Hyderabad,Telangana,Silver,12/21/2021
CUST00909,Riya Sharma,Jaipur,Rajasthan,Silver,12/3/2022
CUST00910,Ananya Sharma,Kolkata,West Bengal,Silver,4/9/2022
CUST00911,Ananya Singh,Mumbai,Maharashtra,Gold,11/19/2022
CUST00912,Neha Sharma,Hyderabad,Telangana,Regular,5/29/2021
CUST00913,Aarav Verma,Chandigarh,Chandigarh,Gold,10/1/2022
CUST00914,Rahul Verma,Noida,Uttar Pradesh,Regular,10/22/2021
CUST00915,Aarav Sharma,Jaipur,Rajasthan,Silver,6/5/2022
CUST00916,Aarav Verma,Noida,Uttar Pradesh,Regular,5/13/2021
CUST00917,Aarav Singh,Hyderabad,Telangana,Regular,12/29/2022
CUST00918,Neha Verma,Kolkata,West Bengal,Regular,1/27/2023
CUST00919,Riya Singh,Patna,Bihar,Silver,1/21/2023
CUST00920,Neha Sharma,Bengaluru,Karnataka,Regular,12/6/2021
CUST00921,Priya Sharma,Hyderabad,Telangana,Regular,2/2/2022
CUST00922,Ananya Gupta,Chandigarh,Chandigarh,Silver,5/9/2022
CUST00923,Priya Singh,Noida,Uttar Pradesh,Regular,4/14/2021
CUST00924,Riya Gupta,Mumbai,Maharashtra,Silver,4/26/2022
CUST00925,Aarav Gupta,Hyderabad,Telangana,Silver,9/26/2023
CUST00926,Aarav Gupta,Mumbai,Maharashtra,Gold,10/5/2023
CUST00927,Priya Sharma,Mumbai,Maharashtra,Silver,9/10/2023
CUST00928,Ananya Verma,Chandigarh,Chandigarh,Silver,6/21/2023
CUST00929,Aarav Verma,Delhi,Delhi,Regular,6/29/2022
CUST00930,Priya Gupta,Kolkata,West Bengal,Regular,11/25/2022
CUST00931,Aarav Sharma,Pune,Maharashtra,Gold,4/1/2022
CUST00932,Riya Verma,Jaipur,Rajasthan,Gold,2/10/2023
CUST00933,Aarav Gupta,Mumbai,Maharashtra,Gold,4/25/2021
CUST00934,Neha Verma,Chennai,Tamil Nadu,Gold,10/10/2022
CUST00935,Aarav Sharma,Chennai,Tamil Nadu,Silver,6/28/2022
CUST00936,Priya Verma,Jaipur,Rajasthan,Regular,7/17/2023
CUST00937,Rahul Sharma,Noida,Uttar Pradesh,Regular,7/29/2022
CUST00938,Rahul Sharma,Noida,Uttar Pradesh,Regular,8/31/2023
CUST00939,Rahul Verma,Jaipur,Rajasthan,Gold,1/23/2021
CUST00940,Riya Sharma,Noida,Uttar Pradesh,Gold,8/22/2023
CUST00941,Riya Sharma,Noida,Uttar Pradesh,Gold,4/25/2022
CUST00942,Priya Verma,Patna,Bihar,Gold,1/17/2023
CUST00943,Priya Singh,Bengaluru,Karnataka,Gold,3/27/2021
CUST00944,Rahul Verma,Kochi,Kerala,Gold,4/10/2022
CUST00945,Neha Gupta,Delhi,Delhi,Gold,6/17/2021
CUST00946,Ananya Sharma,Jaipur,Rajasthan,Silver,6/19/2023
CUST00947,Ananya Singh,Bengaluru,Karnataka,Gold,10/6/2022
CUST00948,Ananya Sharma,Ahmedabad,Gujarat,Silver,2/21/2021
CUST00949,Ananya Sharma,Noida,Uttar Pradesh,Silver,9/19/2023
CUST00950,Aarav Gupta,Chennai,Tamil Nadu,Silver,11/14/2023
CUST00951,Riya Gupta,Kochi,Kerala,Gold,3/11/2022
CUST00952,Ananya Verma,Ahmedabad,Gujarat,Silver,2/18/2022
CUST00953,Priya Singh,Hyderabad,Telangana,Regular,10/22/2022
CUST00954,Priya Verma,Delhi,Delhi,Silver,4/26/2023
CUST00955,Riya Sharma,Noida,Uttar Pradesh,Gold,2/5/2023
CUST00956,Ananya Verma,Patna,Bihar,Regular,11/14/2021
CUST00957,Rahul Gupta,Ahmedabad,Gujarat,Silver,2/25/2024
CUST00958,Riya Gupta,Pune,Maharashtra,Regular,6/19/2022
CUST00959,Neha Sharma,Chennai,Tamil Nadu,Silver,5/3/2023
CUST00960,Ananya Verma,Bengaluru,Karnataka,Gold,10/20/2022
CUST00961,Aarav Verma,Chandigarh,Chandigarh,Regular,5/16/2023
CUST00962,Aarav Gupta,Bengaluru,Karnataka,Silver,6/3/2022
CUST00963,Neha Verma,Chandigarh,Chandigarh,Regular,7/5/2022
CUST00964,Priya Sharma,Indore,Madhya Pradesh,Regular,6/12/2023
CUST00965,Aarav Sharma,Chandigarh,Chandigarh,Silver,5/25/2021
CUST00966,Ananya Verma,Hyderabad,Telangana,Silver,5/31/2021
CUST00967,Priya Singh,Pune,Maharashtra,Gold,11/17/2023
CUST00968,Aarav Gupta,Ahmedabad,Gujarat,Regular,10/21/2023
CUST00969,Neha Singh,Noida,Uttar Pradesh,Gold,2/18/2024
CUST00970,Priya Sharma,Chennai,Tamil Nadu,Gold,6/3/2022
CUST00971,Priya Verma,Ahmedabad,Gujarat,Gold,6/8/2022
CUST00972,Ananya Gupta,Noida,Uttar Pradesh,Silver,12/9/2023
CUST00973,Riya Sharma,Hyderabad,Telangana,Gold,4/27/2021
CUST00974,Riya Gupta,Ahmedabad,Gujarat,Regular,11/3/2022
CUST00975,Aarav Gupta,Patna,Bihar,Silver,11/28/2022
CUST00976,Riya Verma,Noida,Uttar Pradesh,Silver,10/27/2022
CUST00977,Ananya Gupta,Patna,Bihar,Regular,3/1/2022
CUST00978,Priya Gupta,Pune,Maharashtra,Regular,4/22/2022
CUST00979,Riya Singh,Kolkata,West Bengal,Silver,10/10/2023
CUST00980,Rahul Verma,Patna,Bihar,Regular,3/17/2022
CUST00981,Rahul Sharma,Chandigarh,Chandigarh,Regular,11/11/2023
CUST00982,Priya Gupta,Bengaluru,Karnataka,Gold,6/9/2021
CUST00983,Neha Gupta,Jaipur,Rajasthan,Silver,3/27/2024
CUST00984,Rahul Singh,Pune,Maharashtra,Gold,6/15/2023
CUST00985,Ananya Gupta,Kolkata,West Bengal,Gold,2/6/2021
CUST00986,Riya Verma,Noida,Uttar Pradesh,Silver,1/28/2023
CUST00987,Riya Singh,Mumbai,Maharashtra,Gold,2/22/2022
CUST00988,Ananya Verma,Noida,Uttar Pradesh,Silver,9/9/2022
CUST00989,Rahul Verma,Noida,Uttar Pradesh,Regular,7/21/2023
CUST00990,Riya Sharma,Kochi,Kerala,Regular,1/31/2021
CUST00991,Neha Gupta,Ahmedabad,Gujarat,Gold,2/23/2024
CUST00992,Aarav Sharma,Hyderabad,Telangana,Regular,12/21/2021
CUST00993,Riya Verma,Mumbai,Maharashtra,Regular,12/22/2021
CUST00994,Ananya Singh,Chennai,Tamil Nadu,Gold,4/30/2022
CUST00995,Aarav Sharma,Delhi,Delhi,Regular,7/1/2021
CUST00996,Ananya Gupta,Chennai,Tamil Nadu,Silver,5/31/2021
CUST00997,Rahul Singh,Pune,Maharashtra,Silver,5/5/2023
CUST00998,Priya Singh,Indore,Madhya Pradesh,Silver,4/23/2021
CUST00999,Aarav Singh,Chandigarh,Chandigarh,Regular,6/28/2022
CUST01000,Aarav Sharma,Mumbai,Maharashtra,Gold,6/23/2022
CUST01001,Riya Singh,Bengaluru,Karnataka,Silver,10/25/2023
CUST01002,Ananya Verma,Jaipur,Rajasthan,Gold,2/22/2024
CUST01003,Aarav Verma,Patna,Bihar,Gold,5/16/2023
CUST01004,Rahul Sharma,Lucknow,Uttar Pradesh,Regular,9/30/2022
CUST01005,Aarav Gupta,Patna,Bihar,Regular,5/15/2021
CUST01006,Ananya Verma,Ahmedabad,Gujarat,Gold,7/16/2023
CUST01007,Priya Verma,Patna,Bihar,Gold,7/11/2021
CUST01008,Riya Gupta,Kochi,Kerala,Gold,6/11/2023
CUST01009,Aarav Verma,Bengaluru,Karnataka,Gold,3/18/2022
CUST01010,Riya Gupta,Mumbai,Maharashtra,Regular,6/14/2022
CUST01011,Priya Singh,Pune,Maharashtra,Gold,4/27/2021
CUST01012,Ananya Sharma,Delhi,Delhi,Regular,11/17/2023
CUST01013,Ananya Gupta,Hyderabad,Telangana,Gold,1/29/2022
CUST01014,Ananya Verma,Chandigarh,Chandigarh,Silver,6/19/2022
CUST01015,Ananya Sharma,Bengaluru,Karnataka,Regular,8/7/2023
CUST01016,Rahul Singh,Patna,Bihar,Silver,10/9/2022
CUST01017,Riya Singh,Pune,Maharashtra,Regular,10/9/2022
CUST01018,Rahul Sharma,Mumbai,Maharashtra,Silver,11/19/2023
CUST01019,Ananya Verma,Chennai,Tamil Nadu,Gold,5/18/2022
CUST01020,Aarav Verma,Jaipur,Rajasthan,Silver,9/2/2021
CUST01021,Neha Singh,Patna,Bihar,Gold,9/3/2023
CUST01022,Rahul Sharma,Pune,Maharashtra,Regular,5/24/2021
CUST01023,Priya Gupta,Ahmedabad,Gujarat,Silver,5/17/2021
CUST01024,Riya Verma,Hyderabad,Telangana,Silver,10/14/2022
CUST01025,Priya Gupta,Kochi,Kerala,Gold,2/1/2023
CUST01026,Priya Singh,Pune,Maharashtra,Gold,4/15/2021
CUST01027,Priya Sharma,Mumbai,Maharashtra,Gold,7/25/2022
CUST01028,Aarav Verma,Bengaluru,Karnataka,Regular,8/13/2023
CUST01029,Neha Sharma,Noida,Uttar Pradesh,Silver,5/21/2021
CUST01030,Riya Singh,Kochi,Kerala,Silver,12/1/2023
CUST01031,Ananya Gupta,Mumbai,Maharashtra,Gold,7/12/2021
CUST01032,Riya Sharma,Indore,Madhya Pradesh,Regular,8/13/2022
CUST01033,Riya Verma,Chandigarh,Chandigarh,Gold,8/7/2021
CUST01034,Aarav Singh,Indore,Madhya Pradesh,Regular,12/26/2023
CUST01035,Priya Verma,Ahmedabad,Gujarat,Regular,12/22/2021
CUST01036,Priya Singh,Lucknow,Uttar Pradesh,Silver,9/10/2021
CUST01037,Ananya Gupta,Chandigarh,Chandigarh,Gold,8/28/2021
CUST01038,Rahul Gupta,Mumbai,Maharashtra,Silver,4/9/2022
CUST01039,Neha Singh,Bengaluru,Karnataka,Silver,3/17/2023
CUST01040,Ananya Verma,Indore,Madhya Pradesh,Gold,2/1/2022
CUST01041,Priya Sharma,Chandigarh,Chandigarh,Gold,11/25/2022
CUST01042,Ananya Sharma,Patna,Bihar,Silver,11/17/2023
CUST01043,Riya Verma,Jaipur,Rajasthan,Gold,10/20/2022
CUST01044,Ananya Singh,Kolkata,West Bengal,Gold,1/20/2022
CUST01045,Priya Sharma,Noida,Uttar Pradesh,Regular,4/20/2022
CUST01046,Rahul Sharma,Ahmedabad,Gujarat,Silver,3/22/2021
CUST01047,Aarav Singh,Chandigarh,Chandigarh,Regular,10/13/2022
CUST01048,Rahul Singh,Kochi,Kerala,Silver,2/7/2023
CUST01049,Rahul Gupta,Ahmedabad,Gujarat,Silver,8/5/2022
CUST01050,Ananya Sharma,Mumbai,Maharashtra,Gold,4/21/2023
CUST01051,Riya Verma,Patna,Bihar,Gold,4/17/2021
CUST01052,Riya Verma,Chandigarh,Chandigarh,Regular,9/21/2022
CUST01053,Neha Singh,Hyderabad,Telangana,Silver,6/14/2023
CUST01054,Rahul Verma,Kochi,Kerala,Regular,1/10/2024
CUST01055,Rahul Sharma,Indore,Madhya Pradesh,Silver,12/20/2021
CUST01056,Rahul Verma,Kochi,Kerala,Gold,1/17/2024
CUST01057,Aarav Gupta,Noida,Uttar Pradesh,Silver,8/22/2023
CUST01058,Priya Verma,Patna,Bihar,Gold,11/29/2022
CUST01059,Ananya Sharma,Kolkata,West Bengal,Regular,8/31/2021
CUST01060,Aarav Sharma,Kolkata,West Bengal,Regular,1/28/2023
CUST01061,Neha Sharma,Mumbai,Maharashtra,Silver,4/18/2021
CUST01062,Priya Gupta,Chennai,Tamil Nadu,Silver,9/4/2023
CUST01063,Rahul Gupta,Lucknow,Uttar Pradesh,Silver,12/8/2022
CUST01064,Rahul Singh,Indore,Madhya Pradesh,Gold,8/5/2021
CUST01065,Neha Sharma,Ahmedabad,Gujarat,Silver,7/3/2023
CUST01066,Aarav Verma,Lucknow,Uttar Pradesh,Regular,3/3/2022
CUST01067,Neha Singh,Kolkata,West Bengal,Gold,9/13/2021
CUST01068,Neha Sharma,Noida,Uttar Pradesh,Silver,3/11/2024
CUST01069,Aarav Verma,Lucknow,Uttar Pradesh,Silver,7/9/2021
CUST01070,Neha Singh,Bengaluru,Karnataka,Gold,1/1/2023
CUST01071,Ananya Sharma,Mumbai,Maharashtra,Regular,1/22/2023
CUST01072,Riya Gupta,Chandigarh,Chandigarh,Regular,2/19/2023
CUST01073,Riya Sharma,Noida,Uttar Pradesh,Silver,2/18/2022
CUST01074,Rahul Singh,Kolkata,West Bengal,Gold,1/18/2022
CUST01075,Neha Sharma,Jaipur,Rajasthan,Gold,10/21/2021
CUST01076,Priya Verma,Ahmedabad,Gujarat,Regular,2/5/2021
CUST01077,Riya Sharma,Chandigarh,Chandigarh,Gold,1/11/2023
CUST01078,Aarav Verma,Delhi,Delhi,Gold,2/17/2021
CUST01079,Neha Verma,Chandigarh,Chandigarh,Gold,8/6/2023
CUST01080,Ananya Verma,Chandigarh,Chandigarh,Regular,11/10/2021
CUST01081,Priya Sharma,Noida,Uttar Pradesh,Silver,10/7/2021
CUST01082,Riya Singh,Ahmedabad,Gujarat,Gold,7/20/2022
CUST01083,Priya Verma,Chennai,Tamil Nadu,Gold,8/18/2023
CUST01084,Aarav Sharma,Delhi,Delhi,Silver,12/5/2021
CUST01085,Ananya Singh,Indore,Madhya Pradesh,Regular,11/25/2023
CUST01086,Ananya Verma,Kochi,Kerala,Gold,12/25/2021
CUST01087,Ananya Sharma,Chandigarh,Chandigarh,Gold,8/5/2023
CUST01088,Neha Verma,Indore,Madhya Pradesh,Silver,5/20/2023
CUST01089,Neha Sharma,Chandigarh,Chandigarh,Silver,1/4/2021
CUST01090,Aarav Sharma,Jaipur,Rajasthan,Gold,5/1/2023
CUST01091,Rahul Gupta,Bengaluru,Karnataka,Regular,3/20/2022
CUST01092,Rahul Gupta,Pune,Maharashtra,Gold,5/18/2022
CUST01093,Ananya Verma,Chennai,Tamil Nadu,Silver,1/1/2023
CUST01094,Priya Singh,Ahmedabad,Gujarat,Silver,11/28/2021
CUST01095,Ananya Gupta,Noida,Uttar Pradesh,Regular,10/19/2021
CUST01096,Neha Singh,Chennai,Tamil Nadu,Regular,10/31/2023
CUST01097,Ananya Gupta,Hyderabad,Telangana,Silver,6/20/2023
CUST01098,Neha Gupta,Patna,Bihar,Silver,7/22/2022
CUST01099,Neha Verma,Jaipur,Rajasthan,Silver,11/9/2023
CUST01100,Neha Verma,Bengaluru,Karnataka,Regular,5/31/2021
CUST01101,Riya Gupta,Kolkata,West Bengal,Regular,4/7/2023
CUST01102,Rahul Gupta,Mumbai,Maharashtra,Silver,12/22/2022
CUST01103,Riya Gupta,Indore,Madhya Pradesh,Gold,11/8/2021
CUST01104,Neha Sharma,Jaipur,Rajasthan,Regular,9/4/2023
CUST01105,Neha Gupta,Kolkata,West Bengal,Silver,9/3/2022
CUST01106,Neha Sharma,Bengaluru,Karnataka,Gold,10/25/2021
CUST01107,Rahul Gupta,Noida,Uttar Pradesh,Silver,3/16/2024
CUST01108,Ananya Singh,Noida,Uttar Pradesh,Regular,1/31/2024
CUST01109,Priya Verma,Pune,Maharashtra,Silver,8/25/2021
CUST01110,Aarav Singh,Bengaluru,Karnataka,Silver,6/22/2023
CUST01111,Rahul Singh,Jaipur,Rajasthan,Gold,2/10/2021
CUST01112,Neha Singh,Kolkata,West Bengal,Gold,9/4/2023
CUST01113,Rahul Singh,Mumbai,Maharashtra,Silver,3/3/2024
CUST01114,Rahul Sharma,Patna,Bihar,Silver,3/6/2023
CUST01115,Rahul Sharma,Mumbai,Maharashtra,Silver,11/12/2022
CUST01116,Priya Verma,Hyderabad,Telangana,Gold,2/12/2023
CUST01117,Aarav Verma,Delhi,Delhi,Regular,5/2/2021
CUST01118,Ananya Verma,Indore,Madhya Pradesh,Silver,4/12/2022
CUST01119,Aarav Gupta,Chennai,Tamil Nadu,Silver,9/7/2021
CUST01120,Riya Sharma,Indore,Madhya Pradesh,Regular,2/3/2024
CUST01121,Aarav Verma,Pune,Maharashtra,Silver,1/31/2022
CUST01122,Riya Gupta,Delhi,Delhi,Gold,3/2/2023
CUST01123,Aarav Verma,Lucknow,Uttar Pradesh,Gold,9/16/2021
CUST01124,Aarav Sharma,Hyderabad,Telangana,Regular,11/25/2021
CUST01125,Aarav Sharma,Mumbai,Maharashtra,Silver,12/12/2021
CUST01126,Priya Verma,Mumbai,Maharashtra,Regular,1/6/2022
CUST01127,Neha Singh,Chennai,Tamil Nadu,Gold,2/10/2022
CUST01128,Aarav Gupta,Kolkata,West Bengal,Silver,3/12/2023
CUST01129,Rahul Gupta,Lucknow,Uttar Pradesh,Regular,9/17/2023
CUST01130,Riya Verma,Delhi,Delhi,Regular,1/4/2022
CUST01131,Ananya Singh,Chandigarh,Chandigarh,Gold,5/1/2021
CUST01132,Neha Sharma,Jaipur,Rajasthan,Silver,1/26/2024
CUST01133,Neha Sharma,Patna,Bihar,Silver,6/19/2023
CUST01134,Aarav Singh,Chandigarh,Chandigarh,Gold,3/22/2023
CUST01135,Ananya Sharma,Pune,Maharashtra,Gold,11/24/2023
CUST01136,Priya Verma,Bengaluru,Karnataka,Gold,2/25/2023
CUST01137,Riya Sharma,Bengaluru,Karnataka,Gold,11/21/2023
CUST01138,Rahul Gupta,Delhi,Delhi,Gold,1/23/2022
CUST01139,Priya Gupta,Ahmedabad,Gujarat,Silver,9/10/2023
CUST01140,Neha Verma,Ahmedabad,Gujarat,Silver,2/11/2023
CUST01141,Rahul Verma,Chennai,Tamil Nadu,Gold,1/9/2021
CUST01142,Riya Singh,Ahmedabad,Gujarat,Silver,2/21/2024
CUST01143,Neha Singh,Hyderabad,Telangana,Regular,3/20/2024
CUST01144,Neha Gupta,Kochi,Kerala,Silver,6/19/2021
CUST01145,Aarav Verma,Jaipur,Rajasthan,Silver,6/19/2021
CUST01146,Priya Singh,Ahmedabad,Gujarat,Gold,11/6/2023
CUST01147,Riya Sharma,Lucknow,Uttar Pradesh,Regular,10/1/2021
CUST01148,Priya Singh,Mumbai,Maharashtra,Regular,6/11/2023
CUST01149,Riya Singh,Jaipur,Rajasthan,Regular,7/9/2023
CUST01150,Rahul Sharma,Noida,Uttar Pradesh,Regular,10/9/2023
CUST01151,Riya Singh,Kochi,Kerala,Regular,5/14/2021
CUST01152,Rahul Singh,Noida,Uttar Pradesh,Silver,2/26/2022
CUST01153,Neha Gupta,Chandigarh,Chandigarh,Gold,7/23/2022
CUST01154,Riya Singh,Jaipur,Rajasthan,Silver,8/27/2023
CUST01155,Aarav Verma,Mumbai,Maharashtra,Gold,8/28/2022
CUST01156,Neha Verma,Delhi,Delhi,Silver,2/11/2023
CUST01157,Ananya Singh,Kochi,Kerala,Gold,3/10/2021
CUST01158,Priya Sharma,Jaipur,Rajasthan,Regular,6/17/2021
CUST01159,Aarav Verma,Kochi,Kerala,Silver,8/19/2023
CUST01160,Riya Sharma,Chandigarh,Chandigarh,Gold,8/19/2022
CUST01161,Neha Verma,Kolkata,West Bengal,Regular,9/3/2021
CUST01162,Ananya Singh,Noida,Uttar Pradesh,Silver,12/3/2021
CUST01163,Ananya Gupta,Bengaluru,Karnataka,Regular,5/28/2022
CUST01164,Aarav Verma,Hyderabad,Telangana,Regular,9/11/2022
CUST01165,Aarav Gupta,Patna,Bihar,Gold,6/28/2023
CUST01166,Aarav Gupta,Chennai,Tamil Nadu,Silver,10/3/2022
CUST01167,Aarav Gupta,Noida,Uttar Pradesh,Regular,8/7/2023
CUST01168,Neha Verma,Jaipur,Rajasthan,Silver,11/25/2021
CUST01169,Riya Sharma,Pune,Maharashtra,Gold,10/14/2022
CUST01170,Ananya Verma,Lucknow,Uttar Pradesh,Silver,8/20/2023
CUST01171,Rahul Singh,Jaipur,Rajasthan,Regular,2/9/2024
CUST01172,Neha Singh,Jaipur,Rajasthan,Regular,12/4/2022
CUST01173,Aarav Singh,Chandigarh,Chandigarh,Silver,8/18/2021
CUST01174,Priya Singh,Bengaluru,Karnataka,Silver,2/28/2023
CUST01175,Neha Verma,Ahmedabad,Gujarat,Silver,2/28/2021
CUST01176,Ananya Gupta,Kolkata,West Bengal,Regular,8/6/2022
CUST01177,Riya Singh,Jaipur,Rajasthan,Gold,1/13/2023
CUST01178,Riya Verma,Jaipur,Rajasthan,Gold,12/25/2021
CUST01179,Ananya Verma,Kolkata,West Bengal,Silver,8/24/2022
CUST01180,Ananya Sharma,Indore,Madhya Pradesh,Silver,1/21/2021
CUST01181,Neha Sharma,Chennai,Tamil Nadu,Regular,11/21/2023
CUST01182,Riya Sharma,Pune,Maharashtra,Regular,8/15/2021
CUST01183,Rahul Sharma,Noida,Uttar Pradesh,Regular,4/4/2024
CUST01184,Riya Sharma,Indore,Madhya Pradesh,Silver,4/11/2021
CUST01185,Aarav Singh,Lucknow,Uttar Pradesh,Silver,3/10/2024
CUST01186,Aarav Gupta,Indore,Madhya Pradesh,Silver,12/28/2023
CUST01187,Ananya Sharma,Kochi,Kerala,Gold,2/20/2022
CUST01188,Ananya Sharma,Bengaluru,Karnataka,Regular,9/7/2021
CUST01189,Neha Singh,Hyderabad,Telangana,Gold,2/26/2023
CUST01190,Riya Sharma,Lucknow,Uttar Pradesh,Regular,5/20/2023
CUST01191,Riya Singh,Mumbai,Maharashtra,Gold,10/30/2021
CUST01192,Rahul Sharma,Lucknow,Uttar Pradesh,Regular,4/22/2021
CUST01193,Neha Gupta,Lucknow,Uttar Pradesh,Regular,2/1/2023
CUST01194,Rahul Verma,Indore,Madhya Pradesh,Silver,1/28/2023
CUST01195,Neha Verma,Hyderabad,Telangana,Regular,11/20/2021
CUST01196,Ananya Sharma,Bengaluru,Karnataka,Gold,9/13/2021
CUST01197,Rahul Sharma,Bengaluru,Karnataka,Gold,10/14/2023
CUST01198,Priya Sharma,Lucknow,Uttar Pradesh,Gold,4/29/2021
CUST01199,Priya Verma,Chennai,Tamil Nadu,Regular,1/12/2021
CUST01200,Rahul Verma,Chennai,Tamil Nadu,Regular,9/5/2023
CUST01201,Priya Gupta,Ahmedabad,Gujarat,Silver,9/3/2023
CUST01202,Aarav Verma,Patna,Bihar,Gold,4/11/2021
CUST01203,Neha Verma,Jaipur,Rajasthan,Regular,1/6/2022
CUST01204,Aarav Singh,Chennai,Tamil Nadu,Regular,11/11/2022
CUST01205,Aarav Singh,Patna,Bihar,Gold,6/11/2021
CUST01206,Rahul Sharma,Lucknow,Uttar Pradesh,Gold,7/5/2023
CUST01207,Riya Verma,Chennai,Tamil Nadu,Regular,9/18/2022
CUST01208,Rahul Sharma,Lucknow,Uttar Pradesh,Gold,11/18/2023
CUST01209,Ananya Sharma,Lucknow,Uttar Pradesh,Silver,9/8/2021
CUST01210,Riya Verma,Kochi,Kerala,Gold,4/30/2021
CUST01211,Neha Sharma,Hyderabad,Telangana,Silver,4/8/2021
CUST01212,Neha Verma,Mumbai,Maharashtra,Gold,4/9/2023
CUST01213,Ananya Verma,Bengaluru,Karnataka,Silver,6/15/2022
CUST01214,Priya Sharma,Noida,Uttar Pradesh,Regular,8/15/2023
CUST01215,Riya Verma,Delhi,Delhi,Gold,3/27/2023
CUST01216,Ananya Gupta,Mumbai,Maharashtra,Regular,1/4/2024
CUST01217,Rahul Singh,Noida,Uttar Pradesh,Silver,5/24/2022
CUST01218,Riya Singh,Hyderabad,Telangana,Regular,3/19/2021
CUST01219,Priya Gupta,Lucknow,Uttar Pradesh,Regular,11/15/2021
CUST01220,Aarav Sharma,Mumbai,Maharashtra,Gold,1/29/2022
CUST01221,Riya Sharma,Hyderabad,Telangana,Silver,10/26/2023
CUST01222,Priya Singh,Noida,Uttar Pradesh,Regular,7/23/2021
CUST01223,Priya Gupta,Noida,Uttar Pradesh,Silver,5/10/2021
CUST01224,Neha Gupta,Chandigarh,Chandigarh,Regular,10/17/2021
CUST01225,Priya Gupta,Mumbai,Maharashtra,Regular,2/21/2021
CUST01226,Ananya Sharma,Indore,Madhya Pradesh,Gold,6/3/2021
CUST01227,Rahul Verma,Mumbai,Maharashtra,Regular,3/29/2022
CUST01228,Riya Singh,Ahmedabad,Gujarat,Silver,12/16/2021
CUST01229,Rahul Gupta,Indore,Madhya Pradesh,Gold,7/22/2022
CUST01230,Priya Gupta,Bengaluru,Karnataka,Regular,1/8/2021
CUST01231,Aarav Gupta,Bengaluru,Karnataka,Regular,11/15/2021
CUST01232,Rahul Sharma,Noida,Uttar Pradesh,Regular,2/19/2023
CUST01233,Riya Verma,Mumbai,Maharashtra,Regular,11/10/2021
CUST01234,Rahul Sharma,Delhi,Delhi,Silver,10/14/2022
CUST01235,Riya Gupta,Kochi,Kerala,Gold,3/4/2024
CUST01236,Ananya Singh,Pune,Maharashtra,Gold,2/23/2022
CUST01237,Riya Singh,Jaipur,Rajasthan,Regular,2/5/2023
CUST01238,Neha Verma,Kolkata,West Bengal,Gold,7/23/2022
CUST01239,Neha Verma,Noida,Uttar Pradesh,Gold,2/15/2021
CUST01240,Priya Verma,Lucknow,Uttar Pradesh,Regular,12/26/2023
CUST01241,Rahul Sharma,Hyderabad,Telangana,Gold,7/3/2023
CUST01242,Rahul Gupta,Patna,Bihar,Regular,11/13/2023
CUST01243,Priya Singh,Pune,Maharashtra,Silver,4/4/2023
CUST01244,Riya Sharma,Kochi,Kerala,Silver,9/16/2023
CUST01245,Riya Verma,Kolkata,West Bengal,Gold,7/15/2023
CUST01246,Rahul Singh,Kochi,Kerala,Silver,1/7/2023
CUST01247,Rahul Verma,Mumbai,Maharashtra,Regular,6/5/2023
CUST01248,Riya Singh,Noida,Uttar Pradesh,Gold,1/21/2023
CUST01249,Aarav Singh,Indore,Madhya Pradesh,Gold,5/5/2021
CUST01250,Rahul Gupta,Kolkata,West Bengal,Regular,6/15/2023
CUST01251,Neha Singh,Ahmedabad,Gujarat,Regular,11/29/2022
CUST01252,Priya Sharma,Kolkata,West Bengal,Gold,1/16/2022
CUST01253,Aarav Singh,Jaipur,Rajasthan,Regular,7/7/2022
CUST01254,Priya Sharma,Chandigarh,Chandigarh,Gold,9/26/2021
CUST01255,Rahul Gupta,Chandigarh,Chandigarh,Silver,8/14/2022
CUST01256,Ananya Singh,Lucknow,Uttar Pradesh,Regular,1/11/2022
CUST01257,Ananya Singh,Indore,Madhya Pradesh,Silver,5/5/2021
CUST01258,Riya Verma,Chandigarh,Chandigarh,Silver,3/17/2021
CUST01259,Ananya Sharma,Kochi,Kerala,Silver,5/19/2023
CUST01260,Ananya Singh,Chennai,Tamil Nadu,Gold,9/2/2021
CUST01261,Rahul Gupta,Mumbai,Maharashtra,Gold,3/26/2023
CUST01262,Rahul Sharma,Ahmedabad,Gujarat,Silver,3/10/2023
CUST01263,Priya Sharma,Bengaluru,Karnataka,Gold,2/1/2023
CUST01264,Rahul Singh,Mumbai,Maharashtra,Regular,3/13/2021
CUST01265,Riya Verma,Ahmedabad,Gujarat,Regular,2/11/2021
CUST01266,Riya Verma,Ahmedabad,Gujarat,Silver,7/21/2021
CUST01267,Riya Verma,Chennai,Tamil Nadu,Regular,8/24/2023
CUST01268,Neha Singh,Ahmedabad,Gujarat,Regular,3/16/2021
CUST01269,Rahul Sharma,Ahmedabad,Gujarat,Gold,8/1/2023
CUST01270,Ananya Verma,Mumbai,Maharashtra,Silver,9/30/2022
CUST01271,Rahul Sharma,Lucknow,Uttar Pradesh,Regular,8/26/2021
CUST01272,Priya Verma,Kolkata,West Bengal,Gold,5/16/2023
CUST01273,Rahul Verma,Chennai,Tamil Nadu,Silver,3/19/2021
CUST01274,Neha Singh,Pune,Maharashtra,Silver,8/20/2023
CUST01275,Riya Gupta,Patna,Bihar,Silver,1/28/2021
CUST01276,Riya Gupta,Delhi,Delhi,Silver,4/12/2022
CUST01277,Neha Verma,Ahmedabad,Gujarat,Gold,8/20/2023
CUST01278,Priya Verma,Pune,Maharashtra,Regular,6/17/2022
CUST01279,Riya Gupta,Patna,Bihar,Regular,9/29/2022
CUST01280,Ananya Sharma,Jaipur,Rajasthan,Regular,7/11/2021
CUST01281,Aarav Verma,Chandigarh,Chandigarh,Silver,1/10/2021
CUST01282,Priya Gupta,Lucknow,Uttar Pradesh,Silver,12/14/2022
CUST01283,Rahul Verma,Pune,Maharashtra,Regular,11/12/2023
CUST01284,Priya Sharma,Pune,Maharashtra,Silver,8/18/2022
CUST01285,Neha Verma,Kochi,Kerala,Regular,3/5/2023
CUST01286,Rahul Singh,Kolkata,West Bengal,Silver,6/22/2021
CUST01287,Riya Singh,Ahmedabad,Gujarat,Regular,1/20/2023
CUST01288,Neha Singh,Noida,Uttar Pradesh,Regular,11/4/2022
CUST01289,Aarav Singh,Noida,Uttar Pradesh,Regular,5/5/2023
CUST01290,Rahul Verma,Delhi,Delhi,Silver,1/8/2021
CUST01291,Riya Verma,Bengaluru,Karnataka,Gold,12/25/2023
CUST01292,Rahul Gupta,Jaipur,Rajasthan,Silver,4/22/2022
CUST01293,Riya Gupta,Bengaluru,Karnataka,Regular,2/7/2023
CUST01294,Riya Sharma,Kochi,Kerala,Regular,2/11/2023
CUST01295,Rahul Gupta,Chennai,Tamil Nadu,Gold,3/28/2021
CUST01296,Neha Gupta,Jaipur,Rajasthan,Regular,1/15/2024
CUST01297,Aarav Verma,Bengaluru,Karnataka,Gold,1/17/2022
CUST01298,Riya Verma,Hyderabad,Telangana,Gold,12/18/2021
CUST01299,Neha Singh,Noida,Uttar Pradesh,Silver,2/2/2024
CUST01300,Ananya Gupta,Pune,Maharashtra,Gold,8/16/2021
CUST01301,Rahul Singh,Bengaluru,Karnataka,Silver,2/16/2022
CUST01302,Neha Verma,Pune,Maharashtra,Gold,6/26/2023
CUST01303,Rahul Verma,Indore,Madhya Pradesh,Silver,10/8/2023
CUST01304,Neha Verma,Jaipur,Rajasthan,Regular,8/7/2021
CUST01305,Neha Sharma,Mumbai,Maharashtra,Gold,11/15/2023
CUST01306,Ananya Singh,Indore,Madhya Pradesh,Regular,12/29/2021
CUST01307,Neha Sharma,Chandigarh,Chandigarh,Regular,4/16/2022
CUST01308,Aarav Gupta,Jaipur,Rajasthan,Gold,5/4/2022
CUST01309,Ananya Verma,Kochi,Kerala,Silver,11/25/2022
CUST01310,Aarav Verma,Ahmedabad,Gujarat,Silver,2/3/2023
CUST01311,Aarav Sharma,Mumbai,Maharashtra,Gold,9/5/2021
CUST01312,Ananya Singh,Delhi,Delhi,Gold,7/25/2022
CUST01313,Riya Sharma,Hyderabad,Telangana,Regular,6/21/2023
CUST01314,Rahul Sharma,Ahmedabad,Gujarat,Regular,8/10/2022
CUST01315,Rahul Sharma,Chennai,Tamil Nadu,Gold,2/5/2024
CUST01316,Neha Verma,Jaipur,Rajasthan,Silver,1/17/2024
CUST01317,Priya Gupta,Jaipur,Rajasthan,Regular,3/28/2022
CUST01318,Rahul Verma,Hyderabad,Telangana,Regular,9/18/2022
CUST01319,Aarav Verma,Lucknow,Uttar Pradesh,Regular,3/21/2022
CUST01320,Rahul Gupta,Jaipur,Rajasthan,Gold,12/14/2022
CUST01321,Priya Sharma,Pune,Maharashtra,Gold,1/2/2023
CUST01322,Ananya Verma,Lucknow,Uttar Pradesh,Silver,10/14/2023
CUST01323,Riya Gupta,Indore,Madhya Pradesh,Regular,12/11/2023
CUST01324,Ananya Gupta,Patna,Bihar,Regular,8/25/2023
CUST01325,Ananya Verma,Pune,Maharashtra,Gold,5/25/2022
CUST01326,Neha Sharma,Kolkata,West Bengal,Silver,7/20/2022
CUST01327,Riya Sharma,Kolkata,West Bengal,Silver,8/1/2022
CUST01328,Neha Verma,Lucknow,Uttar Pradesh,Silver,6/15/2023
CUST01329,Aarav Singh,Patna,Bihar,Silver,10/10/2021
CUST01330,Neha Verma,Pune,Maharashtra,Gold,12/15/2021
CUST01331,Riya Sharma,Hyderabad,Telangana,Gold,6/11/2023
CUST01332,Priya Gupta,Kochi,Kerala,Gold,6/14/2023
CUST01333,Aarav Verma,Chennai,Tamil Nadu,Silver,12/19/2021
CUST01334,Ananya Singh,Pune,Maharashtra,Regular,6/8/2023
CUST01335,Rahul Verma,Lucknow,Uttar Pradesh,Regular,1/10/2022
CUST01336,Neha Verma,Indore,Madhya Pradesh,Regular,8/31/2023
CUST01337,Neha Verma,Ahmedabad,Gujarat,Silver,10/29/2023
CUST01338,Aarav Sharma,Jaipur,Rajasthan,Regular,6/29/2023
CUST01339,Riya Sharma,Delhi,Delhi,Gold,6/11/2023
CUST01340,Rahul Verma,Chennai,Tamil Nadu,Gold,12/19/2021
CUST01341,Rahul Singh,Noida,Uttar Pradesh,Regular,9/10/2023
CUST01342,Aarav Verma,Patna,Bihar,Gold,9/21/2022
CUST01343,Rahul Sharma,Bengaluru,Karnataka,Regular,3/18/2024
CUST01344,Aarav Verma,Kochi,Kerala,Regular,2/26/2022
CUST01345,Rahul Singh,Mumbai,Maharashtra,Regular,6/23/2022
CUST01346,Ananya Singh,Jaipur,Rajasthan,Regular,9/7/2022
CUST01347,Priya Verma,Chandigarh,Chandigarh,Silver,5/12/2022
CUST01348,Riya Gupta,Patna,Bihar,Regular,4/3/2022
CUST01349,Aarav Sharma,Kochi,Kerala,Silver,8/10/2021
CUST01350,Riya Gupta,Jaipur,Rajasthan,Regular,4/7/2022
CUST01351,Rahul Sharma,Chennai,Tamil Nadu,Silver,3/7/2023
CUST01352,Riya Gupta,Lucknow,Uttar Pradesh,Regular,10/2/2022
CUST01353,Aarav Gupta,Lucknow,Uttar Pradesh,Gold,6/15/2023
CUST01354,Neha Gupta,Ahmedabad,Gujarat,Silver,12/31/2021
CUST01355,Priya Gupta,Kochi,Kerala,Regular,4/11/2021
CUST01356,Ananya Gupta,Pune,Maharashtra,Gold,5/17/2022
CUST01357,Neha Sharma,Pune,Maharashtra,Regular,1/26/2023
CUST01358,Priya Sharma,Chandigarh,Chandigarh,Regular,6/15/2022
CUST01359,Priya Verma,Noida,Uttar Pradesh,Regular,8/21/2023
CUST01360,Ananya Singh,Kochi,Kerala,Silver,2/23/2022
CUST01361,Riya Gupta,Bengaluru,Karnataka,Gold,1/6/2021
CUST01362,Rahul Sharma,Noida,Uttar Pradesh,Silver,6/24/2023
CUST01363,Rahul Verma,Indore,Madhya Pradesh,Silver,5/20/2021
CUST01364,Aarav Sharma,Bengaluru,Karnataka,Silver,3/30/2021
CUST01365,Rahul Singh,Patna,Bihar,Gold,11/29/2021
CUST01366,Aarav Sharma,Mumbai,Maharashtra,Silver,2/21/2021
CUST01367,Riya Singh,Patna,Bihar,Gold,1/3/2022
CUST01368,Priya Gupta,Ahmedabad,Gujarat,Regular,8/30/2021
CUST01369,Priya Singh,Pune,Maharashtra,Silver,6/29/2023
CUST01370,Aarav Gupta,Lucknow,Uttar Pradesh,Regular,2/18/2023
CUST01371,Rahul Gupta,Chennai,Tamil Nadu,Gold,2/15/2023
CUST01372,Neha Singh,Lucknow,Uttar Pradesh,Regular,4/15/2024
CUST01373,Riya Gupta,Delhi,Delhi,Silver,2/20/2022
CUST01374,Priya Gupta,Bengaluru,Karnataka,Gold,7/20/2022
CUST01375,Ananya Verma,Kolkata,West Bengal,Silver,11/1/2021
CUST01376,Ananya Sharma,Hyderabad,Telangana,Gold,2/4/2021
CUST01377,Aarav Sharma,Lucknow,Uttar Pradesh,Gold,6/30/2023
CUST01378,Rahul Gupta,Noida,Uttar Pradesh,Gold,5/10/2021
CUST01379,Aarav Gupta,Mumbai,Maharashtra,Silver,11/3/2023
CUST01380,Aarav Gupta,Indore,Madhya Pradesh,Silver,9/17/2021
CUST01381,Priya Sharma,Patna,Bihar,Regular,2/25/2021
CUST01382,Neha Verma,Bengaluru,Karnataka,Gold,6/16/2021
CUST01383,Aarav Verma,Kochi,Kerala,Gold,11/27/2023
CUST01384,Ananya Singh,Mumbai,Maharashtra,Silver,6/23/2023
CUST01385,Neha Verma,Hyderabad,Telangana,Silver,4/7/2021
CUST01386,Riya Sharma,Ahmedabad,Gujarat,Gold,4/17/2023
CUST01387,Neha Sharma,Hyderabad,Telangana,Regular,7/25/2021
CUST01388,Aarav Verma,Lucknow,Uttar Pradesh,Gold,7/23/2022
CUST01389,Priya Singh,Noida,Uttar Pradesh,Regular,3/22/2024
CUST01390,Aarav Singh,Lucknow,Uttar Pradesh,Silver,4/14/2024
CUST01391,Rahul Singh,Kolkata,West Bengal,Gold,11/9/2023
CUST01392,Aarav Gupta,Mumbai,Maharashtra,Silver,4/14/2022
CUST01393,Aarav Singh,Kolkata,West Bengal,Gold,10/29/2023
CUST01394,Riya Singh,Hyderabad,Telangana,Silver,5/22/2022
CUST01395,Neha Singh,Lucknow,Uttar Pradesh,Gold,5/9/2022
CUST01396,Priya Singh,Lucknow,Uttar Pradesh,Gold,2/22/2022
CUST01397,Neha Verma,Bengaluru,Karnataka,Gold,2/1/2021
CUST01398,Rahul Verma,Mumbai,Maharashtra,Silver,6/15/2022
CUST01399,Neha Verma,Indore,Madhya Pradesh,Silver,8/6/2023
CUST01400,Riya Sharma,Bengaluru,Karnataka,Silver,8/2/2021
CUST01401,Priya Gupta,Bengaluru,Karnataka,Regular,1/27/2022
CUST01402,Priya Gupta,Lucknow,Uttar Pradesh,Regular,2/7/2023
CUST01403,Riya Singh,Noida,Uttar Pradesh,Silver,3/12/2024
CUST01404,Neha Gupta,Lucknow,Uttar Pradesh,Regular,3/11/2023
CUST01405,Neha Singh,Bengaluru,Karnataka,Gold,8/12/2023
CUST01406,Aarav Verma,Delhi,Delhi,Gold,6/5/2021
CUST01407,Neha Verma,Indore,Madhya Pradesh,Silver,7/3/2022
CUST01408,Priya Gupta,Chandigarh,Chandigarh,Silver,10/2/2022
CUST01409,Rahul Verma,Ahmedabad,Gujarat,Gold,12/29/2021
CUST01410,Aarav Verma,Bengaluru,Karnataka,Gold,12/22/2023
CUST01411,Priya Singh,Chennai,Tamil Nadu,Regular,12/11/2023
CUST01412,Ananya Verma,Bengaluru,Karnataka,Silver,8/15/2022
CUST01413,Aarav Singh,Hyderabad,Telangana,Regular,3/20/2023
CUST01414,Aarav Gupta,Chandigarh,Chandigarh,Regular,2/18/2023
CUST01415,Aarav Gupta,Jaipur,Rajasthan,Gold,2/8/2023
CUST01416,Aarav Sharma,Patna,Bihar,Regular,4/6/2023
CUST01417,Ananya Sharma,Hyderabad,Telangana,Gold,7/23/2021
CUST01418,Riya Gupta,Jaipur,Rajasthan,Gold,10/30/2023
CUST01419,Ananya Gupta,Mumbai,Maharashtra,Silver,3/13/2022
CUST01420,Rahul Sharma,Delhi,Delhi,Regular,2/13/2021
CUST01421,Riya Gupta,Noida,Uttar Pradesh,Gold,10/27/2021
CUST01422,Priya Verma,Kochi,Kerala,Gold,8/6/2023
CUST01423,Rahul Gupta,Hyderabad,Telangana,Regular,1/27/2022
CUST01424,Riya Singh,Mumbai,Maharashtra,Gold,6/8/2023
CUST01425,Ananya Singh,Chandigarh,Chandigarh,Gold,10/30/2022
CUST01426,Neha Singh,Delhi,Delhi,Gold,7/29/2021
CUST01427,Rahul Singh,Delhi,Delhi,Gold,6/17/2022
CUST01428,Rahul Gupta,Noida,Uttar Pradesh,Gold,7/2/2023
CUST01429,Priya Gupta,Jaipur,Rajasthan,Gold,10/13/2022
CUST01430,Aarav Verma,Chandigarh,Chandigarh,Regular,5/24/2022
CUST01431,Riya Verma,Indore,Madhya Pradesh,Regular,10/5/2021
CUST01432,Priya Singh,Chennai,Tamil Nadu,Regular,11/14/2022
CUST01433,Priya Gupta,Indore,Madhya Pradesh,Regular,12/22/2021
CUST01434,Aarav Verma,Kochi,Kerala,Silver,6/5/2021
CUST01435,Priya Sharma,Mumbai,Maharashtra,Regular,9/12/2023
CUST01436,Priya Sharma,Indore,Madhya Pradesh,Silver,4/21/2022
CUST01437,Ananya Sharma,Kochi,Kerala,Gold,4/22/2023
CUST01438,Rahul Singh,Chennai,Tamil Nadu,Gold,10/4/2023
CUST01439,Priya Sharma,Lucknow,Uttar Pradesh,Gold,11/1/2023
CUST01440,Rahul Sharma,Delhi,Delhi,Gold,6/3/2023
CUST01441,Ananya Singh,Chennai,Tamil Nadu,Regular,2/24/2021
CUST01442,Aarav Gupta,Mumbai,Maharashtra,Silver,10/7/2023
CUST01443,Aarav Gupta,Kolkata,West Bengal,Gold,10/9/2022
CUST01444,Priya Singh,Delhi,Delhi,Silver,5/15/2021
CUST01445,Neha Gupta,Jaipur,Rajasthan,Regular,10/5/2023
CUST01446,Priya Sharma,Mumbai,Maharashtra,Silver,6/5/2023
CUST01447,Neha Sharma,Patna,Bihar,Regular,8/20/2023
CUST01448,Rahul Sharma,Kochi,Kerala,Gold,5/13/2023
CUST01449,Neha Singh,Noida,Uttar Pradesh,Gold,1/6/2021
CUST01450,Priya Verma,Kochi,Kerala,Silver,3/27/2024
CUST01451,Priya Sharma,Jaipur,Rajasthan,Silver,4/18/2021
CUST01452,Rahul Verma,Kolkata,West Bengal,Gold,3/30/2023
CUST01453,Neha Sharma,Chandigarh,Chandigarh,Silver,8/1/2023
CUST01454,Neha Verma,Chandigarh,Chandigarh,Gold,9/6/2023
CUST01455,Riya Sharma,Hyderabad,Telangana,Gold,8/16/2022
CUST01456,Aarav Verma,Noida,Uttar Pradesh,Silver,5/3/2021
CUST01457,Ananya Sharma,Patna,Bihar,Gold,12/4/2021
CUST01458,Rahul Verma,Patna,Bihar,Gold,2/20/2023
CUST01459,Ananya Singh,Kochi,Kerala,Gold,10/18/2021
CUST01460,Aarav Verma,Patna,Bihar,Silver,11/23/2023
CUST01461,Priya Singh,Chandigarh,Chandigarh,Regular,7/8/2023
CUST01462,Neha Singh,Bengaluru,Karnataka,Silver,2/8/2021
CUST01463,Rahul Gupta,Pune,Maharashtra,Regular,9/8/2021
CUST01464,Aarav Gupta,Bengaluru,Karnataka,Gold,5/12/2021
CUST01465,Rahul Sharma,Kolkata,West Bengal,Regular,2/17/2023
CUST01466,Rahul Sharma,Bengaluru,Karnataka,Gold,9/7/2021
CUST01467,Priya Verma,Kochi,Kerala,Silver,9/5/2021
CUST01468,Ananya Singh,Chennai,Tamil Nadu,Regular,1/3/2021
CUST01469,Rahul Sharma,Delhi,Delhi,Regular,6/17/2023
CUST01470,Neha Singh,Noida,Uttar Pradesh,Regular,1/15/2022
CUST01471,Riya Gupta,Kolkata,West Bengal,Gold,10/25/2021
CUST01472,Riya Gupta,Kochi,Kerala,Silver,5/31/2022
CUST01473,Neha Verma,Ahmedabad,Gujarat,Regular,2/1/2023
CUST01474,Ananya Verma,Chandigarh,Chandigarh,Gold,2/11/2021
CUST01475,Aarav Verma,Noida,Uttar Pradesh,Silver,1/13/2021
CUST01476,Rahul Sharma,Hyderabad,Telangana,Gold,8/1/2022
CUST01477,Riya Gupta,Chandigarh,Chandigarh,Gold,11/23/2021
CUST01478,Aarav Sharma,Jaipur,Rajasthan,Silver,4/4/2023
CUST01479,Ananya Verma,Chandigarh,Chandigarh,Regular,5/31/2021
CUST01480,Aarav Sharma,Chandigarh,Chandigarh,Gold,4/2/2023
CUST01481,Ananya Verma,Mumbai,Maharashtra,Silver,4/18/2021
CUST01482,Priya Gupta,Kochi,Kerala,Regular,3/5/2021
CUST01483,Rahul Verma,Lucknow,Uttar Pradesh,Regular,6/12/2023
CUST01484,Rahul Gupta,Indore,Madhya Pradesh,Gold,1/12/2023
CUST01485,Ananya Gupta,Indore,Madhya Pradesh,Regular,8/23/2022
CUST01486,Rahul Singh,Lucknow,Uttar Pradesh,Gold,8/29/2021
CUST01487,Priya Singh,Chennai,Tamil Nadu,Silver,8/2/2022
CUST01488,Riya Gupta,Chennai,Tamil Nadu,Silver,2/17/2023
CUST01489,Aarav Sharma,Ahmedabad,Gujarat,Silver,5/9/2021
CUST01490,Priya Gupta,Ahmedabad,Gujarat,Silver,10/10/2023
CUST01491,Priya Sharma,Hyderabad,Telangana,Regular,10/26/2023
CUST01492,Riya Verma,Indore,Madhya Pradesh,Gold,6/5/2023
CUST01493,Aarav Gupta,Chennai,Tamil Nadu,Silver,12/4/2022
CUST01494,Riya Sharma,Lucknow,Uttar Pradesh,Gold,6/22/2021
CUST01495,Priya Verma,Chandigarh,Chandigarh,Silver,4/21/2023
CUST01496,Ananya Singh,Pune,Maharashtra,Silver,7/3/2023
CUST01497,Priya Singh,Kochi,Kerala,Gold,9/6/2023
CUST01498,Neha Verma,Ahmedabad,Gujarat,Regular,6/5/2022
CUST01499,Neha Sharma,Noida,Uttar Pradesh,Silver,2/21/2021
CUST01500,Neha Gupta,Hyderabad,Telangana,Silver,3/14/2022
CUST01501,Aarav Gupta,Lucknow,Uttar Pradesh,Silver,2/7/2022
CUST01502,Riya Sharma,Indore,Madhya Pradesh,Regular,3/30/2022
CUST01503,Priya Verma,Hyderabad,Telangana,Silver,2/1/2023
CUST01504,Riya Gupta,Ahmedabad,Gujarat,Gold,6/7/2023
CUST01505,Priya Sharma,Kolkata,West Bengal,Regular,5/21/2021
CUST01506,Neha Sharma,Hyderabad,Telangana,Gold,7/5/2023
CUST01507,Priya Singh,Patna,Bihar,Gold,5/7/2023
CUST01508,Ananya Verma,Noida,Uttar Pradesh,Gold,11/5/2023
CUST01509,Priya Singh,Pune,Maharashtra,Silver,3/1/2023
CUST01510,Priya Gupta,Kolkata,West Bengal,Regular,10/21/2023
CUST01511,Neha Verma,Ahmedabad,Gujarat,Gold,4/20/2021
CUST01512,Ananya Sharma,Kochi,Kerala,Silver,9/3/2022
CUST01513,Aarav Verma,Patna,Bihar,Regular,10/18/2023
CUST01514,Rahul Gupta,Patna,Bihar,Gold,4/19/2023
CUST01515,Aarav Sharma,Pune,Maharashtra,Gold,5/16/2021
CUST01516,Riya Verma,Bengaluru,Karnataka,Gold,7/9/2021
CUST01517,Ananya Singh,Lucknow,Uttar Pradesh,Silver,5/18/2021
CUST01518,Neha Singh,Bengaluru,Karnataka,Gold,5/27/2023
CUST01519,Aarav Sharma,Chennai,Tamil Nadu,Regular,9/25/2023
CUST01520,Aarav Gupta,Kolkata,West Bengal,Gold,7/26/2022
CUST01521,Priya Verma,Kolkata,West Bengal,Silver,1/16/2022
CUST01522,Ananya Verma,Jaipur,Rajasthan,Silver,12/13/2022
CUST01523,Ananya Gupta,Patna,Bihar,Gold,5/14/2021
CUST01524,Rahul Singh,Chennai,Tamil Nadu,Gold,7/15/2022
CUST01525,Ananya Sharma,Pune,Maharashtra,Gold,11/16/2022
CUST01526,Ananya Singh,Lucknow,Uttar Pradesh,Regular,1/20/2021
CUST01527,Riya Gupta,Jaipur,Rajasthan,Gold,2/1/2023
CUST01528,Priya Verma,Hyderabad,Telangana,Gold,3/28/2022
CUST01529,Ananya Singh,Hyderabad,Telangana,Gold,9/6/2023
CUST01530,Rahul Gupta,Ahmedabad,Gujarat,Regular,1/21/2021
CUST01531,Aarav Gupta,Ahmedabad,Gujarat,Gold,10/8/2022
CUST01532,Ananya Gupta,Jaipur,Rajasthan,Gold,2/2/2024
CUST01533,Ananya Gupta,Ahmedabad,Gujarat,Regular,8/20/2023
CUST01534,Ananya Singh,Patna,Bihar,Silver,1/2/2021
CUST01535,Rahul Singh,Indore,Madhya Pradesh,Gold,10/8/2021
CUST01536,Priya Verma,Noida,Uttar Pradesh,Silver,1/1/2024
CUST01537,Neha Verma,Jaipur,Rajasthan,Gold,2/9/2022
CUST01538,Priya Singh,Hyderabad,Telangana,Regular,7/16/2021
CUST01539,Rahul Verma,Hyderabad,Telangana,Gold,10/28/2021
CUST01540,Priya Singh,Bengaluru,Karnataka,Regular,2/4/2023
CUST01541,Neha Verma,Patna,Bihar,Regular,9/14/2022
CUST01542,Neha Gupta,Hyderabad,Telangana,Silver,7/21/2023
CUST01543,Rahul Singh,Chandigarh,Chandigarh,Silver,1/27/2021
CUST01544,Rahul Verma,Chennai,Tamil Nadu,Silver,2/11/2022
CUST01545,Priya Singh,Patna,Bihar,Silver,2/18/2021
CUST01546,Riya Singh,Indore,Madhya Pradesh,Silver,1/28/2021
CUST01547,Rahul Verma,Pune,Maharashtra,Regular,1/19/2023
CUST01548,Riya Singh,Mumbai,Maharashtra,Silver,9/2/2021
CUST01549,Ananya Gupta,Pune,Maharashtra,Silver,6/27/2021
CUST01550,Priya Gupta,Ahmedabad,Gujarat,Silver,1/20/2023
CUST01551,Neha Sharma,Pune,Maharashtra,Silver,5/12/2023
CUST01552,Neha Singh,Chandigarh,Chandigarh,Gold,1/7/2022
CUST01553,Priya Singh,Jaipur,Rajasthan,Regular,5/16/2022
CUST01554,Rahul Sharma,Chandigarh,Chandigarh,Regular,5/23/2022
CUST01555,Ananya Sharma,Chandigarh,Chandigarh,Regular,12/9/2023
CUST01556,Ananya Gupta,Chennai,Tamil Nadu,Silver,10/18/2023
CUST01557,Riya Sharma,Kolkata,West Bengal,Regular,4/18/2022
CUST01558,Neha Gupta,Lucknow,Uttar Pradesh,Regular,4/3/2021
CUST01559,Rahul Sharma,Indore,Madhya Pradesh,Regular,7/16/2022
CUST01560,Aarav Gupta,Kolkata,West Bengal,Regular,11/17/2023
CUST01561,Ananya Sharma,Pune,Maharashtra,Gold,11/1/2021
CUST01562,Priya Verma,Kochi,Kerala,Silver,3/22/2022
CUST01563,Rahul Gupta,Ahmedabad,Gujarat,Regular,9/8/2023
CUST01564,Priya Verma,Kolkata,West Bengal,Silver,2/10/2021
CUST01565,Priya Verma,Jaipur,Rajasthan,Regular,1/23/2024
CUST01566,Aarav Gupta,Pune,Maharashtra,Gold,4/5/2022
CUST01567,Aarav Singh,Ahmedabad,Gujarat,Regular,7/29/2021
CUST01568,Neha Singh,Chennai,Tamil Nadu,Silver,6/10/2021
CUST01569,Aarav Sharma,Lucknow,Uttar Pradesh,Silver,2/27/2023
CUST01570,Priya Gupta,Patna,Bihar,Silver,12/3/2022
CUST01571,Neha Sharma,Hyderabad,Telangana,Regular,9/30/2023
CUST01572,Aarav Verma,Bengaluru,Karnataka,Silver,4/6/2024
CUST01573,Ananya Sharma,Lucknow,Uttar Pradesh,Gold,6/18/2021
CUST01574,Riya Sharma,Pune,Maharashtra,Gold,9/16/2021
CUST01575,Neha Gupta,Delhi,Delhi,Silver,6/3/2022
CUST01576,Aarav Gupta,Hyderabad,Telangana,Gold,7/9/2022
CUST01577,Aarav Singh,Pune,Maharashtra,Regular,8/3/2023
CUST01578,Riya Verma,Chennai,Tamil Nadu,Regular,10/28/2021
CUST01579,Riya Singh,Delhi,Delhi,Regular,9/24/2023
CUST01580,Rahul Sharma,Lucknow,Uttar Pradesh,Silver,5/9/2023
CUST01581,Aarav Sharma,Indore,Madhya Pradesh,Silver,4/12/2024
CUST01582,Riya Sharma,Kochi,Kerala,Silver,10/6/2021
CUST01583,Priya Verma,Jaipur,Rajasthan,Regular,11/16/2023
CUST01584,Ananya Gupta,Lucknow,Uttar Pradesh,Silver,6/30/2022
CUST01585,Ananya Sharma,Mumbai,Maharashtra,Silver,1/16/2023
CUST01586,Aarav Verma,Ahmedabad,Gujarat,Gold,3/17/2022
CUST01587,Aarav Sharma,Bengaluru,Karnataka,Silver,4/19/2022
CUST01588,Ananya Sharma,Kolkata,West Bengal,Regular,5/7/2023
CUST01589,Aarav Sharma,Bengaluru,Karnataka,Silver,9/19/2023
CUST01590,Riya Verma,Kochi,Kerala,Silver,9/10/2022
CUST01591,Riya Verma,Patna,Bihar,Regular,2/11/2024
CUST01592,Neha Gupta,Noida,Uttar Pradesh,Silver,12/10/2021
CUST01593,Rahul Verma,Delhi,Delhi,Silver,8/31/2021
CUST01594,Ananya Gupta,Indore,Madhya Pradesh,Regular,8/29/2021
CUST01595,Riya Singh,Indore,Madhya Pradesh,Gold,12/2/2023
CUST01596,Neha Verma,Patna,Bihar,Gold,4/8/2021
CUST01597,Rahul Sharma,Noida,Uttar Pradesh,Silver,3/28/2024
CUST01598,Priya Sharma,Patna,Bihar,Regular,11/7/2022
CUST01599,Riya Gupta,Lucknow,Uttar Pradesh,Regular,6/5/2023
CUST01600,Neha Singh,Chennai,Tamil Nadu,Gold,3/13/2023
CUST01601,Priya Singh,Bengaluru,Karnataka,Silver,9/2/2022
CUST01602,Aarav Gupta,Ahmedabad,Gujarat,Regular,10/25/2022
CUST01603,Aarav Gupta,Indore,Madhya Pradesh,Silver,7/9/2023
CUST01604,Neha Sharma,Bengaluru,Karnataka,Silver,3/17/2021
CUST01605,Neha Sharma,Chennai,Tamil Nadu,Regular,4/16/2021
CUST01606,Rahul Gupta,Indore,Madhya Pradesh,Gold,10/26/2022
CUST01607,Aarav Verma,Chandigarh,Chandigarh,Gold,5/9/2022
CUST01608,Rahul Gupta,Jaipur,Rajasthan,Silver,3/5/2023
CUST01609,Ananya Verma,Mumbai,Maharashtra,Silver,8/23/2021
CUST01610,Neha Gupta,Kolkata,West Bengal,Regular,5/4/2021
CUST01611,Riya Verma,Lucknow,Uttar Pradesh,Regular,7/1/2023
CUST01612,Neha Gupta,Noida,Uttar Pradesh,Gold,9/24/2021
CUST01613,Riya Sharma,Mumbai,Maharashtra,Silver,4/18/2023
CUST01614,Neha Sharma,Chennai,Tamil Nadu,Gold,4/14/2022
CUST01615,Rahul Verma,Jaipur,Rajasthan,Gold,10/28/2022
CUST01616,Priya Verma,Mumbai,Maharashtra,Gold,11/27/2023
CUST01617,Riya Sharma,Kolkata,West Bengal,Silver,2/8/2021
CUST01618,Rahul Gupta,Mumbai,Maharashtra,Gold,12/25/2021
CUST01619,Neha Singh,Noida,Uttar Pradesh,Regular,7/7/2023
CUST01620,Rahul Verma,Mumbai,Maharashtra,Regular,9/19/2022
CUST01621,Neha Verma,Pune,Maharashtra,Gold,7/2/2022
CUST01622,Neha Singh,Hyderabad,Telangana,Silver,11/16/2021
CUST01623,Rahul Gupta,Hyderabad,Telangana,Regular,12/5/2021
CUST01624,Ananya Gupta,Ahmedabad,Gujarat,Regular,3/14/2022
CUST01625,Rahul Verma,Indore,Madhya Pradesh,Silver,9/17/2022
CUST01626,Priya Gupta,Lucknow,Uttar Pradesh,Regular,1/18/2023
CUST01627,Aarav Gupta,Chandigarh,Chandigarh,Gold,5/29/2022
CUST01628,Neha Singh,Bengaluru,Karnataka,Gold,2/28/2022
CUST01629,Rahul Verma,Lucknow,Uttar Pradesh,Regular,1/7/2023
CUST01630,Priya Verma,Indore,Madhya Pradesh,Regular,12/29/2021
CUST01631,Rahul Singh,Noida,Uttar Pradesh,Regular,6/7/2023
CUST01632,Aarav Singh,Bengaluru,Karnataka,Regular,3/10/2022
CUST01633,Rahul Gupta,Mumbai,Maharashtra,Silver,5/25/2022
CUST01634,Rahul Singh,Hyderabad,Telangana,Gold,4/22/2021
CUST01635,Riya Sharma,Indore,Madhya Pradesh,Gold,4/2/2021
CUST01636,Ananya Singh,Delhi,Delhi,Gold,6/10/2021
CUST01637,Riya Gupta,Kochi,Kerala,Regular,5/11/2022
CUST01638,Neha Singh,Jaipur,Rajasthan,Silver,4/5/2021
CUST01639,Rahul Singh,Kochi,Kerala,Regular,3/26/2023
CUST01640,Rahul Singh,Noida,Uttar Pradesh,Gold,7/26/2021
CUST01641,Ananya Singh,Indore,Madhya Pradesh,Silver,7/16/2022
CUST01642,Neha Sharma,Hyderabad,Telangana,Regular,3/30/2021
CUST01643,Neha Gupta,Mumbai,Maharashtra,Silver,3/22/2024
CUST01644,Riya Gupta,Bengaluru,Karnataka,Silver,7/6/2022
CUST01645,Riya Verma,Chennai,Tamil Nadu,Gold,11/24/2023
CUST01646,Rahul Verma,Pune,Maharashtra,Gold,8/16/2021
CUST01647,Ananya Sharma,Pune,Maharashtra,Regular,1/24/2023
CUST01648,Neha Gupta,Pune,Maharashtra,Regular,2/8/2024
CUST01649,Priya Gupta,Indore,Madhya Pradesh,Regular,3/27/2021
CUST01650,Aarav Sharma,Kolkata,West Bengal,Gold,10/14/2022
CUST01651,Ananya Sharma,Kochi,Kerala,Gold,5/3/2021
CUST01652,Ananya Verma,Patna,Bihar,Silver,8/26/2022
CUST01653,Riya Sharma,Kochi,Kerala,Gold,11/20/2021
CUST01654,Priya Verma,Patna,Bihar,Gold,8/28/2022
CUST01655,Ananya Verma,Kolkata,West Bengal,Silver,12/4/2021
CUST01656,Priya Verma,Jaipur,Rajasthan,Regular,9/13/2022
CUST01657,Ananya Singh,Lucknow,Uttar Pradesh,Gold,5/7/2022
CUST01658,Rahul Sharma,Lucknow,Uttar Pradesh,Gold,11/7/2022
CUST01659,Priya Sharma,Ahmedabad,Gujarat,Gold,2/9/2024
CUST01660,Riya Sharma,Patna,Bihar,Gold,6/8/2022
CUST01661,Aarav Verma,Ahmedabad,Gujarat,Silver,10/22/2022
CUST01662,Priya Sharma,Kochi,Kerala,Gold,7/20/2021
CUST01663,Ananya Gupta,Mumbai,Maharashtra,Silver,10/12/2022
CUST01664,Ananya Singh,Delhi,Delhi,Gold,9/13/2021
CUST01665,Rahul Singh,Kolkata,West Bengal,Gold,11/11/2021
CUST01666,Priya Gupta,Chandigarh,Chandigarh,Gold,3/31/2021
CUST01667,Rahul Singh,Kolkata,West Bengal,Gold,11/18/2023
CUST01668,Riya Singh,Mumbai,Maharashtra,Regular,12/25/2022
CUST01669,Riya Gupta,Indore,Madhya Pradesh,Gold,12/31/2022
CUST01670,Neha Singh,Patna,Bihar,Silver,7/15/2022
CUST01671,Aarav Singh,Bengaluru,Karnataka,Gold,6/23/2021
CUST01672,Ananya Gupta,Indore,Madhya Pradesh,Regular,3/24/2021
CUST01673,Neha Singh,Patna,Bihar,Gold,1/10/2024
CUST01674,Priya Sharma,Bengaluru,Karnataka,Regular,5/26/2022
CUST01675,Riya Verma,Mumbai,Maharashtra,Gold,6/25/2023
CUST01676,Neha Sharma,Noida,Uttar Pradesh,Regular,4/16/2021
CUST01677,Aarav Verma,Chennai,Tamil Nadu,Regular,2/12/2023
CUST01678,Ananya Verma,Pune,Maharashtra,Gold,3/25/2024
CUST01679,Priya Singh,Lucknow,Uttar Pradesh,Regular,4/21/2022
CUST01680,Rahul Singh,Noida,Uttar Pradesh,Gold,9/24/2023
CUST01681,Aarav Singh,Chandigarh,Chandigarh,Silver,9/16/2021
CUST01682,Neha Gupta,Noida,Uttar Pradesh,Regular,2/27/2024
CUST01683,Riya Singh,Ahmedabad,Gujarat,Gold,1/15/2021
CUST01684,Riya Gupta,Indore,Madhya Pradesh,Gold,2/1/2024
CUST01685,Aarav Singh,Bengaluru,Karnataka,Silver,3/26/2023
CUST01686,Neha Sharma,Kolkata,West Bengal,Gold,10/8/2023
CUST01687,Aarav Gupta,Delhi,Delhi,Regular,7/1/2021
CUST01688,Priya Singh,Ahmedabad,Gujarat,Regular,6/19/2022
CUST01689,Priya Sharma,Noida,Uttar Pradesh,Silver,1/9/2024
CUST01690,Neha Gupta,Kochi,Kerala,Gold,9/24/2022
CUST01691,Neha Singh,Pune,Maharashtra,Silver,3/22/2022
CUST01692,Priya Sharma,Kochi,Kerala,Silver,9/11/2021
CUST01693,Rahul Verma,Pune,Maharashtra,Gold,5/16/2023
CUST01694,Riya Verma,Chandigarh,Chandigarh,Regular,3/30/2022
CUST01695,Ananya Singh,Chennai,Tamil Nadu,Regular,4/2/2023
CUST01696,Rahul Sharma,Hyderabad,Telangana,Regular,12/18/2023
CUST01697,Rahul Gupta,Lucknow,Uttar Pradesh,Gold,9/7/2022
CUST01698,Riya Verma,Patna,Bihar,Silver,7/20/2023
CUST01699,Rahul Gupta,Jaipur,Rajasthan,Regular,7/19/2021
CUST01700,Neha Singh,Jaipur,Rajasthan,Regular,11/5/2023
CUST01701,Aarav Gupta,Chandigarh,Chandigarh,Regular,4/19/2022
CUST01702,Rahul Sharma,Hyderabad,Telangana,Silver,1/13/2021
CUST01703,Rahul Singh,Ahmedabad,Gujarat,Silver,8/19/2021
CUST01704,Rahul Singh,Kochi,Kerala,Gold,11/6/2022
CUST01705,Rahul Verma,Kochi,Kerala,Regular,2/17/2021
CUST01706,Aarav Gupta,Ahmedabad,Gujarat,Gold,10/5/2022
CUST01707,Neha Sharma,Chennai,Tamil Nadu,Regular,2/4/2023
CUST01708,Priya Singh,Chennai,Tamil Nadu,Silver,6/4/2022
CUST01709,Aarav Sharma,Pune,Maharashtra,Gold,6/25/2022
CUST01710,Neha Singh,Indore,Madhya Pradesh,Regular,3/28/2024
CUST01711,Riya Gupta,Pune,Maharashtra,Gold,6/10/2022
CUST01712,Aarav Singh,Chandigarh,Chandigarh,Silver,2/20/2021
CUST01713,Rahul Sharma,Hyderabad,Telangana,Silver,4/12/2021
CUST01714,Aarav Verma,Ahmedabad,Gujarat,Gold,12/20/2023
CUST01715,Priya Sharma,Noida,Uttar Pradesh,Gold,11/24/2022
CUST01716,Neha Singh,Mumbai,Maharashtra,Silver,7/20/2021
CUST01717,Aarav Gupta,Bengaluru,Karnataka,Silver,4/29/2022
CUST01718,Riya Singh,Bengaluru,Karnataka,Gold,11/28/2022
CUST01719,Riya Gupta,Kochi,Kerala,Gold,5/29/2022
CUST01720,Neha Verma,Lucknow,Uttar Pradesh,Regular,2/20/2021
CUST01721,Neha Sharma,Pune,Maharashtra,Regular,6/19/2023
CUST01722,Ananya Gupta,Kolkata,West Bengal,Silver,8/30/2022
CUST01723,Ananya Sharma,Lucknow,Uttar Pradesh,Gold,7/9/2021
CUST01724,Riya Verma,Kochi,Kerala,Regular,6/8/2022
CUST01725,Neha Verma,Jaipur,Rajasthan,Gold,1/11/2021
CUST01726,Aarav Singh,Patna,Bihar,Silver,2/7/2021
CUST01727,Priya Singh,Delhi,Delhi,Regular,5/10/2022
CUST01728,Aarav Gupta,Ahmedabad,Gujarat,Regular,6/3/2021
CUST01729,Riya Verma,Noida,Uttar Pradesh,Regular,4/17/2022
CUST01730,Aarav Gupta,Chennai,Tamil Nadu,Gold,8/20/2021
CUST01731,Priya Singh,Kolkata,West Bengal,Silver,11/29/2021
CUST01732,Priya Gupta,Patna,Bihar,Gold,11/19/2021
CUST01733,Priya Gupta,Kolkata,West Bengal,Regular,1/2/2024
CUST01734,Riya Sharma,Mumbai,Maharashtra,Silver,2/24/2024
CUST01735,Priya Sharma,Chandigarh,Chandigarh,Regular,5/8/2022
CUST01736,Rahul Verma,Noida,Uttar Pradesh,Regular,4/25/2023
CUST01737,Priya Gupta,Jaipur,Rajasthan,Gold,10/8/2021
CUST01738,Priya Gupta,Ahmedabad,Gujarat,Regular,8/8/2023
CUST01739,Neha Sharma,Hyderabad,Telangana,Gold,2/15/2024
CUST01740,Rahul Singh,Bengaluru,Karnataka,Regular,4/30/2022
CUST01741,Priya Gupta,Chennai,Tamil Nadu,Gold,10/10/2023
CUST01742,Neha Verma,Lucknow,Uttar Pradesh,Regular,4/12/2022
CUST01743,Rahul Sharma,Kolkata,West Bengal,Regular,9/20/2022
CUST01744,Priya Verma,Mumbai,Maharashtra,Gold,8/5/2023
CUST01745,Riya Gupta,Noida,Uttar Pradesh,Regular,4/6/2023
CUST01746,Neha Sharma,Mumbai,Maharashtra,Gold,6/4/2023
CUST01747,Aarav Verma,Chennai,Tamil Nadu,Regular,12/6/2022
CUST01748,Rahul Verma,Lucknow,Uttar Pradesh,Silver,1/30/2022
CUST01749,Rahul Verma,Pune,Maharashtra,Regular,5/27/2022
CUST01750,Riya Sharma,Kolkata,West Bengal,Regular,9/5/2022
CUST01751,Neha Sharma,Delhi,Delhi,Regular,3/11/2023
CUST01752,Priya Gupta,Pune,Maharashtra,Silver,2/3/2021
CUST01753,Riya Gupta,Chandigarh,Chandigarh,Regular,3/14/2021
CUST01754,Riya Gupta,Bengaluru,Karnataka,Silver,3/15/2024
CUST01755,Neha Gupta,Hyderabad,Telangana,Regular,8/12/2022
CUST01756,Rahul Sharma,Kolkata,West Bengal,Regular,5/29/2021
CUST01757,Priya Sharma,Chandigarh,Chandigarh,Gold,5/6/2023
CUST01758,Aarav Gupta,Kochi,Kerala,Regular,9/5/2021
CUST01759,Aarav Gupta,Hyderabad,Telangana,Regular,12/25/2023
CUST01760,Riya Verma,Kochi,Kerala,Silver,3/30/2022
CUST01761,Riya Singh,Mumbai,Maharashtra,Gold,1/4/2021
CUST01762,Neha Gupta,Indore,Madhya Pradesh,Gold,3/9/2024
CUST01763,Ananya Sharma,Ahmedabad,Gujarat,Regular,12/27/2021
CUST01764,Ananya Verma,Patna,Bihar,Regular,10/27/2022
CUST01765,Priya Sharma,Kolkata,West Bengal,Silver,6/10/2023
CUST01766,Ananya Gupta,Noida,Uttar Pradesh,Regular,9/15/2022
CUST01767,Aarav Verma,Pune,Maharashtra,Silver,4/27/2023
CUST01768,Riya Gupta,Chennai,Tamil Nadu,Gold,4/21/2022
CUST01769,Aarav Singh,Hyderabad,Telangana,Gold,3/6/2023
CUST01770,Ananya Gupta,Ahmedabad,Gujarat,Gold,2/28/2023
CUST01771,Aarav Sharma,Mumbai,Maharashtra,Regular,9/30/2022
CUST01772,Aarav Gupta,Pune,Maharashtra,Regular,6/29/2021
CUST01773,Riya Sharma,Indore,Madhya Pradesh,Regular,3/17/2021
CUST01774,Ananya Verma,Indore,Madhya Pradesh,Gold,3/2/2024
CUST01775,Priya Verma,Lucknow,Uttar Pradesh,Silver,12/9/2022
CUST01776,Riya Singh,Bengaluru,Karnataka,Gold,7/26/2023
CUST01777,Ananya Gupta,Chandigarh,Chandigarh,Silver,11/10/2023
CUST01778,Aarav Singh,Jaipur,Rajasthan,Regular,1/12/2024
CUST01779,Priya Singh,Chennai,Tamil Nadu,Gold,4/2/2024
CUST01780,Neha Singh,Ahmedabad,Gujarat,Gold,1/2/2021
CUST01781,Neha Verma,Indore,Madhya Pradesh,Regular,8/18/2021
CUST01782,Riya Verma,Chennai,Tamil Nadu,Regular,11/26/2021
CUST01783,Ananya Sharma,Jaipur,Rajasthan,Gold,6/15/2022
CUST01784,Priya Verma,Kolkata,West Bengal,Silver,1/6/2021
CUST01785,Rahul Verma,Kochi,Kerala,Silver,10/4/2021
CUST01786,Rahul Singh,Lucknow,Uttar Pradesh,Silver,10/26/2022
CUST01787,Aarav Singh,Bengaluru,Karnataka,Gold,10/7/2023
CUST01788,Aarav Verma,Noida,Uttar Pradesh,Regular,8/25/2023
CUST01789,Riya Verma,Jaipur,Rajasthan,Silver,10/6/2021
CUST01790,Neha Gupta,Mumbai,Maharashtra,Gold,8/29/2021
CUST01791,Rahul Verma,Delhi,Delhi,Gold,1/14/2024
CUST01792,Ananya Gupta,Noida,Uttar Pradesh,Gold,5/21/2021
CUST01793,Aarav Verma,Noida,Uttar Pradesh,Gold,9/1/2022
CUST01794,Aarav Verma,Mumbai,Maharashtra,Silver,12/11/2022
CUST01795,Ananya Gupta,Mumbai,Maharashtra,Silver,2/9/2022
CUST01796,Priya Sharma,Hyderabad,Telangana,Gold,5/3/2023
CUST01797,Rahul Gupta,Chennai,Tamil Nadu,Silver,7/25/2021
CUST01798,Neha Verma,Lucknow,Uttar Pradesh,Regular,10/6/2021
CUST01799,Rahul Verma,Kochi,Kerala,Gold,10/18/2021
CUST01800,Riya Verma,Pune,Maharashtra,Silver,1/1/2024
CUST01801,Ananya Verma,Bengaluru,Karnataka,Regular,10/28/2021
CUST01802,Aarav Gupta,Lucknow,Uttar Pradesh,Silver,10/16/2022
CUST01803,Riya Sharma,Noida,Uttar Pradesh,Regular,5/11/2021
CUST01804,Neha Sharma,Ahmedabad,Gujarat,Regular,7/12/2021
CUST01805,Neha Sharma,Ahmedabad,Gujarat,Regular,1/28/2023
CUST01806,Neha Gupta,Chennai,Tamil Nadu,Gold,11/28/2022
CUST01807,Riya Gupta,Kolkata,West Bengal,Gold,5/17/2023
CUST01808,Neha Verma,Pune,Maharashtra,Gold,1/9/2024
CUST01809,Riya Sharma,Chandigarh,Chandigarh,Silver,2/24/2022
CUST01810,Ananya Gupta,Chennai,Tamil Nadu,Silver,4/19/2022
CUST01811,Priya Verma,Lucknow,Uttar Pradesh,Gold,5/28/2021
CUST01812,Priya Gupta,Jaipur,Rajasthan,Gold,7/4/2022
CUST01813,Rahul Gupta,Indore,Madhya Pradesh,Gold,6/25/2022
CUST01814,Riya Gupta,Indore,Madhya Pradesh,Gold,3/30/2021
CUST01815,Priya Singh,Jaipur,Rajasthan,Gold,2/23/2021
CUST01816,Priya Verma,Noida,Uttar Pradesh,Gold,9/24/2022
CUST01817,Aarav Gupta,Hyderabad,Telangana,Silver,6/3/2021
CUST01818,Ananya Gupta,Mumbai,Maharashtra,Silver,12/14/2022
CUST01819,Neha Singh,Jaipur,Rajasthan,Gold,11/24/2022
CUST01820,Neha Verma,Lucknow,Uttar Pradesh,Silver,2/7/2021
CUST01821,Neha Sharma,Noida,Uttar Pradesh,Silver,7/31/2022
CUST01822,Rahul Singh,Bengaluru,Karnataka,Silver,4/25/2023
CUST01823,Neha Sharma,Jaipur,Rajasthan,Regular,9/29/2021
CUST01824,Rahul Verma,Chennai,Tamil Nadu,Silver,11/9/2022
CUST01825,Ananya Gupta,Lucknow,Uttar Pradesh,Gold,3/24/2024
CUST01826,Aarav Verma,Pune,Maharashtra,Silver,3/15/2021
CUST01827,Ananya Sharma,Indore,Madhya Pradesh,Gold,9/24/2022
CUST01828,Priya Gupta,Kolkata,West Bengal,Silver,2/9/2023
CUST01829,Neha Singh,Chandigarh,Chandigarh,Regular,7/19/2022
CUST01830,Ananya Verma,Pune,Maharashtra,Silver,7/9/2022
CUST01831,Priya Sharma,Bengaluru,Karnataka,Regular,8/19/2023
CUST01832,Aarav Gupta,Patna,Bihar,Gold,6/8/2022
CUST01833,Aarav Sharma,Patna,Bihar,Regular,1/2/2023
CUST01834,Ananya Gupta,Jaipur,Rajasthan,Regular,9/6/2023
CUST01835,Rahul Verma,Kolkata,West Bengal,Silver,9/16/2021
CUST01836,Ananya Verma,Delhi,Delhi,Gold,10/16/2023
CUST01837,Neha Verma,Kochi,Kerala,Regular,9/11/2023
CUST01838,Priya Sharma,Hyderabad,Telangana,Regular,3/26/2023
CUST01839,Riya Verma,Hyderabad,Telangana,Gold,8/6/2022
CUST01840,Aarav Singh,Kochi,Kerala,Gold,4/14/2021
CUST01841,Riya Verma,Hyderabad,Telangana,Regular,10/8/2021
CUST01842,Neha Gupta,Ahmedabad,Gujarat,Regular,8/21/2023
CUST01843,Ananya Verma,Delhi,Delhi,Gold,1/6/2024
CUST01844,Rahul Singh,Kolkata,West Bengal,Regular,10/13/2022
CUST01845,Aarav Verma,Jaipur,Rajasthan,Silver,6/5/2022
CUST01846,Ananya Singh,Jaipur,Rajasthan,Gold,8/21/2021
CUST01847,Ananya Verma,Bengaluru,Karnataka,Silver,12/9/2021
CUST01848,Rahul Gupta,Mumbai,Maharashtra,Silver,11/27/2023
CUST01849,Ananya Verma,Lucknow,Uttar Pradesh,Regular,7/27/2022
CUST01850,Aarav Gupta,Lucknow,Uttar Pradesh,Regular,5/14/2021
CUST01851,Aarav Gupta,Patna,Bihar,Regular,4/3/2022
CUST01852,Aarav Verma,Indore,Madhya Pradesh,Regular,4/8/2021
CUST01853,Aarav Sharma,Kolkata,West Bengal,Silver,12/3/2023
CUST01854,Aarav Sharma,Kolkata,West Bengal,Gold,9/14/2021
CUST01855,Neha Sharma,Pune,Maharashtra,Silver,4/2/2024
CUST01856,Priya Singh,Indore,Madhya Pradesh,Regular,11/2/2022
CUST01857,Aarav Sharma,Indore,Madhya Pradesh,Silver,8/6/2021
CUST01858,Aarav Verma,Kolkata,West Bengal,Silver,2/13/2024
CUST01859,Rahul Singh,Delhi,Delhi,Regular,8/27/2023
CUST01860,Neha Gupta,Chennai,Tamil Nadu,Regular,3/16/2022
CUST01861,Riya Verma,Chennai,Tamil Nadu,Regular,10/2/2021
CUST01862,Riya Sharma,Ahmedabad,Gujarat,Regular,6/8/2021
CUST01863,Rahul Singh,Bengaluru,Karnataka,Regular,8/17/2021
CUST01864,Rahul Verma,Mumbai,Maharashtra,Gold,1/13/2021
CUST01865,Neha Verma,Bengaluru,Karnataka,Gold,5/13/2023
CUST01866,Neha Sharma,Patna,Bihar,Regular,7/26/2021
CUST01867,Ananya Sharma,Chennai,Tamil Nadu,Regular,8/7/2021
CUST01868,Rahul Gupta,Hyderabad,Telangana,Gold,3/29/2023
CUST01869,Priya Sharma,Kolkata,West Bengal,Gold,5/4/2022
CUST01870,Neha Gupta,Mumbai,Maharashtra,Regular,1/25/2023
CUST01871,Priya Gupta,Noida,Uttar Pradesh,Gold,2/20/2023
CUST01872,Riya Gupta,Ahmedabad,Gujarat,Regular,4/18/2021
CUST01873,Rahul Gupta,Ahmedabad,Gujarat,Regular,11/4/2021
CUST01874,Neha Singh,Delhi,Delhi,Silver,12/30/2023
CUST01875,Priya Gupta,Ahmedabad,Gujarat,Gold,7/9/2021
CUST01876,Aarav Singh,Hyderabad,Telangana,Regular,11/11/2023
CUST01877,Neha Verma,Delhi,Delhi,Silver,10/21/2023
CUST01878,Rahul Singh,Chennai,Tamil Nadu,Silver,10/7/2021
CUST01879,Rahul Singh,Kochi,Kerala,Regular,9/26/2022
CUST01880,Neha Sharma,Mumbai,Maharashtra,Regular,9/7/2022
CUST01881,Neha Gupta,Kolkata,West Bengal,Silver,9/3/2022
CUST01882,Priya Singh,Bengaluru,Karnataka,Regular,7/2/2021
CUST01883,Priya Sharma,Noida,Uttar Pradesh,Regular,3/21/2022
CUST01884,Rahul Sharma,Pune,Maharashtra,Silver,3/19/2024
CUST01885,Priya Gupta,Jaipur,Rajasthan,Silver,2/6/2021
CUST01886,Rahul Singh,Pune,Maharashtra,Regular,8/9/2023
CUST01887,Priya Gupta,Delhi,Delhi,Regular,10/21/2022
CUST01888,Ananya Sharma,Kolkata,West Bengal,Gold,2/9/2021
CUST01889,Neha Gupta,Pune,Maharashtra,Silver,5/27/2022
CUST01890,Ananya Sharma,Patna,Bihar,Silver,3/4/2021
CUST01891,Riya Gupta,Kolkata,West Bengal,Gold,7/28/2021
CUST01892,Neha Sharma,Noida,Uttar Pradesh,Regular,2/24/2023
CUST01893,Neha Sharma,Jaipur,Rajasthan,Gold,10/28/2021
CUST01894,Rahul Sharma,Delhi,Delhi,Gold,7/2/2021
CUST01895,Ananya Verma,Pune,Maharashtra,Gold,6/29/2021
CUST01896,Priya Gupta,Hyderabad,Telangana,Silver,10/22/2021
CUST01897,Neha Singh,Bengaluru,Karnataka,Regular,8/31/2021
CUST01898,Neha Gupta,Mumbai,Maharashtra,Regular,3/25/2024
CUST01899,Ananya Singh,Kolkata,West Bengal,Regular,8/8/2023
CUST01900,Aarav Verma,Indore,Madhya Pradesh,Regular,8/4/2021
CUST01901,Neha Gupta,Mumbai,Maharashtra,Silver,10/5/2023
CUST01902,Rahul Verma,Mumbai,Maharashtra,Gold,10/21/2021
CUST01903,Neha Singh,Jaipur,Rajasthan,Silver,9/5/2022
CUST01904,Ananya Gupta,Indore,Madhya Pradesh,Gold,7/19/2022
CUST01905,Priya Singh,Chandigarh,Chandigarh,Gold,1/10/2024
CUST01906,Ananya Verma,Chennai,Tamil Nadu,Silver,9/19/2023
CUST01907,Riya Gupta,Kolkata,West Bengal,Regular,7/10/2022
CUST01908,Aarav Singh,Jaipur,Rajasthan,Gold,9/18/2022
CUST01909,Aarav Sharma,Mumbai,Maharashtra,Silver,11/2/2021
CUST01910,Rahul Sharma,Kochi,Kerala,Gold,5/28/2023
CUST01911,Riya Verma,Jaipur,Rajasthan,Gold,4/10/2024
CUST01912,Aarav Gupta,Bengaluru,Karnataka,Regular,9/27/2022
CUST01913,Aarav Gupta,Hyderabad,Telangana,Silver,9/21/2021
CUST01914,Neha Sharma,Lucknow,Uttar Pradesh,Gold,12/21/2022
CUST01915,Aarav Singh,Lucknow,Uttar Pradesh,Gold,5/28/2021
CUST01916,Rahul Verma,Noida,Uttar Pradesh,Silver,5/11/2022
CUST01917,Priya Sharma,Hyderabad,Telangana,Gold,11/21/2021
CUST01918,Riya Singh,Ahmedabad,Gujarat,Silver,1/17/2024
CUST01919,Ananya Singh,Kochi,Kerala,Regular,4/22/2023
CUST01920,Rahul Sharma,Kolkata,West Bengal,Gold,6/30/2022
CUST01921,Priya Gupta,Jaipur,Rajasthan,Regular,4/19/2021
CUST01922,Aarav Verma,Kolkata,West Bengal,Gold,5/7/2021
CUST01923,Riya Singh,Jaipur,Rajasthan,Regular,5/5/2021
CUST01924,Aarav Singh,Kolkata,West Bengal,Silver,11/20/2023
CUST01925,Aarav Sharma,Chennai,Tamil Nadu,Silver,8/19/2022
CUST01926,Neha Sharma,Mumbai,Maharashtra,Silver,5/12/2022
CUST01927,Rahul Sharma,Kolkata,West Bengal,Gold,5/17/2022
CUST01928,Riya Verma,Mumbai,Maharashtra,Silver,5/21/2023
CUST01929,Neha Singh,Hyderabad,Telangana,Gold,1/18/2023
CUST01930,Neha Singh,Chandigarh,Chandigarh,Regular,1/18/2021
CUST01931,Neha Sharma,Patna,Bihar,Silver,6/5/2021
CUST01932,Riya Singh,Chennai,Tamil Nadu,Gold,8/27/2023
CUST01933,Ananya Verma,Delhi,Delhi,Regular,10/15/2022
CUST01934,Neha Verma,Pune,Maharashtra,Regular,1/28/2023
CUST01935,Ananya Singh,Kochi,Kerala,Gold,1/20/2022
CUST01936,Priya Verma,Pune,Maharashtra,Silver,5/22/2021
CUST01937,Priya Verma,Kolkata,West Bengal,Silver,9/13/2023
CUST01938,Aarav Sharma,Pune,Maharashtra,Regular,8/7/2023
CUST01939,Riya Sharma,Kolkata,West Bengal,Gold,12/25/2021
CUST01940,Priya Singh,Kolkata,West Bengal,Regular,12/28/2023
CUST01941,Riya Gupta,Chennai,Tamil Nadu,Gold,8/1/2023
CUST01942,Neha Singh,Kochi,Kerala,Gold,12/13/2023
CUST01943,Priya Verma,Indore,Madhya Pradesh,Regular,10/27/2021
CUST01944,Neha Sharma,Pune,Maharashtra,Silver,6/4/2023
CUST01945,Aarav Gupta,Delhi,Delhi,Regular,4/3/2021
CUST01946,Neha Verma,Noida,Uttar Pradesh,Silver,10/27/2023
CUST01947,Aarav Gupta,Lucknow,Uttar Pradesh,Silver,5/7/2023
CUST01948,Priya Singh,Kolkata,West Bengal,Regular,11/18/2023
CUST01949,Riya Verma,Chennai,Tamil Nadu,Gold,12/21/2022
CUST01950,Riya Singh,Chennai,Tamil Nadu,Regular,12/12/2022
CUST01951,Rahul Verma,Noida,Uttar Pradesh,Silver,6/6/2023
CUST01952,Rahul Sharma,Chennai,Tamil Nadu,Silver,10/5/2023
CUST01953,Riya Singh,Lucknow,Uttar Pradesh,Silver,4/4/2022
CUST01954,Neha Singh,Jaipur,Rajasthan,Gold,5/29/2023
CUST01955,Aarav Singh,Lucknow,Uttar Pradesh,Regular,9/14/2023
CUST01956,Rahul Verma,Bengaluru,Karnataka,Gold,1/11/2022
CUST01957,Riya Singh,Chandigarh,Chandigarh,Regular,4/25/2022
CUST01958,Ananya Verma,Patna,Bihar,Silver,10/23/2021
CUST01959,Riya Singh,Indore,Madhya Pradesh,Regular,5/30/2021
CUST01960,Priya Gupta,Noida,Uttar Pradesh,Gold,1/19/2024
CUST01961,Riya Sharma,Jaipur,Rajasthan,Silver,9/2/2023
CUST01962,Rahul Sharma,Chandigarh,Chandigarh,Gold,6/1/2021
CUST01963,Priya Sharma,Mumbai,Maharashtra,Silver,9/29/2022
CUST01964,Neha Singh,Kolkata,West Bengal,Regular,3/6/2022
CUST01965,Ananya Sharma,Kochi,Kerala,Gold,11/10/2023
CUST01966,Rahul Gupta,Chennai,Tamil Nadu,Regular,6/6/2023
CUST01967,Ananya Verma,Delhi,Delhi,Silver,8/11/2022
CUST01968,Rahul Singh,Ahmedabad,Gujarat,Silver,10/10/2021
CUST01969,Neha Verma,Lucknow,Uttar Pradesh,Gold,1/28/2024
CUST01970,Rahul Verma,Jaipur,Rajasthan,Regular,7/30/2022
CUST01971,Priya Singh,Kochi,Kerala,Gold,7/21/2022
CUST01972,Aarav Verma,Delhi,Delhi,Gold,11/16/2021
CUST01973,Rahul Sharma,Pune,Maharashtra,Regular,11/16/2021
CUST01974,Neha Verma,Jaipur,Rajasthan,Silver,1/15/2022
CUST01975,Rahul Verma,Pune,Maharashtra,Regular,4/21/2022
CUST01976,Riya Verma,Chennai,Tamil Nadu,Regular,11/13/2023
CUST01977,Riya Gupta,Mumbai,Maharashtra,Silver,8/19/2021
CUST01978,Priya Singh,Pune,Maharashtra,Silver,2/15/2024
CUST01979,Priya Sharma,Delhi,Delhi,Silver,4/2/2024
CUST01980,Rahul Sharma,Chandigarh,Chandigarh,Silver,1/19/2022
CUST01981,Riya Gupta,Patna,Bihar,Gold,4/21/2021
CUST01982,Riya Verma,Pune,Maharashtra,Gold,3/10/2021
CUST01983,Riya Verma,Bengaluru,Karnataka,Gold,11/1/2023
CUST01984,Priya Sharma,Delhi,Delhi,Regular,4/1/2022
CUST01985,Neha Sharma,Noida,Uttar Pradesh,Gold,6/12/2023
CUST01986,Ananya Sharma,Pune,Maharashtra,Silver,9/29/2023
CUST01987,Aarav Verma,Kochi,Kerala,Silver,6/19/2021
CUST01988,Aarav Gupta,Chennai,Tamil Nadu,Regular,4/15/2024
CUST01989,Priya Verma,Ahmedabad,Gujarat,Regular,7/22/2023
CUST01990,Priya Gupta,Bengaluru,Karnataka,Gold,6/19/2021
CUST01991,Priya Singh,Indore,Madhya Pradesh,Silver,3/31/2021
CUST01992,Rahul Verma,Lucknow,Uttar Pradesh,Silver,10/8/2023
CUST01993,Aarav Sharma,Chandigarh,Chandigarh,Regular,11/24/2022
CUST01994,Aarav Gupta,Pune,Maharashtra,Gold,4/10/2024
CUST01995,Priya Singh,Jaipur,Rajasthan,Silver,1/11/2024
CUST01996,Ananya Sharma,Ahmedabad,Gujarat,Regular,5/9/2022
CUST01997,Neha Sharma,Jaipur,Rajasthan,Gold,9/19/2021
CUST01998,Aarav Verma,Mumbai,Maharashtra,Regular,10/2/2021
CUST01999,Riya Gupta,Kolkata,West Bengal,Gold,2/22/2021
CUST02000,Rahul Sharma,Pune,Maharashtra,Gold,5/4/2023
CUST02001,Ananya Gupta,Jaipur,Rajasthan,Regular,8/17/2021
CUST02002,Riya Gupta,Patna,Bihar,Gold,7/11/2021
CUST02003,Priya Singh,Pune,Maharashtra,Silver,7/19/2021
CUST02004,Aarav Verma,Ahmedabad,Gujarat,Silver,8/15/2023
CUST02005,Ananya Gupta,Patna,Bihar,Regular,8/20/2023
CUST02006,Ananya Singh,Bengaluru,Karnataka,Gold,11/20/2023
CUST02007,Ananya Gupta,Indore,Madhya Pradesh,Silver,9/11/2022
CUST02008,Priya Gupta,Kochi,Kerala,Regular,5/10/2023
CUST02009,Ananya Gupta,Lucknow,Uttar Pradesh,Silver,8/22/2023
CUST02010,Riya Gupta,Kolkata,West Bengal,Regular,3/15/2022
CUST02011,Rahul Singh,Kolkata,West Bengal,Regular,2/28/2022
CUST02012,Aarav Sharma,Chandigarh,Chandigarh,Regular,12/31/2022
CUST02013,Aarav Verma,Bengaluru,Karnataka,Regular,7/11/2022
CUST02014,Neha Singh,Chandigarh,Chandigarh,Regular,9/20/2022
CUST02015,Priya Verma,Chennai,Tamil Nadu,Gold,8/15/2021
CUST02016,Riya Sharma,Mumbai,Maharashtra,Gold,7/1/2021
CUST02017,Neha Gupta,Patna,Bihar,Silver,2/1/2024
CUST02018,Neha Verma,Indore,Madhya Pradesh,Gold,12/19/2023
CUST02019,Priya Verma,Bengaluru,Karnataka,Regular,11/5/2021
CUST02020,Neha Gupta,Mumbai,Maharashtra,Regular,8/3/2022
CUST02021,Neha Sharma,Jaipur,Rajasthan,Gold,7/23/2022
CUST02022,Neha Gupta,Mumbai,Maharashtra,Silver,8/30/2023
CUST02023,Neha Verma,Mumbai,Maharashtra,Regular,9/6/2023
CUST02024,Ananya Sharma,Kochi,Kerala,Silver,1/22/2023
CUST02025,Neha Sharma,Chandigarh,Chandigarh,Regular,2/16/2022
CUST02026,Aarav Sharma,Mumbai,Maharashtra,Regular,2/1/2022
CUST02027,Rahul Sharma,Patna,Bihar,Gold,9/11/2021
CUST02028,Rahul Singh,Chennai,Tamil Nadu,Regular,11/1/2023
CUST02029,Ananya Singh,Jaipur,Rajasthan,Silver,8/17/2021
CUST02030,Neha Sharma,Jaipur,Rajasthan,Regular,10/10/2023
CUST02031,Aarav Verma,Chandigarh,Chandigarh,Gold,12/16/2023
CUST02032,Ananya Verma,Bengaluru,Karnataka,Silver,9/10/2021
CUST02033,Riya Verma,Chennai,Tamil Nadu,Silver,2/19/2021
CUST02034,Aarav Singh,Kolkata,West Bengal,Gold,1/12/2023
CUST02035,Rahul Singh,Mumbai,Maharashtra,Gold,12/23/2022
CUST02036,Ananya Gupta,Noida,Uttar Pradesh,Gold,4/11/2024
CUST02037,Ananya Verma,Hyderabad,Telangana,Silver,2/2/2021
CUST02038,Riya Singh,Bengaluru,Karnataka,Gold,6/18/2021
CUST02039,Aarav Gupta,Kolkata,West Bengal,Gold,9/4/2023
CUST02040,Riya Sharma,Pune,Maharashtra,Gold,11/15/2021
CUST02041,Neha Singh,Hyderabad,Telangana,Silver,2/27/2022
CUST02042,Ananya Gupta,Bengaluru,Karnataka,Gold,1/15/2023
CUST02043,Aarav Singh,Indore,Madhya Pradesh,Silver,2/9/2024
CUST02044,Aarav Sharma,Patna,Bihar,Gold,11/29/2023
CUST02045,Priya Singh,Jaipur,Rajasthan,Gold,2/13/2024
CUST02046,Priya Sharma,Ahmedabad,Gujarat,Regular,10/17/2023
CUST02047,Ananya Singh,Chandigarh,Chandigarh,Silver,8/16/2021
CUST02048,Priya Sharma,Kochi,Kerala,Regular,6/8/2022
CUST02049,Aarav Verma,Chennai,Tamil Nadu,Silver,3/19/2023
CUST02050,Rahul Verma,Chandigarh,Chandigarh,Gold,12/14/2023
CUST02051,Priya Gupta,Noida,Uttar Pradesh,Gold,11/7/2023
CUST02052,Ananya Singh,Pune,Maharashtra,Silver,11/21/2021
CUST02053,Rahul Singh,Kochi,Kerala,Gold,6/8/2021
CUST02054,Riya Verma,Pune,Maharashtra,Gold,11/28/2023
CUST02055,Priya Singh,Delhi,Delhi,Silver,2/26/2022
CUST02056,Priya Sharma,Kolkata,West Bengal,Regular,8/8/2022
CUST02057,Priya Verma,Hyderabad,Telangana,Regular,9/3/2022
CUST02058,Neha Gupta,Patna,Bihar,Regular,6/11/2022
CUST02059,Priya Singh,Pune,Maharashtra,Gold,7/12/2023
CUST02060,Neha Singh,Noida,Uttar Pradesh,Gold,1/22/2021
CUST02061,Aarav Sharma,Mumbai,Maharashtra,Gold,6/26/2022
CUST02062,Aarav Sharma,Lucknow,Uttar Pradesh,Regular,2/20/2024
CUST02063,Riya Verma,Noida,Uttar Pradesh,Gold,10/14/2022
CUST02064,Neha Sharma,Kochi,Kerala,Gold,3/27/2021
CUST02065,Aarav Verma,Patna,Bihar,Gold,11/28/2022
CUST02066,Ananya Singh,Chennai,Tamil Nadu,Gold,6/18/2023
CUST02067,Ananya Verma,Ahmedabad,Gujarat,Regular,5/9/2022
CUST02068,Priya Sharma,Chandigarh,Chandigarh,Regular,2/15/2024
CUST02069,Aarav Gupta,Delhi,Delhi,Gold,10/2/2021
CUST02070,Riya Verma,Hyderabad,Telangana,Silver,10/9/2022
CUST02071,Neha Sharma,Patna,Bihar,Gold,1/3/2024
CUST02072,Neha Singh,Lucknow,Uttar Pradesh,Silver,9/27/2022
CUST02073,Priya Singh,Noida,Uttar Pradesh,Gold,9/3/2021
CUST02074,Riya Sharma,Bengaluru,Karnataka,Silver,1/26/2023
CUST02075,Riya Singh,Patna,Bihar,Gold,5/9/2021
CUST02076,Priya Singh,Mumbai,Maharashtra,Gold,3/24/2023
CUST02077,Priya Verma,Kolkata,West Bengal,Gold,6/30/2023
CUST02078,Rahul Singh,Hyderabad,Telangana,Regular,8/19/2021
CUST02079,Aarav Verma,Pune,Maharashtra,Regular,1/8/2023
CUST02080,Neha Singh,Delhi,Delhi,Silver,9/14/2022
CUST02081,Aarav Verma,Jaipur,Rajasthan,Regular,10/26/2023
CUST02082,Neha Singh,Delhi,Delhi,Silver,3/1/2024
CUST02083,Ananya Sharma,Noida,Uttar Pradesh,Gold,11/8/2022
CUST02084,Aarav Verma,Chandigarh,Chandigarh,Regular,7/31/2021
CUST02085,Neha Sharma,Kochi,Kerala,Gold,10/6/2023
CUST02086,Ananya Singh,Kochi,Kerala,Regular,4/2/2023
CUST02087,Priya Sharma,Mumbai,Maharashtra,Regular,1/17/2023
CUST02088,Ananya Sharma,Chennai,Tamil Nadu,Gold,7/13/2021
CUST02089,Riya Verma,Lucknow,Uttar Pradesh,Gold,8/29/2022
CUST02090,Priya Verma,Noida,Uttar Pradesh,Silver,9/4/2023
CUST02091,Priya Verma,Chennai,Tamil Nadu,Regular,11/20/2022
CUST02092,Neha Verma,Chandigarh,Chandigarh,Gold,10/6/2023
CUST02093,Neha Singh,Indore,Madhya Pradesh,Silver,3/21/2022
CUST02094,Ananya Gupta,Pune,Maharashtra,Regular,3/13/2023
CUST02095,Riya Verma,Pune,Maharashtra,Regular,12/19/2023
CUST02096,Riya Sharma,Pune,Maharashtra,Silver,11/10/2023
CUST02097,Priya Sharma,Indore,Madhya Pradesh,Gold,1/18/2021
CUST02098,Aarav Gupta,Patna,Bihar,Regular,6/15/2022
CUST02099,Rahul Singh,Lucknow,Uttar Pradesh,Silver,3/17/2022
CUST02100,Rahul Gupta,Jaipur,Rajasthan,Regular,9/29/2022
CUST02101,Neha Singh,Kolkata,West Bengal,Regular,8/22/2022
CUST02102,Priya Sharma,Kochi,Kerala,Silver,10/23/2021
CUST02103,Neha Gupta,Jaipur,Rajasthan,Silver,12/19/2022
CUST02104,Priya Gupta,Kolkata,West Bengal,Silver,10/27/2023
CUST02105,Rahul Verma,Patna,Bihar,Silver,10/14/2021
CUST02106,Aarav Verma,Delhi,Delhi,Silver,11/28/2022
CUST02107,Ananya Gupta,Chandigarh,Chandigarh,Silver,9/27/2021
CUST02108,Riya Gupta,Indore,Madhya Pradesh,Regular,5/21/2022
CUST02109,Riya Sharma,Kolkata,West Bengal,Silver,7/21/2022
CUST02110,Ananya Singh,Delhi,Delhi,Silver,5/27/2022
CUST02111,Priya Verma,Indore,Madhya Pradesh,Regular,2/11/2021
CUST02112,Ananya Sharma,Pune,Maharashtra,Regular,8/4/2022
CUST02113,Priya Verma,Kochi,Kerala,Gold,6/9/2021
CUST02114,Ananya Verma,Patna,Bihar,Regular,5/27/2022
CUST02115,Aarav Sharma,Chennai,Tamil Nadu,Gold,6/16/2021
CUST02116,Ananya Verma,Chennai,Tamil Nadu,Regular,6/29/2021
CUST02117,Ananya Sharma,Hyderabad,Telangana,Regular,10/15/2021
CUST02118,Priya Singh,Mumbai,Maharashtra,Regular,1/4/2021
CUST02119,Rahul Singh,Pune,Maharashtra,Gold,3/28/2021
CUST02120,Aarav Verma,Delhi,Delhi,Gold,2/12/2022
CUST02121,Rahul Verma,Lucknow,Uttar Pradesh,Gold,8/23/2021
CUST02122,Ananya Sharma,Bengaluru,Karnataka,Gold,8/14/2023
CUST02123,Rahul Verma,Indore,Madhya Pradesh,Gold,2/19/2021
CUST02124,Rahul Sharma,Chennai,Tamil Nadu,Silver,1/12/2023
CUST02125,Priya Sharma,Indore,Madhya Pradesh,Regular,3/3/2024
CUST02126,Neha Verma,Kolkata,West Bengal,Gold,5/5/2023
CUST02127,Riya Gupta,Chandigarh,Chandigarh,Silver,3/9/2021
CUST02128,Neha Gupta,Chennai,Tamil Nadu,Silver,3/2/2022
CUST02129,Priya Sharma,Kolkata,West Bengal,Regular,10/1/2022
CUST02130,Riya Verma,Patna,Bihar,Gold,7/24/2023
CUST02131,Neha Verma,Chennai,Tamil Nadu,Regular,11/23/2023
CUST02132,Riya Sharma,Chennai,Tamil Nadu,Silver,7/16/2023
CUST02133,Riya Gupta,Bengaluru,Karnataka,Gold,7/9/2021
CUST02134,Aarav Sharma,Kolkata,West Bengal,Gold,1/10/2022
CUST02135,Rahul Verma,Lucknow,Uttar Pradesh,Gold,3/12/2024
CUST02136,Neha Verma,Ahmedabad,Gujarat,Regular,4/4/2024
CUST02137,Neha Verma,Ahmedabad,Gujarat,Regular,7/6/2021
CUST02138,Riya Singh,Hyderabad,Telangana,Silver,9/16/2022
CUST02139,Priya Sharma,Noida,Uttar Pradesh,Silver,4/24/2021
CUST02140,Riya Singh,Delhi,Delhi,Gold,6/1/2021
CUST02141,Priya Sharma,Hyderabad,Telangana,Regular,11/10/2023
CUST02142,Aarav Singh,Ahmedabad,Gujarat,Gold,3/4/2022
CUST02143,Ananya Verma,Patna,Bihar,Regular,5/8/2023
CUST02144,Riya Singh,Bengaluru,Karnataka,Gold,1/7/2022
CUST02145,Priya Sharma,Lucknow,Uttar Pradesh,Regular,5/8/2023
CUST02146,Aarav Sharma,Delhi,Delhi,Regular,1/18/2022
CUST02147,Rahul Singh,Mumbai,Maharashtra,Gold,5/6/2022
CUST02148,Neha Sharma,Delhi,Delhi,Regular,2/1/2022
CUST02149,Aarav Sharma,Lucknow,Uttar Pradesh,Gold,9/8/2023
CUST02150,Rahul Sharma,Indore,Madhya Pradesh,Gold,1/5/2022
CUST02151,Aarav Sharma,Mumbai,Maharashtra,Silver,8/18/2021
CUST02152,Neha Singh,Chennai,Tamil Nadu,Silver,2/20/2021
CUST02153,Priya Singh,Ahmedabad,Gujarat,Gold,6/14/2023
CUST02154,Neha Gupta,Hyderabad,Telangana,Regular,3/1/2024
CUST02155,Aarav Gupta,Lucknow,Uttar Pradesh,Regular,8/5/2021
CUST02156,Neha Singh,Lucknow,Uttar Pradesh,Silver,1/24/2021
CUST02157,Aarav Verma,Lucknow,Uttar Pradesh,Regular,4/19/2022
CUST02158,Neha Verma,Delhi,Delhi,Regular,9/26/2022
CUST02159,Riya Sharma,Kolkata,West Bengal,Regular,7/7/2021
CUST02160,Rahul Sharma,Mumbai,Maharashtra,Gold,7/7/2023
CUST02161,Aarav Sharma,Kochi,Kerala,Regular,11/1/2022
CUST02162,Rahul Verma,Patna,Bihar,Regular,6/20/2021
CUST02163,Neha Gupta,Delhi,Delhi,Gold,12/10/2023
CUST02164,Priya Verma,Noida,Uttar Pradesh,Gold,12/16/2022
CUST02165,Rahul Verma,Chennai,Tamil Nadu,Silver,6/21/2023
CUST02166,Priya Sharma,Lucknow,Uttar Pradesh,Regular,6/2/2021
CUST02167,Rahul Verma,Ahmedabad,Gujarat,Silver,1/12/2023
CUST02168,Priya Gupta,Pune,Maharashtra,Silver,5/15/2022
CUST02169,Neha Singh,Delhi,Delhi,Regular,3/29/2021
CUST02170,Riya Singh,Lucknow,Uttar Pradesh,Silver,5/11/2023
CUST02171,Neha Verma,Indore,Madhya Pradesh,Gold,1/2/2023
CUST02172,Neha Verma,Lucknow,Uttar Pradesh,Gold,2/29/2024
CUST02173,Ananya Gupta,Kolkata,West Bengal,Silver,4/27/2023
CUST02174,Rahul Sharma,Ahmedabad,Gujarat,Gold,3/11/2022
CUST02175,Neha Gupta,Bengaluru,Karnataka,Gold,5/8/2021
CUST02176,Ananya Gupta,Mumbai,Maharashtra,Gold,10/4/2021
CUST02177,Priya Singh,Kochi,Kerala,Regular,6/12/2022
CUST02178,Neha Verma,Chennai,Tamil Nadu,Regular,10/28/2022
CUST02179,Aarav Sharma,Chandigarh,Chandigarh,Silver,5/13/2023
CUST02180,Aarav Singh,Kolkata,West Bengal,Silver,12/8/2023
CUST02181,Rahul Verma,Jaipur,Rajasthan,Silver,1/7/2022
CUST02182,Ananya Singh,Patna,Bihar,Silver,1/11/2023
CUST02183,Aarav Gupta,Jaipur,Rajasthan,Regular,1/27/2021
CUST02184,Priya Sharma,Noida,Uttar Pradesh,Silver,4/12/2023
CUST02185,Priya Sharma,Pune,Maharashtra,Regular,1/2/2023
CUST02186,Neha Verma,Pune,Maharashtra,Gold,3/29/2021
CUST02187,Ananya Singh,Lucknow,Uttar Pradesh,Silver,1/22/2023
CUST02188,Ananya Singh,Bengaluru,Karnataka,Silver,11/20/2022
CUST02189,Rahul Sharma,Ahmedabad,Gujarat,Regular,6/30/2021
CUST02190,Riya Singh,Hyderabad,Telangana,Regular,2/5/2022
CUST02191,Neha Verma,Noida,Uttar Pradesh,Regular,9/17/2023
CUST02192,Ananya Verma,Lucknow,Uttar Pradesh,Regular,6/28/2023
CUST02193,Priya Verma,Chennai,Tamil Nadu,Regular,8/9/2022
CUST02194,Aarav Gupta,Bengaluru,Karnataka,Regular,11/8/2021
CUST02195,Ananya Singh,Jaipur,Rajasthan,Regular,9/13/2022
CUST02196,Priya Verma,Noida,Uttar Pradesh,Gold,4/14/2021
CUST02197,Riya Sharma,Kolkata,West Bengal,Regular,9/23/2023
CUST02198,Ananya Verma,Mumbai,Maharashtra,Silver,2/19/2021
CUST02199,Aarav Singh,Kochi,Kerala,Regular,4/2/2024
CUST02200,Neha Gupta,Chandigarh,Chandigarh,Silver,12/9/2022
CUST02201,Rahul Singh,Mumbai,Maharashtra,Regular,1/6/2024
CUST02202,Riya Sharma,Chandigarh,Chandigarh,Gold,11/15/2023
CUST02203,Ananya Sharma,Ahmedabad,Gujarat,Gold,1/3/2023
CUST02204,Ananya Sharma,Chennai,Tamil Nadu,Gold,8/17/2022
CUST02205,Priya Sharma,Jaipur,Rajasthan,Regular,2/19/2024
CUST02206,Rahul Gupta,Mumbai,Maharashtra,Silver,11/29/2022
CUST02207,Rahul Gupta,Chandigarh,Chandigarh,Silver,7/14/2023
CUST02208,Priya Verma,Indore,Madhya Pradesh,Silver,11/20/2022
CUST02209,Aarav Gupta,Patna,Bihar,Silver,3/18/2022
CUST02210,Aarav Verma,Chennai,Tamil Nadu,Gold,7/19/2022
CUST02211,Ananya Singh,Patna,Bihar,Silver,5/9/2021
CUST02212,Riya Singh,Indore,Madhya Pradesh,Gold,10/15/2021
CUST02213,Ananya Gupta,Jaipur,Rajasthan,Silver,2/13/2023
CUST02214,Neha Verma,Noida,Uttar Pradesh,Gold,12/1/2023
CUST02215,Aarav Sharma,Hyderabad,Telangana,Gold,2/18/2024
CUST02216,Riya Sharma,Indore,Madhya Pradesh,Silver,7/7/2023
CUST02217,Ananya Verma,Delhi,Delhi,Regular,5/27/2022
CUST02218,Rahul Verma,Pune,Maharashtra,Regular,12/13/2023
CUST02219,Aarav Gupta,Jaipur,Rajasthan,Regular,9/23/2023
CUST02220,Aarav Gupta,Ahmedabad,Gujarat,Gold,2/9/2024
CUST02221,Rahul Verma,Pune,Maharashtra,Gold,10/21/2021
CUST02222,Priya Sharma,Noida,Uttar Pradesh,Regular,8/31/2021
CUST02223,Rahul Gupta,Kolkata,West Bengal,Gold,3/12/2023
CUST02224,Neha Verma,Delhi,Delhi,Gold,4/29/2021
CUST02225,Neha Sharma,Kolkata,West Bengal,Gold,12/2/2022
CUST02226,Neha Singh,Ahmedabad,Gujarat,Silver,9/7/2022
CUST02227,Riya Sharma,Noida,Uttar Pradesh,Silver,12/1/2021
CUST02228,Riya Gupta,Pune,Maharashtra,Silver,7/7/2022
CUST02229,Rahul Gupta,Patna,Bihar,Silver,8/23/2023
CUST02230,Rahul Verma,Bengaluru,Karnataka,Gold,7/12/2021
CUST02231,Ananya Gupta,Indore,Madhya Pradesh,Regular,7/1/2022
CUST02232,Riya Sharma,Lucknow,Uttar Pradesh,Silver,2/25/2022
CUST02233,Priya Singh,Ahmedabad,Gujarat,Regular,5/22/2021
CUST02234,Riya Singh,Chennai,Tamil Nadu,Gold,10/31/2021
CUST02235,Ananya Gupta,Bengaluru,Karnataka,Regular,7/9/2022
CUST02236,Neha Singh,Chandigarh,Chandigarh,Gold,10/16/2022
CUST02237,Ananya Singh,Pune,Maharashtra,Gold,6/21/2021
CUST02238,Riya Gupta,Lucknow,Uttar Pradesh,Gold,9/28/2022
CUST02239,Priya Singh,Chandigarh,Chandigarh,Gold,2/12/2021
CUST02240,Priya Sharma,Chennai,Tamil Nadu,Silver,12/3/2021
CUST02241,Neha Gupta,Jaipur,Rajasthan,Gold,10/17/2023
CUST02242,Aarav Verma,Kolkata,West Bengal,Silver,3/14/2022
CUST02243,Rahul Sharma,Noida,Uttar Pradesh,Silver,7/8/2022
CUST02244,Neha Singh,Lucknow,Uttar Pradesh,Silver,8/25/2022
CUST02245,Neha Sharma,Mumbai,Maharashtra,Silver,11/19/2021
CUST02246,Ananya Singh,Lucknow,Uttar Pradesh,Regular,2/14/2023
CUST02247,Neha Gupta,Bengaluru,Karnataka,Silver,4/12/2024
CUST02248,Neha Sharma,Noida,Uttar Pradesh,Gold,2/23/2021
CUST02249,Aarav Gupta,Delhi,Delhi,Silver,9/18/2023
CUST02250,Ananya Gupta,Bengaluru,Karnataka,Regular,1/15/2023
CUST02251,Riya Sharma,Jaipur,Rajasthan,Silver,9/28/2021
CUST02252,Neha Verma,Jaipur,Rajasthan,Regular,7/31/2022
CUST02253,Ananya Verma,Bengaluru,Karnataka,Gold,3/27/2021
CUST02254,Aarav Singh,Patna,Bihar,Regular,8/9/2021
CUST02255,Rahul Singh,Indore,Madhya Pradesh,Silver,1/6/2021
CUST02256,Riya Sharma,Hyderabad,Telangana,Gold,8/29/2022
CUST02257,Neha Singh,Kolkata,West Bengal,Regular,3/16/2023
CUST02258,Ananya Verma,Kolkata,West Bengal,Gold,5/26/2023
CUST02259,Priya Gupta,Ahmedabad,Gujarat,Silver,11/5/2021
CUST02260,Priya Verma,Kochi,Kerala,Regular,4/1/2023
CUST02261,Priya Singh,Hyderabad,Telangana,Silver,10/17/2021
CUST02262,Riya Gupta,Chandigarh,Chandigarh,Regular,1/15/2021
CUST02263,Neha Singh,Kolkata,West Bengal,Silver,1/1/2021
CUST02264,Aarav Singh,Bengaluru,Karnataka,Silver,8/17/2022
CUST02265,Riya Singh,Delhi,Delhi,Regular,11/26/2022
CUST02266,Aarav Verma,Jaipur,Rajasthan,Gold,9/6/2023
CUST02267,Neha Verma,Patna,Bihar,Silver,10/10/2023
CUST02268,Priya Gupta,Kolkata,West Bengal,Gold,9/8/2023
CUST02269,Neha Verma,Kolkata,West Bengal,Silver,2/12/2023
CUST02270,Riya Sharma,Delhi,Delhi,Silver,12/21/2022
CUST02271,Priya Sharma,Kochi,Kerala,Gold,8/5/2022
CUST02272,Neha Sharma,Chandigarh,Chandigarh,Gold,3/15/2022
CUST02273,Riya Gupta,Kolkata,West Bengal,Gold,4/1/2021
CUST02274,Priya Gupta,Patna,Bihar,Gold,8/30/2021
CUST02275,Neha Verma,Chennai,Tamil Nadu,Gold,3/22/2022
CUST02276,Priya Gupta,Ahmedabad,Gujarat,Gold,1/16/2023
CUST02277,Priya Gupta,Patna,Bihar,Silver,9/24/2023
CUST02278,Ananya Verma,Noida,Uttar Pradesh,Regular,3/26/2021
CUST02279,Neha Singh,Lucknow,Uttar Pradesh,Silver,2/4/2022
CUST02280,Priya Sharma,Kolkata,West Bengal,Silver,4/16/2022
CUST02281,Rahul Sharma,Delhi,Delhi,Gold,6/5/2021
CUST02282,Ananya Gupta,Noida,Uttar Pradesh,Silver,3/10/2023
CUST02283,Priya Verma,Lucknow,Uttar Pradesh,Silver,5/10/2023
CUST02284,Rahul Singh,Hyderabad,Telangana,Regular,4/24/2023
CUST02285,Riya Sharma,Chennai,Tamil Nadu,Regular,6/13/2021
CUST02286,Neha Singh,Patna,Bihar,Regular,2/22/2023
CUST02287,Priya Verma,Chandigarh,Chandigarh,Silver,9/12/2021
CUST02288,Neha Gupta,Kochi,Kerala,Gold,1/15/2022
CUST02289,Rahul Singh,Delhi,Delhi,Regular,4/9/2021
CUST02290,Aarav Singh,Pune,Maharashtra,Gold,6/22/2022
CUST02291,Riya Singh,Ahmedabad,Gujarat,Gold,1/25/2022
CUST02292,Riya Gupta,Indore,Madhya Pradesh,Regular,3/6/2021
CUST02293,Aarav Gupta,Ahmedabad,Gujarat,Gold,1/29/2024
CUST02294,Priya Sharma,Noida,Uttar Pradesh,Gold,5/10/2023
CUST02295,Neha Gupta,Ahmedabad,Gujarat,Silver,5/1/2022
CUST02296,Priya Verma,Chandigarh,Chandigarh,Regular,11/23/2021
CUST02297,Neha Verma,Lucknow,Uttar Pradesh,Silver,3/15/2022
CUST02298,Ananya Singh,Hyderabad,Telangana,Regular,3/18/2021
CUST02299,Aarav Singh,Patna,Bihar,Silver,10/12/2022
CUST02300,Riya Verma,Pune,Maharashtra,Silver,8/15/2022
CUST02301,Rahul Sharma,Mumbai,Maharashtra,Gold,10/11/2022
CUST02302,Riya Verma,Kolkata,West Bengal,Silver,3/31/2021
CUST02303,Neha Gupta,Lucknow,Uttar Pradesh,Gold,8/3/2021
CUST02304,Aarav Singh,Bengaluru,Karnataka,Gold,11/19/2022
CUST02305,Rahul Verma,Mumbai,Maharashtra,Gold,7/21/2021
CUST02306,Priya Gupta,Bengaluru,Karnataka,Gold,4/25/2021
CUST02307,Aarav Singh,Chandigarh,Chandigarh,Regular,7/18/2023
CUST02308,Rahul Gupta,Ahmedabad,Gujarat,Silver,9/9/2022
CUST02309,Priya Singh,Chandigarh,Chandigarh,Silver,11/20/2022
CUST02310,Priya Verma,Lucknow,Uttar Pradesh,Regular,12/28/2022
CUST02311,Riya Verma,Chandigarh,Chandigarh,Gold,9/5/2023
CUST02312,Rahul Sharma,Chennai,Tamil Nadu,Gold,5/14/2022
CUST02313,Neha Gupta,Mumbai,Maharashtra,Gold,1/20/2022
CUST02314,Riya Verma,Chennai,Tamil Nadu,Silver,4/18/2022
CUST02315,Rahul Singh,Pune,Maharashtra,Silver,3/18/2023
CUST02316,Priya Verma,Chandigarh,Chandigarh,Gold,8/1/2023
CUST02317,Priya Sharma,Noida,Uttar Pradesh,Silver,12/17/2023
CUST02318,Riya Singh,Chennai,Tamil Nadu,Gold,9/26/2023
CUST02319,Aarav Verma,Ahmedabad,Gujarat,Gold,11/19/2023
CUST02320,Riya Gupta,Lucknow,Uttar Pradesh,Gold,6/23/2022
CUST02321,Rahul Singh,Jaipur,Rajasthan,Gold,4/11/2021
CUST02322,Riya Verma,Chandigarh,Chandigarh,Silver,1/11/2023
CUST02323,Aarav Sharma,Chandigarh,Chandigarh,Regular,7/22/2021
CUST02324,Priya Gupta,Noida,Uttar Pradesh,Silver,7/28/2021
CUST02325,Neha Singh,Kochi,Kerala,Regular,1/4/2024
CUST02326,Neha Sharma,Kochi,Kerala,Silver,7/28/2021
CUST02327,Riya Singh,Kochi,Kerala,Silver,10/31/2023
CUST02328,Neha Sharma,Delhi,Delhi,Regular,1/22/2022
CUST02329,Ananya Sharma,Jaipur,Rajasthan,Regular,2/14/2024
CUST02330,Riya Sharma,Ahmedabad,Gujarat,Gold,3/15/2022
CUST02331,Riya Sharma,Ahmedabad,Gujarat,Regular,11/14/2022
CUST02332,Ananya Gupta,Chandigarh,Chandigarh,Regular,2/27/2021
CUST02333,Ananya Verma,Mumbai,Maharashtra,Gold,10/9/2022
CUST02334,Rahul Gupta,Jaipur,Rajasthan,Gold,1/26/2021
CUST02335,Neha Singh,Kochi,Kerala,Silver,7/7/2021
CUST02336,Aarav Sharma,Kochi,Kerala,Regular,4/1/2023
CUST02337,Priya Verma,Bengaluru,Karnataka,Regular,11/20/2023
CUST02338,Rahul Sharma,Chandigarh,Chandigarh,Regular,10/15/2021
CUST02339,Riya Gupta,Noida,Uttar Pradesh,Regular,2/8/2024
CUST02340,Aarav Singh,Chandigarh,Chandigarh,Silver,3/9/2021
CUST02341,Priya Verma,Pune,Maharashtra,Silver,4/14/2021
CUST02342,Aarav Sharma,Hyderabad,Telangana,Silver,2/23/2022
CUST02343,Ananya Verma,Pune,Maharashtra,Silver,3/6/2022
CUST02344,Riya Verma,Kolkata,West Bengal,Gold,6/22/2021
CUST02345,Neha Sharma,Lucknow,Uttar Pradesh,Gold,1/19/2023
CUST02346,Rahul Verma,Hyderabad,Telangana,Silver,10/28/2023
CUST02347,Neha Sharma,Hyderabad,Telangana,Gold,8/30/2022
CUST02348,Riya Verma,Mumbai,Maharashtra,Gold,4/21/2021
CUST02349,Rahul Gupta,Hyderabad,Telangana,Regular,10/22/2022
CUST02350,Rahul Sharma,Pune,Maharashtra,Silver,2/12/2024
CUST02351,Aarav Gupta,Indore,Madhya Pradesh,Gold,2/17/2021
CUST02352,Riya Gupta,Kochi,Kerala,Regular,2/1/2022
CUST02353,Aarav Gupta,Patna,Bihar,Regular,9/19/2022
CUST02354,Aarav Singh,Pune,Maharashtra,Silver,5/1/2023
CUST02355,Riya Gupta,Chennai,Tamil Nadu,Regular,1/9/2022
CUST02356,Priya Singh,Chandigarh,Chandigarh,Gold,10/27/2022
CUST02357,Aarav Singh,Delhi,Delhi,Gold,3/21/2021
CUST02358,Riya Verma,Noida,Uttar Pradesh,Gold,7/24/2022
CUST02359,Neha Sharma,Bengaluru,Karnataka,Silver,12/12/2021
CUST02360,Riya Sharma,Kochi,Kerala,Silver,7/26/2022
CUST02361,Priya Gupta,Lucknow,Uttar Pradesh,Regular,9/15/2022
CUST02362,Riya Gupta,Patna,Bihar,Gold,9/4/2022
CUST02363,Ananya Sharma,Chandigarh,Chandigarh,Regular,3/7/2021
CUST02364,Priya Sharma,Noida,Uttar Pradesh,Regular,12/12/2022
CUST02365,Priya Sharma,Bengaluru,Karnataka,Silver,6/8/2021
CUST02366,Neha Sharma,Jaipur,Rajasthan,Gold,6/11/2021
CUST02367,Aarav Sharma,Ahmedabad,Gujarat,Gold,1/10/2023
CUST02368,Priya Sharma,Chennai,Tamil Nadu,Regular,10/14/2021
CUST02369,Riya Singh,Chandigarh,Chandigarh,Silver,1/3/2024
CUST02370,Riya Sharma,Lucknow,Uttar Pradesh,Gold,2/2/2023
CUST02371,Riya Verma,Lucknow,Uttar Pradesh,Silver,6/7/2021
CUST02372,Riya Gupta,Bengaluru,Karnataka,Regular,1/31/2024
CUST02373,Neha Sharma,Jaipur,Rajasthan,Silver,3/22/2021
CUST02374,Priya Sharma,Chennai,Tamil Nadu,Regular,12/17/2023
CUST02375,Ananya Verma,Noida,Uttar Pradesh,Gold,11/29/2023
CUST02376,Priya Verma,Pune,Maharashtra,Gold,9/4/2023
CUST02377,Neha Verma,Lucknow,Uttar Pradesh,Silver,3/9/2023
CUST02378,Aarav Gupta,Chandigarh,Chandigarh,Gold,11/18/2023
CUST02379,Priya Sharma,Chandigarh,Chandigarh,Regular,7/21/2023
CUST02380,Rahul Gupta,Indore,Madhya Pradesh,Silver,10/7/2023
CUST02381,Priya Sharma,Delhi,Delhi,Silver,10/22/2022
CUST02382,Rahul Verma,Chennai,Tamil Nadu,Regular,6/16/2022
CUST02383,Rahul Verma,Kolkata,West Bengal,Silver,3/8/2024
CUST02384,Aarav Verma,Patna,Bihar,Gold,9/27/2023
CUST02385,Priya Sharma,Bengaluru,Karnataka,Gold,4/24/2021
CUST02386,Rahul Gupta,Patna,Bihar,Regular,2/11/2024
CUST02387,Neha Singh,Pune,Maharashtra,Regular,1/28/2021
CUST02388,Aarav Singh,Kolkata,West Bengal,Silver,11/25/2022
CUST02389,Rahul Sharma,Patna,Bihar,Regular,8/4/2023
CUST02390,Rahul Verma,Patna,Bihar,Regular,12/16/2022
CUST02391,Riya Sharma,Ahmedabad,Gujarat,Silver,8/3/2023
CUST02392,Neha Sharma,Mumbai,Maharashtra,Gold,5/23/2023
CUST02393,Priya Gupta,Kolkata,West Bengal,Silver,11/8/2021
CUST02394,Riya Verma,Patna,Bihar,Gold,4/14/2021
CUST02395,Riya Verma,Chennai,Tamil Nadu,Silver,10/5/2022
CUST02396,Neha Sharma,Noida,Uttar Pradesh,Gold,1/29/2023
CUST02397,Priya Singh,Hyderabad,Telangana,Gold,6/21/2022
CUST02398,Priya Verma,Patna,Bihar,Regular,3/20/2022
CUST02399,Neha Verma,Lucknow,Uttar Pradesh,Regular,12/28/2021
CUST02400,Aarav Sharma,Hyderabad,Telangana,Gold,9/22/2023
CUST02401,Riya Sharma,Lucknow,Uttar Pradesh,Silver,11/7/2022
CUST02402,Ananya Singh,Delhi,Delhi,Regular,8/10/2021
CUST02403,Ananya Gupta,Ahmedabad,Gujarat,Silver,9/20/2023
CUST02404,Aarav Verma,Kochi,Kerala,Silver,12/23/2022
CUST02405,Priya Singh,Jaipur,Rajasthan,Silver,12/9/2023
CUST02406,Rahul Sharma,Pune,Maharashtra,Silver,8/11/2021
CUST02407,Aarav Gupta,Ahmedabad,Gujarat,Gold,2/21/2023
CUST02408,Priya Gupta,Ahmedabad,Gujarat,Silver,7/22/2021
CUST02409,Neha Sharma,Indore,Madhya Pradesh,Regular,11/21/2022
CUST02410,Ananya Verma,Hyderabad,Telangana,Regular,4/10/2023
CUST02411,Ananya Sharma,Mumbai,Maharashtra,Regular,5/28/2023
CUST02412,Neha Sharma,Chennai,Tamil Nadu,Regular,1/24/2021
CUST02413,Rahul Verma,Ahmedabad,Gujarat,Silver,8/16/2023
CUST02414,Ananya Gupta,Lucknow,Uttar Pradesh,Gold,1/6/2022
CUST02415,Riya Singh,Hyderabad,Telangana,Silver,10/29/2023
CUST02416,Ananya Gupta,Indore,Madhya Pradesh,Silver,10/31/2023
CUST02417,Aarav Verma,Bengaluru,Karnataka,Silver,3/13/2024
CUST02418,Ananya Gupta,Delhi,Delhi,Silver,2/20/2024
CUST02419,Rahul Sharma,Delhi,Delhi,Regular,11/16/2021
CUST02420,Rahul Verma,Mumbai,Maharashtra,Regular,2/9/2024
CUST02421,Ananya Gupta,Pune,Maharashtra,Gold,2/18/2022
CUST02422,Riya Singh,Chandigarh,Chandigarh,Regular,10/8/2022
CUST02423,Aarav Singh,Chennai,Tamil Nadu,Silver,8/9/2023
CUST02424,Neha Verma,Kolkata,West Bengal,Silver,11/26/2021
CUST02425,Rahul Gupta,Lucknow,Uttar Pradesh,Gold,7/18/2023
CUST02426,Riya Singh,Mumbai,Maharashtra,Silver,5/25/2021
CUST02427,Priya Verma,Hyderabad,Telangana,Silver,7/6/2022
CUST02428,Riya Gupta,Pune,Maharashtra,Gold,9/10/2023
CUST02429,Priya Gupta,Chandigarh,Chandigarh,Gold,5/14/2021
CUST02430,Ananya Singh,Kolkata,West Bengal,Gold,6/17/2023
CUST02431,Priya Gupta,Jaipur,Rajasthan,Regular,4/10/2022
CUST02432,Riya Gupta,Delhi,Delhi,Silver,9/27/2022
CUST02433,Neha Sharma,Chandigarh,Chandigarh,Silver,4/2/2023
CUST02434,Neha Gupta,Ahmedabad,Gujarat,Regular,3/23/2021
CUST02435,Ananya Verma,Kochi,Kerala,Regular,4/3/2024
CUST02436,Rahul Gupta,Chandigarh,Chandigarh,Gold,8/12/2023
CUST02437,Rahul Gupta,Kochi,Kerala,Regular,6/23/2023
CUST02438,Riya Sharma,Noida,Uttar Pradesh,Regular,5/17/2023
CUST02439,Ananya Sharma,Mumbai,Maharashtra,Silver,1/8/2021
CUST02440,Riya Gupta,Kolkata,West Bengal,Silver,7/27/2021
CUST02441,Neha Sharma,Mumbai,Maharashtra,Gold,6/12/2022
CUST02442,Rahul Sharma,Pune,Maharashtra,Silver,2/9/2023
CUST02443,Riya Sharma,Chandigarh,Chandigarh,Silver,7/1/2022
CUST02444,Ananya Singh,Mumbai,Maharashtra,Regular,8/3/2022
CUST02445,Priya Sharma,Lucknow,Uttar Pradesh,Regular,9/19/2021
CUST02446,Riya Sharma,Noida,Uttar Pradesh,Regular,5/5/2023
CUST02447,Rahul Singh,Noida,Uttar Pradesh,Regular,12/22/2023
CUST02448,Rahul Gupta,Kolkata,West Bengal,Silver,1/23/2023
CUST02449,Ananya Gupta,Kolkata,West Bengal,Silver,12/12/2021
CUST02450,Neha Singh,Jaipur,Rajasthan,Gold,1/23/2023
CUST02451,Riya Verma,Noida,Uttar Pradesh,Silver,1/16/2024
CUST02452,Rahul Singh,Jaipur,Rajasthan,Gold,12/4/2021
CUST02453,Priya Singh,Ahmedabad,Gujarat,Regular,2/3/2024
CUST02454,Riya Verma,Mumbai,Maharashtra,Regular,3/6/2024
CUST02455,Neha Verma,Lucknow,Uttar Pradesh,Regular,7/5/2021
CUST02456,Riya Sharma,Kochi,Kerala,Silver,6/9/2023
CUST02457,Ananya Singh,Patna,Bihar,Silver,10/31/2023
CUST02458,Riya Sharma,Patna,Bihar,Gold,4/10/2021
CUST02459,Rahul Sharma,Lucknow,Uttar Pradesh,Silver,6/10/2023
CUST02460,Neha Singh,Ahmedabad,Gujarat,Regular,1/25/2023
CUST02461,Ananya Singh,Chandigarh,Chandigarh,Gold,8/13/2023
CUST02462,Ananya Sharma,Lucknow,Uttar Pradesh,Silver,3/31/2023
CUST02463,Priya Singh,Hyderabad,Telangana,Silver,4/8/2023
CUST02464,Aarav Sharma,Lucknow,Uttar Pradesh,Regular,1/27/2021
CUST02465,Priya Gupta,Jaipur,Rajasthan,Gold,6/24/2023
CUST02466,Aarav Sharma,Hyderabad,Telangana,Gold,1/2/2021
CUST02467,Aarav Gupta,Jaipur,Rajasthan,Silver,8/28/2023
CUST02468,Neha Verma,Delhi,Delhi,Gold,9/3/2022
CUST02469,Ananya Gupta,Noida,Uttar Pradesh,Regular,8/29/2022
CUST02470,Aarav Gupta,Indore,Madhya Pradesh,Silver,4/22/2022
CUST02471,Aarav Singh,Chennai,Tamil Nadu,Silver,8/20/2023
CUST02472,Ananya Sharma,Kochi,Kerala,Gold,4/21/2021
CUST02473,Priya Gupta,Kochi,Kerala,Regular,6/19/2021
CUST02474,Aarav Singh,Pune,Maharashtra,Silver,10/13/2023
CUST02475,Priya Verma,Patna,Bihar,Gold,6/20/2021
CUST02476,Priya Sharma,Kochi,Kerala,Regular,12/27/2021
CUST02477,Priya Gupta,Lucknow,Uttar Pradesh,Regular,11/2/2023
CUST02478,Riya Gupta,Jaipur,Rajasthan,Silver,11/2/2021
CUST02479,Riya Verma,Delhi,Delhi,Regular,3/28/2021
CUST02480,Rahul Sharma,Pune,Maharashtra,Gold,3/14/2021
CUST02481,Rahul Verma,Indore,Madhya Pradesh,Gold,1/18/2024
CUST02482,Ananya Sharma,Lucknow,Uttar Pradesh,Gold,4/13/2022
CUST02483,Priya Sharma,Lucknow,Uttar Pradesh,Silver,8/8/2021
CUST02484,Ananya Singh,Indore,Madhya Pradesh,Silver,3/30/2022
CUST02485,Rahul Sharma,Bengaluru,Karnataka,Gold,6/18/2023
CUST02486,Ananya Gupta,Chennai,Tamil Nadu,Regular,2/15/2022
CUST02487,Riya Sharma,Indore,Madhya Pradesh,Regular,3/29/2022
CUST02488,Aarav Sharma,Delhi,Delhi,Regular,7/1/2022
CUST02489,Priya Sharma,Pune,Maharashtra,Silver,11/6/2023
CUST02490,Rahul Sharma,Chennai,Tamil Nadu,Silver,11/15/2023
CUST02491,Priya Singh,Mumbai,Maharashtra,Silver,4/2/2021
CUST02492,Riya Singh,Bengaluru,Karnataka,Gold,6/14/2023
CUST02493,Ananya Gupta,Pune,Maharashtra,Regular,10/1/2023
CUST02494,Priya Singh,Patna,Bihar,Silver,6/9/2023
CUST02495,Ananya Verma,Chandigarh,Chandigarh,Silver,5/11/2023
CUST02496,Riya Verma,Kochi,Kerala,Silver,7/15/2022
CUST02497,Priya Singh,Pune,Maharashtra,Silver,5/20/2022
CUST02498,Riya Singh,Kolkata,West Bengal,Silver,11/22/2021
CUST02499,Aarav Gupta,Jaipur,Rajasthan,Gold,1/26/2024
CUST02500,Neha Verma,Patna,Bihar,Gold,6/20/2022
