inventory_id,product_id,store_id,stock_received,stock_sold,current_stock,reorder_level,inventory_date
INV00001,PROD0016,STR010,280,4,301,22.0,2024-07-04
INV00002,PROD0090,STR009,59,112,310,52.0,2024-08-11
INV00003,PROD0216,STR003,136,74,326,67.0,2024-09-14
INV00004,PROD0042,STR003,262,65,231,50.0,2024-10-05
INV00005,PROD0012,STR012,126,250,6,32.0,2025-04-12
INV00006,PROD0232,STR006,93,8,185,71.0,2024-03-30
INV00007,PROD0243,STR008,288,0,87,26.0,2024-08-09
INV00008,PROD0143,STR009,107,125,110,42.0,2025-03-02
INV00009,PROD0133,STR009,203,175,145,34.0,2025-06-12
INV00010,PROD0194,STR004,233,36,338,73.0,2024-03-25
INV00011,PROD0160,STR014,103,229,280,11.0,2024-08-12
INV00012,PROD0045,STR004,427,69,244,44.0,2024-05-16
INV00013,PROD0181,STR001,373,291,259,24.0,2024-05-22
INV00014,PROD0157,STR007,220,105,273,26.0,2025-11-25
INV00015,PROD0162,STR001,238,109,104,13.0,2025-01-20
INV00016,PROD0102,STR002,43,248,-10,50.0,2024-03-12
INV00017,PROD0122,STR001,29,273,28,66.0,2024-11-28
INV00018,PROD0161,STR009,228,78,355,48.0,2025-07-10
INV00019,PROD0199,STR015,162,104,240,64.0,2024-02-02
INV00020,PROD0242,STR006,114,36,6,69.0,2024-06-04
INV00021,PROD0098,STR009,258,136,330,66.0,2024-11-30
INV00022,PROD0047,STR002,199,96,158,18.0,2024-06-25
INV00023,PROD0072,STR002,436,223,18,35.0,2024-05-04
INV00024,PROD0048,STR004,250,179,197,50.0,2025-02-09
INV00025,PROD0187,STR014,175,192,364,73.0,2025-04-06
INV00026,PROD0242,STR015,73,261,19,47.0,2025-09-06
INV00027,PROD0197,STR008,132,295,33,76.0,2024-02-18
INV00028,PROD0115,STR007,414,141,385,60.0,2024-09-11
INV00029,PROD0211,STR002,394,51,99,72.0,2024-07-01
INV00030,PROD0093,STR001,400,220,142,60.0,2024-06-22
INV00031,PROD0095,STR009,437,285,397,18.0,2025-10-12
INV00032,PROD0120,STR005,333,50,223,63.0,2024-02-23
INV00033,PROD0102,STR013,305,296,334,71.0,2025-09-05
INV00034,PROD0046,STR003,340,206,334,63.0,2024-09-01
INV00035,PROD0150,STR008,191,167,369,19.0,2025-08-31
INV00036,PROD0005,STR014,259,278,339,76.0,2025-06-12
INV00037,PROD0164,STR002,173,11,117,50.0,2024-03-19
INV00038,PROD0221,STR007,413,183,253,69.0,2024-06-13
INV00039,PROD0174,STR006,434,256,151,39.0,2025-11-12
INV00040,PROD0096,STR006,280,126,80,13.0,2025-07-19
INV00041,PROD0081,STR007,44,195,367,,2024-03-16
INV00042,PROD0112,STR014,315,21,354,50.0,2024-10-04
INV00043,PROD0165,STR001,60,79,66,47.0,2024-09-13
INV00044,PROD0097,STR007,125,161,382,37.0,2024-04-12
INV00045,PROD0182,STR012,367,253,286,24.0,2024-08-03
INV00046,PROD0183,STR015,435,159,49,42.0,2025-01-30
INV00047,PROD0065,STR010,28,115,49,26.0,2024-07-27
INV00048,PROD0123,STR014,47,204,358,70.0,2024-04-14
INV00049,PROD0083,STR015,490,178,131,22.0,2024-04-02
INV00050,PROD0102,STR014,192,256,235,51.0,2025-07-06
INV00051,PROD0236,STR010,480,238,252,15.0,2024-03-19
INV00052,PROD0070,STR004,33,27,73,45.0,2024-06-09
INV00053,PROD0182,STR013,133,297,30,48.0,2024-07-08
INV00054,PROD0155,STR009,230,230,318,62.0,2024-03-10
INV00055,PROD0059,STR006,141,179,394,56.0,2024-10-28
INV00056,PROD0007,STR004,389,133,5,21.0,2024/07/15
INV00057,PROD0137,STR001,45,229,277,22.0,2024-08-19
INV00058,PROD0123,STR003,262,202,43,52.0,2025-07-31
INV00059,PROD0235,STR014,487,124,141,75.0,2024-06-04
INV00060,PROD0240,STR001,447,231,223,46.0,2024-07-23
INV00061,PROD0022,STR015,221,13,360,55.0,2024-11-03
INV00062,PROD0154,STR009,451,144,233,35.0,2025-02-19
INV00063,PROD0129,STR015,440,104,131,68.0,2025-11-09
INV00064,PROD0246,STR014,491,205,121,25.0,2024-02-02
INV00065,PROD0171,STR002,489,291,100,74.0,2024-12-11
INV00066,PROD0194,STR014,194,176,53,25.0,2025-03-20
INV00067,PROD0234,STR003,165,2,149,18.0,2024-09-28
INV00068,PROD0012,STR004,24,288,364,62.0,2024-07-17
INV00069,PROD0192,STR008,222,110,227,52.0,2024-06-27
INV00070,PROD0063,STR002,305,219,82,41.0,2024-10-22
INV00071,PROD0078,STR005,351,172,93,26.0,2025-03-12
INV00072,PROD0023,STR001,197,98,260,77.0,2025-06-12
INV00073,PROD0148,STR004,65,21,335,18.0,2024-05-24
INV00074,PROD0137,STR009,241,271,181,32.0,2024-08-11
INV00075,PROD0035,STR007,182,33,205,21.0,2024-05-20
INV00076,PROD0076,STR009,378,91,117,11.0,2025-08-22
INV00077,PROD0032,STR007,321,108,66,60.0,2025-03-25
INV00078,PROD0229,STR004,65,170,255,32.0,2025-07-02
INV00079,PROD0195,STR009,139,238,8,27.0,2024-06-11
INV00080,PROD0220,STR002,289,258,143,25.0,2024-08-29
INV00081,PROD0225,STR008,194,237,282,36.0,2024-03-01
INV00082,PROD0006,STR008,439,245,94,21.0,2024-02-07
INV00083,PROD0023,STR014,304,236,224,31.0,2024-10-02
INV00084,PROD0146,STR007,252,256,245,23.0,2025-06-02
INV00085,PROD0011,STR003,325,41,200,78.0,2024-01-10
INV00086,PROD0040,STR008,93,216,88,34.0,2024-03-22
INV00087,PROD0047,STR008,337,205,0,66.0,2024-09-04
INV00088,PROD0032,STR001,207,198,8,44.0,2025-03-04
INV00089,PROD0019,STR002,341,104,309,37.0,2025-11-12
INV00090,PROD0044,STR012,435,261,359,23.0,2025-03-27
INV00091,PROD0058,STR006,395,53,286,71.0,2025-04-24
INV00092,PROD0029,STR003,264,135,372,41.0,2024-01-03
INV00093,PROD0023,STR014,213,147,286,60.0,2025-11-08
INV00094,PROD0121,STR004,91,143,317,50.0,2025-03-15
INV00095,PROD0204,STR013,310,82,105,46.0,2024-10-10
INV00096,PROD0138,STR014,202,39,342,78.0,2024-02-21
INV00097,PROD0221,STR002,357,131,152,25.0,2025-11-08
INV00098,PROD0030,STR009,283,281,74,56.0,2025-07-07
INV00099,PROD0085,STR006,320,40,340,54.0,2025-10-23
INV00100,PROD0051,STR014,451,121,384,36.0,2025-08-07
INV00101,PROD0232,STR008,123,166,247,48.0,2024-05-27
INV00102,PROD0109,STR012,425,70,231,16.0,2024-05-19
INV00103,PROD0062,STR015,397,71,20,59.0,2024-07-09
INV00104,PROD0061,STR012,37,268,39,44.0,2025-05-24
INV00105,PROD0049,STR006,167,256,346,70.0,2025-10-24
INV00106,PROD0038,STR002,134,101,385,31.0,2024-07-06
INV00107,PROD0010,STR012,370,123,280,14.0,2025-05-17
INV00108,PROD0105,STR008,107,160,35,17.0,2024-03-07
INV00109,PROD0046,STR011,411,193,122,14.0,2024-04-09
INV00110,PROD0211,STR012,195,180,257,36.0,2025-10-20
INV00111,PROD0067,STR015,304,99,235,39.0,2024-05-23
INV00112,PROD0226,STR011,259,177,18,25.0,2024-05-22
INV00113,PROD0016,STR012,300,44,360,13.0,2024-05-27
INV00114,PROD0216,STR003,417,9,338,63.0,2025-03-23
INV00115,PROD0017,STR010,73,251,276,41.0,2025-05-05
INV00116,PROD0075,STR005,407,32,42,47.0,2025-11-29
INV00117,PROD0206,STR001,353,289,37,66.0,2024-05-16
INV00118,PROD0044,STR004,161,191,161,60.0,2025-01-15
INV00119,PROD0057,STR004,243,247,205,18.0,2025-08-21
INV00120,PROD0205,STR009,189,74,276,65.0,2025-05-12
INV00121,PROD0037,STR009,273,87,150,36.0,2024-03-21
INV00122,PROD0032,STR005,302,239,183,71.0,2025-11-08
INV00123,PROD0121,STR012,434,79,323,52.0,2025-11-18
INV00124,PROD0163,STR001,422,140,9,10.0,2024-10-04
INV00125,PROD0182,STR012,280,188,62,71.0,2024-06-03
INV00126,PROD0072,STR009,438,47,350,16.0,2024-08-16
INV00127,PROD0199,STR008,318,288,232,26.0,2025-08-27
INV00128,PROD0122,STR004,303,231,305,74.0,2024-06-02
INV00129,PROD0123,STR008,283,30,57,38.0,2024-10-17
INV00130,PROD0109,STR004,34,42,98,32.0,2025-12-01
INV00131,PROD0075,STR009,317,61,397,77.0,2024-08-30
INV00132,PROD0192,STR012,276,47,176,27.0,2025-05-25
INV00133,PROD0169,STR008,242,218,236,45.0,2025-10-11
INV00134,PROD0066,STR001,424,131,384,19.0,2025-01-15
INV00135,PROD0215,STR004,163,42,5,55.0,2024-06-06
INV00136,PROD0236,STR011,24,265,256,76.0,2025-10-01
INV00137,PROD0019,STR004,271,134,25,78.0,2024-01-04
INV00138,PROD0087,STR001,86,62,219,33.0,2024-02-25
INV00139,PROD0110,STR009,154,164,119,34.0,2025-05-05
INV00140,PROD0223,STR009,481,207,397,28.0,2025-06-07
INV00141,PROD0063,STR009,113,143,362,40.0,2025-08-22
INV00142,PROD0211,STR004,50,141,396,42.0,2025-03-11
INV00143,PROD0223,STR005,234,48,391,48.0,2025-08-21
INV00144,PROD0022,STR011,82,269,323,51.0,2024-04-09
INV00145,PROD0165,STR014,77,107,104,55.0,2025-05-14
INV00146,PROD0164,STR005,375,230,325,55.0,2025-03-22
INV00147,PROD0029,STR015,60,50,18,33.0,2025-01-15
INV00148,PROD0107,STR009,340,137,117,39.0,2025-11-09
INV00149,PROD0249,STR008,480,8,205,68.0,2024-01-08
INV00150,PROD0127,STR006,200,216,163,23.0,2024-12-19
INV00151,PROD0182,STR009,372,196,39,27.0,2024-03-01
INV00152,PROD0046,STR006,166,216,55,70.0,2025-01-31
INV00153,PROD0074,STR008,296,236,238,69.0,2025-06-03
INV00154,PROD0227,STR010,316,213,247,66.0,2025-09-07
INV00155,PROD0046,STR009,322,25,257,35.0,2025-05-04
INV00156,PROD0007,STR015,421,216,221,50.0,2024-09-11
INV00157,PROD0159,STR015,497,8,215,53.0,2025-06-14
INV00158,PROD0120,STR012,100,187,74,59.0,2024-10-22
INV00159,PROD0143,STR014,471,54,41,61.0,2024-11-16
INV00160,PROD0234,STR011,349,280,301,21.0,2025-09-14
INV00161,PROD0223,STR006,418,89,171,28.0,2025-11-10
INV00162,PROD0064,STR006,399,269,109,17.0,2024-10-23
INV00163,PROD0230,STR005,454,72,106,73.0,2024-07-15
INV00164,PROD0142,STR001,247,296,364,46.0,2025-05-16
INV00165,PROD0170,STR009,446,80,42,47.0,2025-03-02
INV00166,PROD0174,STR002,285,4,287,44.0,2024-01-07
INV00167,PROD0025,STR013,203,269,324,13.0,2025-09-03
INV00168,PROD0211,STR009,101,77,37,78.0,2024-10-03
INV00169,PROD0034,STR013,169,206,99,41.0,2025-11-22
INV00170,PROD0204,STR014,94,54,387,58.0,2024-07-26
INV00171,PROD0235,STR002,67,295,215,78.0,2024-11-25
INV00172,PROD0250,STR013,236,163,10,64.0,2025-02-18
INV00173,PROD0012,STR004,340,63,125,65.0,2024-07-31
INV00174,PROD0117,STR005,496,203,290,55.0,2024-08-06
INV00175,PROD0045,STR010,275,280,305,14.0,2024-03-13
INV00176,PROD0201,STR003,345,51,218,12.0,2024-07-31
INV00177,PROD0182,STR003,283,136,1,56.0,2024-10-08
INV00178,PROD0171,STR013,238,179,95,29.0,2024-08-23
INV00179,PROD0165,STR010,391,143,167,70.0,2024-11-14
INV00180,PROD0093,STR001,23,237,332,44.0,2025-08-06
INV00181,PROD0236,STR012,27,293,285,50.0,2024-08-13
INV00182,PROD0194,STR009,63,164,90,66.0,2025-02-13
INV00183,PROD0135,STR013,388,72,238,69.0,2024-01-28
INV00184,PROD0044,STR001,383,106,148,42.0,2024-03-09
INV00185,PROD0058,STR014,397,147,147,21.0,2025-03-12
INV00186,PROD0055,STR015,55,69,51,69.0,2024-11-22
INV00187,PROD0231,STR003,141,133,368,49.0,2025-02-07
INV00188,PROD0227,STR007,230,171,100,18.0,2024-09-09
INV00189,PROD0091,STR015,176,206,166,61.0,2024-12-05
INV00190,PROD0134,STR007,245,108,100,55.0,2025-09-24
INV00191,PROD0007,STR010,460,1,191,41.0,2025-02-09
INV00192,PROD0242,STR006,430,121,209,26.0,2025-01-16
INV00193,PROD0226,STR006,448,81,223,11.0,2025-01-30
INV00194,PROD0119,STR003,23,107,1,12.0,2024-08-18
INV00195,PROD0041,STR009,24,160,136,21.0,2024-10-25
INV00196,PROD0074,STR007,293,239,131,48.0,2024-07-16
INV00197,PROD0236,STR005,423,127,26,36.0,2024-11-25
INV00198,PROD0209,STR011,308,237,145,34.0,2025-10-27
INV00199,PROD0233,STR015,200,67,394,42.0,2025-11-20
INV00200,PROD0067,STR006,483,50,159,24.0,2025-05-23
INV00201,PROD0125,STR010,370,52,268,34.0,2024-02-21
INV00202,PROD0071,STR003,381,61,361,66.0,2025-10-17
INV00203,PROD0147,STR015,322,286,69,56.0,2024-01-31
INV00204,PROD0226,STR014,376,236,243,69.0,2024-04-12
INV00205,PROD0177,STR005,283,115,103,53.0,2024-12-04
INV00206,PROD0183,STR009,104,13,179,58.0,2025-11-28
INV00207,PROD0192,STR001,108,63,211,71.0,2024-08-07
INV00208,PROD0066,STR010,235,116,241,47.0,2025-09-25
INV00209,PROD0115,STR012,476,29,22,42.0,2024-03-28
INV00210,PROD0199,STR005,57,79,92,76.0,2025-06-08
INV00211,PROD0241,STR008,240,97,398,15.0,2024-03-02
INV00212,PROD0241,STR007,27,219,387,29.0,2025-08-02
INV00213,PROD0149,STR012,216,236,42,42.0,2024-08-21
INV00214,PROD0214,STR004,183,62,208,12.0,2024-04-14
INV00215,PROD0220,STR010,101,4,271,73.0,2025-01-14
INV00216,PROD0150,STR009,157,47,41,21.0,2025-07-24
INV00217,PROD0235,STR006,98,48,114,46.0,2025-08-13
INV00218,PROD0013,STR009,306,59,387,76.0,2024-03-23
INV00219,PROD0006,STR012,130,105,121,30.0,2025-09-01
INV00220,PROD0041,STR013,74,115,228,65.0,2025-03-07
INV00221,PROD0216,STR006,42,142,352,51.0,2024-07-16
INV00222,PROD0004,STR010,177,155,124,79.0,2024-08-06
INV00223,PROD0227,STR010,161,50,183,10.0,2024-01-12
INV00224,PROD0080,STR005,316,109,123,20.0,2024-09-19
INV00225,PROD0152,STR015,306,150,29,57.0,2025-04-23
INV00226,PROD0221,STR010,365,151,64,14.0,2025-06-05
INV00227,PROD0145,STR004,99,145,315,33.0,2025-10-24
INV00228,PROD0033,STR010,326,206,309,37.0,2024-03-28
INV00229,PROD0196,STR005,276,122,121,21.0,2025-01-22
INV00230,PROD0131,STR003,75,227,368,74.0,2025-05-05
INV00231,PROD0153,STR005,111,111,112,48.0,2024-07-14
INV00232,PROD0093,STR002,362,68,47,15.0,2025-08-28
INV00233,PROD0170,STR001,100,70,192,49.0,2025-08-30
INV00234,PROD0244,STR015,425,164,40,39.0,2024-05-29
INV00235,PROD0136,STR005,233,63,257,67.0,2024-07-08
INV00236,PROD0078,STR015,360,177,1,48.0,2024-09-08
INV00237,PROD0186,STR010,441,249,172,74.0,2025-08-23
INV00238,PROD0119,STR013,168,53,286,33.0,2024-05-06
INV00239,PROD0059,STR015,464,265,124,55.0,2024-02-20
INV00240,PROD0197,STR005,33,269,341,72.0,2025-09-10
INV00241,PROD0204,STR008,166,123,173,21.0,2025-11-20
INV00242,PROD0063,STR011,264,58,34,77.0,2025-08-02
INV00243,PROD0118,STR005,36,132,175,69.0,2024-12-22
INV00244,PROD0074,STR007,73,101,249,25.0,2025-05-10
INV00245,PROD0052,STR002,217,199,194,68.0,2024-01-30
INV00246,PROD0163,STR005,179,295,239,10.0,2024-08-01
INV00247,PROD0084,STR012,254,148,369,50.0,2025-10-06
INV00248,PROD0070,STR009,283,95,293,79.0,2025-01-24
INV00249,PROD0038,STR003,135,139,340,11.0,2025-03-09
INV00250,PROD0203,STR004,311,39,52,68.0,2025-04-14
INV00251,PROD0080,STR010,42,240,163,45.0,2025-11-27
INV00252,PROD0195,STR007,272,145,187,59.0,2024-09-22
INV00253,PROD0217,STR003,366,278,72,77.0,2025-09-03
INV00254,PROD0239,STR009,114,50,252,59.0,2024-05-06
INV00255,PROD0104,STR012,149,178,9,11.0,2024-08-16
INV00256,PROD0095,STR015,342,213,145,67.0,2024-07-29
INV00257,PROD0110,STR008,60,18,43,29.0,2025-06-18
INV00258,PROD0127,STR014,84,71,324,11.0,2025-08-23
INV00259,PROD0110,STR014,99,85,320,44.0,2025-02-07
INV00260,PROD0194,STR013,368,109,195,78.0,2024-04-19
INV00261,PROD0051,STR006,357,267,53,45.0,2025-01-11
INV00262,PROD0102,STR015,237,204,159,13.0,2024-07-16
INV00263,PROD0139,STR005,494,157,267,16.0,2025-11-13
INV00264,PROD0058,STR009,170,162,272,75.0,2025-10-19
INV00265,PROD0097,STR010,344,251,377,23.0,2025-11-22
INV00266,PROD0044,STR008,259,14,174,73.0,2024-10-27
INV00267,PROD0056,STR007,275,154,160,35.0,2025-02-13
INV00268,PROD0155,STR009,495,197,56,51.0,2025-06-23
INV00269,PROD0133,STR011,490,199,26,66.0,2025-08-23
INV00270,PROD0010,STR004,48,66,331,46.0,2024-11-18
INV00271,PROD0239,STR006,467,234,43,33.0,2025-05-10
INV00272,PROD0050,STR013,304,229,107,17.0,2024-09-07
INV00273,PROD0079,STR012,273,156,125,31.0,2025-03-25
INV00274,PROD0059,STR014,115,221,25,77.0,2025-08-25
INV00275,PROD0025,STR015,477,291,397,30.0,2024-05-10
INV00276,PROD0216,STR014,231,17,29,60.0,2024-08-26
INV00277,PROD0183,STR011,458,161,342,74.0,2024-08-22
INV00278,PROD0106,STR011,195,98,66,33.0,2024-01-31
INV00279,PROD0174,STR007,347,6,389,66.0,2025-04-06
INV00280,PROD0184,STR006,29,215,351,65.0,2024-05-23
INV00281,PROD0011,STR008,68,230,128,33.0,2024-12-17
INV00282,PROD0130,STR012,300,224,309,41.0,2024-06-26
INV00283,PROD0024,STR014,137,53,204,36.0,2025-08-17
INV00284,PROD0243,STR005,71,288,229,52.0,2024-02-24
INV00285,PROD0151,STR004,63,292,111,36.0,2025-09-23
INV00286,PROD0196,STR001,473,278,306,70.0,2024-07-20
INV00287,PROD0048,STR013,460,170,82,25.0,2024-07-05
INV00288,PROD0224,STR001,145,3,201,55.0,2024-12-16
INV00289,PROD0139,STR009,319,127,386,48.0,2024-07-12
INV00290,PROD0197,STR009,303,121,290,49.0,2024-06-22
INV00291,PROD0204,STR005,143,7,384,47.0,2024-12-17
INV00292,PROD0137,STR001,237,203,280,36.0,2025-07-04
INV00293,PROD0050,STR014,361,44,62,67.0,2025-10-31
INV00294,PROD0174,STR004,122,101,93,53.0,2024-02-07
INV00295,PROD0094,STR008,480,53,289,23.0,2025-10-07
INV00296,PROD0141,STR005,63,165,90,47.0,2025-03-09
INV00297,PROD0088,STR001,438,149,26,14.0,2025-10-17
INV00298,PROD0048,STR003,118,136,308,13.0,2025-07-04
INV00299,PROD0138,STR006,337,114,35,16.0,2024-03-26
INV00300,PROD0136,STR002,202,102,56,49.0,2024-08-05
INV00301,PROD0076,STR002,154,112,103,29.0,2025-11-16
INV00302,PROD0095,STR009,221,19,338,68.0,2025-05-25
INV00303,PROD0236,STR008,23,116,328,48.0,2025-04-30
INV00304,PROD0180,STR008,117,209,298,36.0,2025-04-20
INV00305,PROD0245,STR014,405,210,385,54.0,2025-02-16
INV00306,PROD0065,STR012,393,20,254,62.0,2024-09-27
INV00307,PROD0070,STR010,50,236,134,42.0,2024-10-19
INV00308,PROD0100,STR011,461,120,345,41.0,2025-10-20
INV00309,PROD0245,STR011,420,181,158,25.0,2025-04-18
INV00310,PROD0178,STR011,174,212,220,57.0,2025-03-09
INV00311,PROD0159,STR012,93,80,167,28.0,2024-06-13
INV00312,PROD0112,STR013,368,2,180,13.0,2024-06-10
INV00313,PROD0179,STR002,351,244,315,52.0,2025-10-02
INV00314,PROD0136,STR010,38,181,376,59.0,2024-12-05
INV00315,PROD0036,STR009,311,74,248,12.0,2025-11-29
INV00316,PROD0013,STR005,444,231,58,43.0,2025-07-31
INV00317,PROD0079,STR004,194,250,306,71.0,2024-09-24
INV00318,PROD0065,STR012,217,240,126,33.0,2025-08-17
INV00319,PROD0148,STR002,330,186,350,47.0,2025-04-13
INV00320,PROD0036,STR010,194,67,202,76.0,2025-06-19
INV00321,PROD0050,STR008,416,7,74,64.0,2024-10-04
INV00322,PROD0146,STR011,385,185,7,50.0,2025-03-16
INV00323,PROD0170,STR004,26,287,300,41.0,2025-08-14
INV00324,PROD0245,STR001,63,180,356,47.0,2024-10-28
INV00325,PROD0178,STR012,45,197,236,61.0,2024-10-26
INV00326,PROD0238,STR010,477,128,21,66.0,2024-12-12
INV00327,PROD0031,STR013,171,107,399,65.0,2024-11-21
INV00328,PROD0009,STR010,403,221,293,39.0,2024-12-07
INV00329,PROD0153,STR006,342,252,390,63.0,2024-02-29
INV00330,PROD0153,STR013,347,223,241,29.0,2024-04-07
INV00331,PROD0085,STR005,129,91,16,37.0,2024-05-01
INV00332,PROD0055,STR005,330,200,319,71.0,2025-02-23
INV00333,PROD0081,STR011,354,167,363,69.0,2025-02-04
INV00334,PROD0086,STR014,479,170,201,66.0,2025-08-02
INV00335,PROD0246,STR003,110,14,248,75.0,2024-07-09
INV00336,PROD0107,STR013,95,179,360,28.0,2024-04-05
INV00337,PROD0129,STR002,271,69,293,64.0,2025-11-06
INV00338,PROD0204,STR002,471,66,180,30.0,2025-11-06
INV00339,PROD0091,STR010,241,247,246,42.0,2024-06-26
INV00340,PROD0139,STR005,101,27,184,59.0,2025-07-19
INV00341,PROD0226,STR011,417,114,13,50.0,2025-08-23
INV00342,PROD0161,STR007,479,155,361,51.0,2025-05-03
INV00343,PROD0164,STR006,217,224,276,30.0,2025-08-09
INV00344,PROD0051,STR015,36,258,32,33.0,2024-05-18
INV00345,PROD0028,STR013,342,188,217,21.0,2025-01-02
INV00346,PROD0193,STR009,379,34,83,64.0,2024-11-18
INV00347,PROD0233,STR014,434,172,360,28.0,2025-08-02
INV00348,PROD0042,STR001,120,226,280,57.0,2024-02-20
INV00349,PROD0168,STR006,104,227,353,41.0,2024-11-05
INV00350,PROD0249,STR013,39,27,12,79.0,2024-09-01
INV00351,PROD0036,STR009,326,212,158,67.0,2024-12-20
INV00352,PROD0022,STR004,150,135,377,48.0,2024-07-06
INV00353,PROD0217,STR007,482,200,43,11.0,2025-06-07
INV00354,PROD0231,STR003,234,161,147,44.0,2024-01-31
INV00355,PROD0239,STR008,208,234,124,53.0,2024-11-23
INV00356,PROD0244,STR003,490,176,153,74.0,2025-10-23
INV00357,PROD0236,STR001,488,7,319,16.0,2024-05-03
INV00358,PROD0034,STR011,482,80,211,11.0,2025-05-07
INV00359,PROD0157,STR002,38,11,262,32.0,2024-03-31
INV00360,PROD0118,STR011,169,27,314,51.0,2024-05-09
INV00361,PROD0103,STR002,441,260,170,64.0,2025-10-30
INV00362,PROD0131,STR015,342,178,358,16.0,2025-07-18
INV00363,PROD0159,STR005,180,197,55,15.0,2025-03-17
INV00364,PROD0139,STR011,300,104,358,45.0,2024-06-12
INV00365,PROD0136,STR013,77,20,241,24.0,2024-02-02
INV00366,PROD0082,STR011,436,216,292,46.0,2024-08-05
INV00367,PROD0019,STR011,396,153,283,71.0,2025-01-20
INV00368,PROD0049,STR002,46,41,348,19.0,2024-01-20
INV00369,PROD0191,STR008,96,210,204,66.0,2024-05-11
INV00370,PROD0055,STR012,247,263,391,59.0,2024-07-04
INV00371,PROD0002,STR009,209,51,222,56.0,2024-11-14
INV00372,PROD0047,STR014,79,63,175,45.0,2025-04-29
INV00373,PROD0215,STR002,111,83,65,43.0,2025-03-30
INV00374,PROD0045,STR014,364,115,70,47.0,2025-08-14
INV00375,PROD0007,STR004,456,265,286,10.0,2024-06-02
INV00376,PROD0073,STR003,48,43,231,72.0,2024-05-30
INV00377,PROD0073,STR008,271,233,131,46.0,2025-11-05
INV00378,PROD0162,STR001,429,195,380,18.0,2024-07-10
INV00379,PROD0246,STR003,411,212,44,54.0,2025-04-24
INV00380,PROD0108,STR005,430,230,27,25.0,2025-02-17
INV00381,PROD0012,STR009,123,173,166,22.0,2024-08-20
INV00382,PROD0158,STR003,321,217,41,79.0,2024-10-07
INV00383,PROD0216,STR009,87,24,25,32.0,2024-08-01
INV00384,PROD0236,STR006,418,252,280,56.0,2024-08-04
INV00385,PROD0229,STR013,134,0,296,23.0,2025-09-26
INV00386,PROD0165,STR014,426,282,378,63.0,2025-01-05
INV00387,PROD0248,STR010,274,235,274,11.0,2024-08-07
INV00388,PROD0207,STR009,121,94,338,76.0,2024-12-16
INV00389,PROD0004,STR006,91,127,200,59.0,2024-09-19
INV00390,PROD0043,STR004,49,72,177,24.0,2025-11-02
INV00391,PROD0243,STR010,116,79,66,15.0,2024-06-15
INV00392,PROD0145,STR011,303,284,53,57.0,2024-04-21
INV00393,PROD0185,STR005,173,240,5,20.0,2025-06-25
INV00394,PROD0076,STR010,366,208,375,49.0,2025-05-10
INV00395,PROD0190,STR013,117,61,271,53.0,2024-02-19
INV00396,PROD0208,STR012,173,288,281,67.0,2024-10-10
INV00397,PROD0032,STR002,422,286,62,58.0,2025-05-09
INV00398,PROD0090,STR014,116,166,149,48.0,2025-07-06
INV00399,PROD0030,STR007,250,36,21,25.0,2024-09-01
INV00400,PROD0224,STR012,453,74,263,44.0,2024-10-26
INV00401,PROD0138,STR014,363,4,391,24.0,2025-04-01
INV00402,PROD0061,STR007,224,237,366,38.0,2025-05-21
INV00403,PROD0092,STR004,333,87,326,19.0,2024-11-06
INV00404,PROD0045,STR002,273,164,304,68.0,2024-01-14
INV00405,PROD0237,STR005,88,253,305,46.0,2024-01-12
INV00406,PROD0091,STR005,186,194,126,58.0,2024-03-31
INV00407,PROD0222,STR014,245,137,191,69.0,2025-01-05
INV00408,PROD0118,STR011,288,267,236,56.0,2025-10-26
INV00409,PROD0036,STR013,332,20,162,66.0,2024-07-14
INV00410,PROD0064,STR004,482,32,55,11.0,2025-03-05
INV00411,PROD0121,STR004,119,187,179,45.0,2024-06-23
INV00412,PROD0237,STR012,369,97,123,75.0,2025-06-04
INV00413,PROD0103,STR001,233,243,77,63.0,2025-11-08
INV00414,PROD0062,STR003,408,252,56,32.0,2025-01-24
INV00415,PROD0094,STR006,228,262,206,17.0,2024-12-16
INV00416,PROD0247,STR006,66,277,368,50.0,2025-01-11
INV00417,PROD0162,STR008,487,143,283,61.0,2025-07-02
INV00418,PROD0246,STR002,452,24,171,30.0,2025-08-15
INV00419,PROD0158,STR015,303,73,384,13.0,2024-07-05
INV00420,PROD0114,STR011,230,182,352,78.0,2025-05-07
INV00421,PROD0086,STR014,486,116,123,40.0,2024-09-29
INV00422,PROD0082,STR007,157,161,323,22.0,2025-06-04
INV00423,PROD0247,STR008,225,102,143,13.0,2024-10-20
INV00424,PROD0164,STR008,274,292,31,57.0,2025-04-07
INV00425,PROD0078,STR013,190,54,231,44.0,2024-05-15
INV00426,PROD0153,STR004,308,198,198,45.0,2024-07-13
INV00427,PROD0192,STR014,347,207,226,73.0,2025-02-03
INV00428,PROD0091,STR002,277,176,186,61.0,2024-12-17
INV00429,PROD0096,STR007,482,212,204,73.0,2024-01-04
INV00430,PROD0189,STR005,315,255,82,73.0,2025-11-12
INV00431,PROD0146,STR009,366,194,130,75.0,2025-11-26
INV00432,PROD0226,STR010,454,205,393,28.0,2024-05-17
INV00433,PROD0089,STR010,233,247,98,27.0,2025-02-01
INV00434,PROD0233,STR010,363,117,9,74.0,2025-01-28
INV00435,PROD0073,STR007,20,123,132,43.0,2025-09-15
INV00436,PROD0162,STR015,52,174,196,38.0,2024-02-20
INV00437,PROD0250,STR004,379,8,244,74.0,2024-08-24
INV00438,PROD0015,STR012,214,100,301,11.0,2025-02-24
INV00439,PROD0230,STR005,187,259,168,52.0,2024-07-05
INV00440,PROD0005,STR009,401,200,93,66.0,2025-11-26
INV00441,PROD0215,STR005,63,187,384,73.0,2025-03-06
INV00442,PROD0152,STR001,90,69,314,10.0,2025-11-10
INV00443,PROD0055,STR012,451,21,119,17.0,2025-10-18
INV00444,PROD0239,STR001,21,282,65,45.0,2024-04-06
INV00445,PROD0026,STR014,168,256,119,48.0,2024-03-24
INV00446,PROD0044,STR014,291,99,76,63.0,2025-11-26
INV00447,PROD0143,STR013,483,73,293,11.0,2025-05-13
INV00448,PROD0006,STR010,276,54,108,64.0,2024-12-03
INV00449,PROD0086,STR003,424,50,249,69.0,2025-06-28
INV00450,PROD0075,STR002,277,260,40,58.0,2025-11-20
INV00451,PROD0063,STR011,236,230,151,17.0,2024-01-27
INV00452,PROD0027,STR015,280,131,399,40.0,2025-11-11
INV00453,PROD0033,STR002,31,151,241,64.0,2024-08-14
INV00454,PROD0067,STR002,481,137,295,59.0,2024-05-27
INV00455,PROD0128,STR013,83,45,190,26.0,2025-08-30
INV00456,PROD0084,STR001,238,7,4,48.0,2024-08-02
INV00457,PROD0151,STR004,323,139,259,47.0,2024-05-24
INV00458,PROD0062,STR006,153,130,156,11.0,2024-08-19
INV00459,PROD0099,STR012,82,176,5,37.0,2024-11-24
INV00460,PROD0187,STR002,410,82,236,41.0,2025-04-27
INV00461,PROD0220,STR007,43,293,81,17.0,2024-10-26
INV00462,PROD0241,STR010,371,253,119,66.0,2024-02-14
INV00463,PROD0006,STR014,170,272,399,62.0,2024-08-06
INV00464,PROD0148,STR005,247,127,83,14.0,2025-04-04
INV00465,PROD0101,STR005,280,149,320,39.0,2024-04-04
INV00466,PROD0195,STR002,311,40,104,74.0,2025-11-04
INV00467,PROD0033,STR001,292,124,213,21.0,2024-05-01
INV00468,PROD0171,STR013,201,196,280,33.0,2025-09-28
INV00469,PROD0017,STR003,323,142,342,50.0,2025-01-12
INV00470,PROD0125,STR005,349,71,24,66.0,2024-12-26
INV00471,PROD0006,STR006,328,225,102,59.0,2025-03-09
INV00472,PROD0050,STR013,382,166,177,40.0,2025-02-19
INV00473,PROD0230,STR011,310,132,371,66.0,2024-08-18
INV00474,PROD0117,STR004,392,190,265,61.0,2024-08-29
INV00475,PROD0147,STR002,340,124,317,33.0,2024-12-04
INV00476,PROD0010,STR009,382,216,143,46.0,2025-03-03
INV00477,PROD0185,STR004,41,213,141,68.0,2025-11-02
INV00478,PROD0168,STR013,237,44,171,24.0,2024-06-07
INV00479,PROD0118,STR014,378,159,320,54.0,2024-11-26
INV00480,PROD0100,STR011,203,40,312,48.0,2024-07-10
INV00481,PROD0178,STR013,39,203,122,35.0,2024-05-24
INV00482,PROD0039,STR007,404,229,213,42.0,2024-08-19
INV00483,PROD0081,STR003,189,213,32,79.0,2024-07-02
INV00484,PROD0176,STR002,339,277,366,15.0,2025-01-30
INV00485,PROD0088,STR015,390,75,334,27.0,2024-11-01
INV00486,PROD0008,STR006,100,185,367,42.0,2024-02-28
INV00487,PROD0062,STR001,52,259,8,28.0,2025-01-11
INV00488,PROD0131,STR007,494,198,188,68.0,2024-09-01
INV00489,PROD0041,STR014,336,226,71,13.0,2025-08-11
INV00490,PROD0050,STR006,211,19,25,59.0,2024-01-13
INV00491,PROD0131,STR004,440,259,166,31.0,2024-08-20
INV00492,PROD0044,STR008,84,155,76,25.0,2025-03-03
INV00493,PROD0135,STR012,120,42,251,31.0,2024-09-01
INV00494,PROD0167,STR004,308,80,331,26.0,2024-02-06
INV00495,PROD0172,STR010,459,47,395,56.0,2025-05-29
INV00496,PROD0113,STR010,247,81,1,13.0,2025-11-13
INV00497,PROD0207,STR008,393,84,125,65.0,2025-02-25
INV00498,PROD0061,STR011,204,15,32,53.0,2024-08-23
INV00499,PROD0158,STR011,143,71,0,30.0,2025-04-27
INV00500,PROD0059,STR014,333,122,334,47.0,2025-06-09
INV00501,PROD0104,STR002,213,154,314,12.0,2025-06-15
INV00502,PROD0217,STR004,126,261,77,32.0,2024-10-17
INV00503,PROD0127,STR014,372,141,141,25.0,2025-03-21
INV00504,PROD0017,STR003,310,129,344,44.0,2025-09-12
INV00505,PROD0226,STR003,203,81,21,70.0,2025-12-01
INV00506,PROD0065,STR006,349,33,80,36.0,2025-11-20
INV00507,PROD0091,STR004,304,36,212,52.0,2025-07-25
INV00508,PROD0017,STR010,335,192,26,30.0,2025-08-08
INV00509,PROD0098,STR005,426,262,185,33.0,2025-11-27
INV00510,PROD0058,STR001,202,82,111,72.0,2024-06-30
INV00511,PROD0120,STR010,370,166,118,20.0,2024-06-16
INV00512,PROD0051,STR002,258,218,290,37.0,2025-06-02
INV00513,PROD0137,STR013,304,103,295,19.0,2024-09-08
INV00514,PROD0216,STR013,228,90,244,27.0,2024-09-18
INV00515,PROD0022,STR012,108,271,383,52.0,2024-09-15
INV00516,PROD0091,STR007,431,246,229,78.0,2024-10-06
INV00517,PROD0162,STR007,170,56,270,36.0,2024-02-10
INV00518,PROD0016,STR013,305,210,5,36.0,2024-09-22
INV00519,PROD0134,STR010,286,268,191,55.0,2024-09-22
INV00520,PROD0032,STR011,95,73,48,34.0,2024-07-23
INV00521,PROD0032,STR010,252,264,295,71.0,2025-07-25
INV00522,PROD0213,STR002,363,116,264,59.0,2025-11-11
INV00523,PROD0072,STR003,76,81,308,40.0,2024-03-23
INV00524,PROD0135,STR013,363,108,281,22.0,2025-08-13
INV00525,PROD0061,STR008,367,254,344,10.0,2025-06-15
INV00526,PROD0115,STR009,95,125,275,60.0,2025-03-05
INV00527,PROD0045,STR013,389,95,151,28.0,2025-09-16
INV00528,PROD0117,STR009,479,44,89,78.0,2025-03-10
INV00529,PROD0131,STR008,467,108,305,11.0,2024-05-10
INV00530,PROD0218,STR004,143,155,304,52.0,2025-04-04
INV00531,PROD0140,STR011,374,216,6,24.0,2025-10-02
INV00532,PROD0092,STR013,353,20,344,61.0,2024-01-03
INV00533,PROD0032,STR005,376,201,6,69.0,2025-02-03
INV00534,PROD0085,STR002,473,49,247,16.0,2024-04-10
INV00535,PROD0130,STR004,38,74,305,67.0,2025-03-30
INV00536,PROD0188,STR008,298,199,71,34.0,2025-10-09
INV00537,PROD0086,STR015,397,238,220,24.0,2024-08-22
INV00538,PROD0047,STR004,109,83,269,73.0,2025-02-19
INV00539,PROD0012,STR008,398,75,216,24.0,2025-07-13
INV00540,PROD0030,STR013,454,111,93,41.0,2025-05-02
INV00541,PROD0072,STR012,311,168,344,11.0,2024-10-01
INV00542,PROD0024,STR015,363,244,124,35.0,2025-08-15
INV00543,PROD0129,STR015,143,178,114,10.0,2025-11-10
INV00544,PROD0012,STR008,382,32,56,68.0,2025-04-24
INV00545,PROD0049,STR010,83,290,0,65.0,2024-08-11
INV00546,PROD0250,STR004,86,19,52,65.0,2024-01-13
INV00547,PROD0078,STR009,354,60,269,68.0,2025-11-27
INV00548,PROD0188,STR008,436,225,267,46.0,2025-05-15
INV00549,PROD0003,STR005,474,24,397,21.0,2024-02-12
INV00550,PROD0017,STR014,249,201,352,59.0,2024-04-15
INV00551,PROD0101,STR002,242,226,80,77.0,2024-02-11
INV00552,PROD0110,STR009,193,239,352,65.0,2025-04-23
INV00553,PROD0237,STR013,57,6,44,65.0,2024-09-19
INV00554,PROD0143,STR001,424,91,251,75.0,2024-11-27
INV00555,PROD0161,STR004,148,106,128,51.0,2024-07-15
INV00556,PROD0165,STR008,345,78,25,66.0,2024-04-03
INV00557,PROD0203,STR013,445,86,135,68.0,2024-08-03
INV00558,PROD0190,STR001,431,202,281,17.0,2024-11-23
INV00559,PROD0120,STR005,236,164,67,59.0,2025-05-04
INV00560,PROD0168,STR006,221,86,235,67.0,2025-01-17
INV00561,PROD0037,STR004,188,32,312,54.0,2025-01-29
INV00562,PROD0154,STR001,200,125,61,46.0,2025-01-27
INV00563,PROD0138,STR007,165,47,394,66.0,2025-03-18
INV00564,PROD0156,STR010,226,110,112,51.0,2024-02-04
INV00565,PROD0080,STR003,120,172,370,70.0,2025-03-14
INV00566,PROD0207,STR014,339,175,398,53.0,2025-09-18
INV00567,PROD0147,STR013,58,261,301,44.0,2024-12-19
INV00568,PROD0124,STR011,52,126,217,59.0,2024-10-19
INV00569,PROD0056,STR004,27,279,30,11.0,2024-10-12
INV00570,PROD0004,STR008,245,168,45,59.0,2025-09-05
INV00571,PROD0060,STR008,125,289,93,49.0,2024-05-12
INV00572,PROD0041,STR009,454,218,331,43.0,2025-01-31
INV00573,PROD0135,STR003,82,284,94,26.0,2025-02-14
INV00574,PROD0108,STR011,451,229,399,68.0,2025-03-16
INV00575,PROD0114,STR002,258,48,224,68.0,2025-04-14
INV00576,PROD0231,STR015,179,158,308,36.0,2025-08-17
INV00577,PROD0100,STR014,224,298,361,62.0,2025-02-24
INV00578,PROD0225,STR011,480,100,147,19.0,2024-06-25
INV00579,PROD0237,STR012,459,175,108,47.0,2024-10-03
INV00580,PROD0170,STR001,105,228,56,61.0,2024-02-05
INV00581,PROD0079,STR010,57,228,161,76.0,2025-11-07
INV00582,PROD0096,STR010,346,216,74,64.0,2024-07-16
INV00583,PROD0145,STR010,210,118,254,25.0,2025-02-17
INV00584,PROD0138,STR008,454,258,274,39.0,2025-08-18
INV00585,PROD0168,STR010,359,54,183,66.0,2024-03-07
INV00586,PROD0244,STR012,482,90,143,56.0,2024-04-03
INV00587,PROD0186,STR006,470,262,279,31.0,2024-04-11
INV00588,PROD0023,STR002,350,214,100,74.0,2025-01-22
INV00589,PROD0204,STR004,136,23,102,28.0,2024-12-10
INV00590,PROD0022,STR014,344,133,72,17.0,2025-01-05
INV00591,PROD0061,STR004,421,238,100,20.0,2024-01-23
INV00592,PROD0094,STR015,437,36,342,17.0,2024-05-16
INV00593,PROD0112,STR011,215,42,182,10.0,2025-04-25
INV00594,PROD0086,STR005,105,56,128,28.0,2025-02-09
INV00595,PROD0186,STR005,274,153,28,54.0,2025-10-29
INV00596,PROD0230,STR001,244,5,266,21.0,2025-01-26
INV00597,PROD0124,STR007,316,293,226,54.0,2025-05-22
INV00598,PROD0210,STR010,112,239,314,38.0,2024-10-11
INV00599,PROD0147,STR006,216,170,250,68.0,2025-01-23
INV00600,PROD0065,STR001,325,250,384,71.0,2024-06-10
INV00601,PROD0185,STR004,419,131,380,22.0,2025-03-03
INV00602,PROD0113,STR011,169,56,248,29.0,2024-05-30
INV00603,PROD0141,STR009,486,130,255,72.0,2024-07-08
INV00604,PROD0093,STR008,132,251,90,24.0,2024-09-19
INV00605,PROD0170,STR008,444,219,193,50.0,2024-11-12
INV00606,PROD0246,STR011,312,40,113,16.0,2025-02-16
INV00607,PROD0162,STR004,115,297,252,22.0,2025-01-18
INV00608,PROD0073,STR003,321,232,165,32.0,2025-09-11
INV00609,PROD0221,STR010,336,160,176,52.0,2024-03-03
INV00610,PROD0170,STR012,389,223,96,79.0,2024-11-15
INV00611,PROD0244,STR009,121,129,298,61.0,2024-04-15
INV00612,PROD0085,STR001,178,196,203,17.0,2025-07-01
INV00613,PROD0129,STR005,304,53,298,49.0,2024-12-13
INV00614,PROD0233,STR013,318,253,128,74.0,2024-05-06
INV00615,PROD0177,STR009,260,247,65,60.0,2024-01-26
INV00616,PROD0169,STR014,94,278,207,55.0,2025-05-24
INV00617,PROD0083,STR004,305,142,1,21.0,2024-11-12
INV00618,PROD0068,STR012,341,276,99,55.0,2024-11-27
INV00619,PROD0200,STR007,166,135,302,31.0,2025-06-07
INV00620,PROD0100,STR003,157,228,120,45.0,2025-11-24
INV00621,PROD0105,STR007,319,103,110,74.0,2025-02-01
INV00622,PROD0047,STR004,172,25,53,55.0,2025-03-20
INV00623,PROD0088,STR012,399,12,188,75.0,2024-05-03
INV00624,PROD0134,STR011,192,21,308,21.0,2024-08-28
INV00625,PROD0234,STR007,407,293,278,29.0,2024-02-25
INV00626,PROD0096,STR011,332,277,396,19.0,2024-09-30
INV00627,PROD0126,STR013,423,15,297,63.0,2025-05-29
INV00628,PROD0113,STR015,233,240,244,62.0,2024-01-29
INV00629,PROD0046,STR003,299,236,108,71.0,2025-11-06
INV00630,PROD0151,STR011,22,29,298,35.0,2025-07-30
INV00631,PROD0031,STR006,352,181,323,10.0,2024-12-01
INV00632,PROD0118,STR003,173,9,279,30.0,2024-10-04
INV00633,PROD0007,STR007,312,286,246,74.0,2024-01-05
INV00634,PROD0131,STR012,32,261,92,50.0,2024-01-01
INV00635,PROD0016,STR003,80,250,246,29.0,2024-01-20
INV00636,PROD0018,STR014,162,62,241,61.0,2024-10-29
INV00637,PROD0086,STR005,119,107,83,42.0,2024-02-13
INV00638,PROD0234,STR005,452,97,103,11.0,2025-02-19
INV00639,PROD0054,STR005,296,239,246,17.0,2024-09-03
INV00640,PROD0139,STR010,430,94,71,27.0,2025-01-31
INV00641,PROD0092,STR015,242,144,163,11.0,2024-05-28
INV00642,PROD0040,STR012,353,228,218,73.0,2025-08-22
INV00643,PROD0104,STR007,270,35,364,49.0,2025-02-19
INV00644,PROD0159,STR015,450,7,223,68.0,2025-09-05
INV00645,PROD0131,STR007,68,156,77,75.0,2025-04-17
INV00646,PROD0250,STR014,466,81,192,21.0,2024-11-02
INV00647,PROD0131,STR008,283,113,210,51.0,2025-07-31
INV00648,PROD0227,STR015,273,190,261,27.0,2025-06-19
INV00649,PROD0166,STR013,367,0,358,56.0,2025-11-29
INV00650,PROD0053,STR013,327,256,14,71.0,2025-11-30
INV00651,PROD0156,STR004,231,43,309,79.0,2024-01-26
INV00652,PROD0003,STR013,127,151,236,61.0,2025-10-31
INV00653,PROD0204,STR012,38,140,105,18.0,2024-05-23
INV00654,PROD0199,STR009,402,295,17,65.0,2025-03-06
INV00655,PROD0162,STR011,378,150,3,11.0,2024-03-20
INV00656,PROD0007,STR010,273,14,350,46.0,2025-01-15
INV00657,PROD0245,STR003,367,193,75,78.0,2024-05-06
INV00658,PROD0079,STR013,219,160,249,52.0,2025-06-24
INV00659,PROD0218,STR004,90,278,125,29.0,2024-08-24
INV00660,PROD0222,STR011,362,185,109,12.0,2024-04-14
INV00661,PROD0027,STR004,21,260,48,14.0,2025-07-11
INV00662,PROD0089,STR002,344,23,101,27.0,2025-07-11
INV00663,PROD0169,STR013,223,156,341,45.0,2024-01-14
INV00664,PROD0055,STR010,107,156,355,68.0,2025-04-20
INV00665,PROD0165,STR004,174,177,37,73.0,2025-06-25
INV00666,PROD0191,STR003,360,212,343,73.0,2025-10-14
INV00667,PROD0044,STR015,490,182,248,46.0,2025-05-09
INV00668,PROD0041,STR001,346,134,22,40.0,2024-12-31
INV00669,PROD0077,STR003,214,204,117,21.0,2024-03-03
INV00670,PROD0010,STR006,137,158,255,56.0,2025-04-01
INV00671,PROD0166,STR003,162,51,293,15.0,2025-10-22
INV00672,PROD0218,STR013,92,65,211,57.0,2024-07-06
INV00673,PROD0007,STR004,212,224,163,19.0,2025-05-17
INV00674,PROD0139,STR012,234,238,298,57.0,2024-07-04
INV00675,PROD0242,STR003,442,190,311,26.0,2024-06-21
INV00676,PROD0242,STR014,373,234,68,12.0,2024-01-31
INV00677,PROD0110,STR002,309,135,116,12.0,2025-10-10
INV00678,PROD0188,STR015,243,226,19,71.0,2025-10-15
INV00679,PROD0139,STR014,148,85,323,39.0,2024-09-02
INV00680,PROD0098,STR012,190,137,117,28.0,2025-08-29
INV00681,PROD0128,STR004,363,109,378,58.0,2024-08-12
INV00682,PROD0227,STR001,292,121,136,52.0,2025-11-04
INV00683,PROD0229,STR012,57,253,105,69.0,2025-06-14
INV00684,PROD0241,STR009,317,175,180,32.0,2024-05-21
INV00685,PROD0160,STR008,215,69,322,44.0,2025-10-02
INV00686,PROD0187,STR002,237,203,295,60.0,2025-10-14
INV00687,PROD0033,STR001,127,219,50,27.0,2024-09-16
INV00688,PROD0101,STR008,276,138,101,45.0,2024-06-09
INV00689,PROD0023,STR014,374,290,244,29.0,2025-11-12
INV00690,PROD0026,STR001,157,45,11,23.0,2025-01-04
INV00691,PROD0158,STR007,308,186,273,66.0,2024-03-22
INV00692,PROD0050,STR015,154,76,104,13.0,2025-09-19
INV00693,PROD0099,STR002,374,51,163,34.0,2024-05-07
INV00694,PROD0065,STR003,400,192,330,21.0,2024-08-31
INV00695,PROD0111,STR004,400,273,68,33.0,2024-07-08
INV00696,PROD0031,STR001,494,183,40,58.0,2024-02-11
INV00697,PROD0065,STR014,226,285,12,61.0,2024-04-17
INV00698,PROD0188,STR005,475,250,261,49.0,2024-02-21
INV00699,PROD0008,STR005,32,189,337,46.0,2024-07-10
INV00700,PROD0072,STR001,215,158,217,25.0,2024-08-24
INV00701,PROD0199,STR008,189,209,326,16.0,2024-05-09
INV00702,PROD0021,STR012,479,268,53,40.0,2024-02-05
INV00703,PROD0120,STR003,26,0,170,33.0,2024-04-05
INV00704,PROD0113,STR014,339,256,201,64.0,2024-04-22
INV00705,PROD0064,STR005,438,238,65,40.0,2025-08-16
INV00706,PROD0128,STR012,217,2,155,54.0,2024-03-03
INV00707,PROD0231,STR005,138,152,124,65.0,2024-01-06
INV00708,PROD0056,STR003,264,64,204,76.0,2024-02-28
INV00709,PROD0045,STR002,228,186,93,45.0,2024-10-01
INV00710,PROD0114,STR002,23,264,69,34.0,2024-06-04
INV00711,PROD0187,STR015,285,244,299,62.0,2024-07-29
INV00712,PROD0022,STR003,248,14,219,79.0,2024-09-03
INV00713,PROD0103,STR005,74,100,101,10.0,2025-05-11
INV00714,PROD0020,STR005,130,210,320,63.0,2024-08-16
INV00715,PROD0044,STR009,307,296,346,54.0,2024-05-27
INV00716,PROD0125,STR002,405,25,184,78.0,2025-06-06
INV00717,PROD0214,STR002,165,169,308,44.0,2025-06-28
INV00718,PROD0235,STR004,496,166,99,34.0,2025-08-15
INV00719,PROD0102,STR015,499,97,16,56.0,2024-02-19
INV00720,PROD0230,STR004,417,149,1,41.0,2024-08-22
INV00721,PROD0016,STR001,297,127,375,32.0,2025-08-07
INV00722,PROD0009,STR011,360,106,151,12.0,2024-06-01
INV00723,PROD0179,STR004,140,168,198,21.0,2025-03-31
INV00724,PROD0090,STR002,144,73,324,60.0,2024-02-15
INV00725,PROD0030,STR004,81,271,332,54.0,2025-04-18
INV00726,PROD0136,STR013,231,252,77,43.0,2024-07-26
INV00727,PROD0028,STR013,73,75,327,50.0,2024-02-05
INV00728,PROD0210,STR008,224,120,362,16.0,2025-09-11
INV00729,PROD0214,STR012,492,87,347,77.0,2025-01-30
INV00730,PROD0095,STR010,272,33,82,31.0,2025-11-24
INV00731,PROD0175,STR004,276,58,278,12.0,2024-06-23
INV00732,PROD0143,STR015,191,130,156,55.0,2025-04-27
INV00733,PROD0224,STR005,81,54,173,46.0,2024-01-31
INV00734,PROD0157,STR005,274,217,182,63.0,2024-06-28
INV00735,PROD0226,STR015,329,270,125,63.0,2024-11-01
INV00736,PROD0114,STR005,174,1,292,72.0,2025-01-22
INV00737,PROD0034,STR013,264,259,346,17.0,2025-04-23
INV00738,PROD0015,STR002,231,293,17,43.0,2025-04-23
INV00739,PROD0108,STR009,116,215,312,65.0,2024-12-13
INV00740,PROD0134,STR007,249,295,305,57.0,2025-11-19
INV00741,PROD0152,STR005,291,191,233,67.0,2025-08-05
INV00742,PROD0235,STR008,111,224,294,26.0,2024-07-01
INV00743,PROD0074,STR013,37,186,188,14.0,2025-06-14
INV00744,PROD0222,STR005,131,235,383,49.0,2024-04-13
INV00745,PROD0192,STR002,370,181,166,60.0,2025-08-22
INV00746,PROD0043,STR011,255,247,399,60.0,2024-12-07
INV00747,PROD0059,STR004,203,20,10,75.0,2024-11-25
INV00748,PROD0163,STR005,411,64,34,40.0,2024-12-07
INV00749,PROD0221,STR006,435,89,116,41.0,2024-02-13
INV00750,PROD0101,STR011,464,80,141,33.0,2025-02-22
INV00751,PROD0013,STR008,435,244,357,71.0,2025-07-12
INV00752,PROD0145,STR011,479,297,395,35.0,2024-10-28
INV00753,PROD0147,STR008,117,8,280,70.0,2025-02-02
INV00754,PROD0081,STR005,255,292,95,21.0,2024-06-19
INV00755,PROD0060,STR001,293,218,311,31.0,2025-11-23
INV00756,PROD0134,STR012,379,179,54,69.0,2024-08-18
INV00757,PROD0031,STR004,283,231,17,34.0,2025-08-09
INV00758,PROD0218,STR005,381,23,13,57.0,2024-03-30
INV00759,PROD0186,STR002,103,287,183,28.0,2024-06-18
INV00760,PROD0171,STR009,44,165,123,28.0,2024-04-26
INV00761,PROD0198,STR015,453,182,133,53.0,2025-10-17
INV00762,PROD0240,STR013,52,63,139,51.0,2024-11-20
INV00763,PROD0017,STR008,255,238,393,59.0,2024-05-26
INV00764,PROD0090,STR004,231,85,220,39.0,2025-10-15
INV00765,PROD0112,STR015,62,22,243,77.0,2024-08-27
INV00766,PROD0038,STR015,137,95,390,79.0,2024-06-13
INV00767,PROD0061,STR013,141,172,134,74.0,2024-01-24
INV00768,PROD0038,STR003,248,285,155,36.0,2025-10-08
INV00769,PROD0035,STR005,247,98,124,34.0,2024-09-27
INV00770,PROD0163,STR004,43,154,209,37.0,2025-05-26
INV00771,PROD0027,STR009,287,57,307,47.0,2025-03-24
INV00772,PROD0080,STR001,492,105,86,49.0,2025-11-22
INV00773,PROD0129,STR010,328,69,175,47.0,2025-11-09
INV00774,PROD0098,STR005,196,125,42,41.0,2024-07-06
INV00775,PROD0159,STR005,407,184,310,62.0,2024-08-21
INV00776,PROD0216,STR011,219,235,392,11.0,2024-06-25
INV00777,PROD0138,STR009,391,242,387,26.0,2024-01-01
INV00778,PROD0138,STR001,249,67,137,24.0,2025-09-01
INV00779,PROD0220,STR004,35,231,115,31.0,2024-11-22
INV00780,PROD0029,STR010,33,285,34,62.0,2025-08-07
INV00781,PROD0056,STR004,128,102,256,50.0,2025-08-11
INV00782,PROD0013,STR007,194,243,179,59.0,2024-10-18
INV00783,PROD0146,STR003,353,262,352,13.0,2025-05-09
INV00784,PROD0080,STR013,450,173,171,66.0,2025-08-14
INV00785,PROD0023,STR007,442,90,240,48.0,2025-10-14
INV00786,PROD0104,STR009,298,227,234,77.0,2025-06-28
INV00787,PROD0171,STR004,213,247,297,77.0,2024-06-11
INV00788,PROD0143,STR010,355,145,112,14.0,2025-08-18
INV00789,PROD0180,STR003,88,236,192,76.0,2025-01-11
INV00790,PROD0228,STR010,409,100,97,27.0,2025-03-24
INV00791,PROD0075,STR009,188,107,78,55.0,2024-01-26
INV00792,PROD0098,STR001,266,162,255,63.0,2025-10-25
INV00793,PROD0114,STR005,350,213,166,63.0,2024-08-19
INV00794,PROD0051,STR001,375,223,108,50.0,2024-09-19
INV00795,PROD0165,STR007,271,128,31,22.0,2024-04-05
INV00796,PROD0095,STR010,428,12,118,40.0,2025-07-14
INV00797,PROD0118,STR013,181,54,168,52.0,2024-10-31
INV00798,PROD0160,STR007,457,111,271,23.0,2025-11-30
INV00799,PROD0178,STR013,228,150,11,30.0,2025-04-15
INV00800,PROD0197,STR007,497,285,100,27.0,2024-04-12
INV00801,PROD0018,STR008,152,233,275,50.0,2025-04-18
INV00802,PROD0170,STR014,94,207,167,70.0,2024-11-18
INV00803,PROD0106,STR008,348,170,166,65.0,2025-02-10
INV00804,PROD0215,STR012,324,103,85,55.0,2024-12-01
INV00805,PROD0053,STR007,120,55,305,70.0,2025-05-19
INV00806,PROD0164,STR008,118,207,366,35.0,2025-03-26
INV00807,PROD0090,STR004,455,291,4,47.0,2025-07-30
INV00808,PROD0184,STR003,349,299,227,49.0,2024-03-10
INV00809,PROD0068,STR010,320,142,387,49.0,2024-02-13
INV00810,PROD0071,STR015,289,95,293,77.0,2025-03-29
INV00811,PROD0210,STR002,120,203,242,42.0,2025-08-18
INV00812,PROD0135,STR002,354,103,60,73.0,2025-11-04
INV00813,PROD0005,STR003,481,241,321,59.0,2024-07-17
INV00814,PROD0147,STR003,381,191,71,32.0,2025-05-22
INV00815,PROD0242,STR007,22,93,120,23.0,2024-06-19
INV00816,PROD0134,STR010,97,160,175,46.0,2025-11-27
INV00817,PROD0200,STR008,486,125,392,78.0,2025-09-10
INV00818,PROD0227,STR006,493,27,230,40.0,2024-07-05
INV00819,PROD0207,STR015,376,270,127,15.0,2025-06-08
INV00820,PROD0243,STR001,415,102,319,58.0,2025-01-29
INV00821,PROD0169,STR001,380,173,90,25.0,2024-08-03
INV00822,PROD0033,STR010,424,112,323,26.0,2025-07-07
INV00823,PROD0083,STR013,485,60,329,73.0,2025-02-15
INV00824,PROD0194,STR007,127,43,290,71.0,2025-04-06
INV00825,PROD0138,STR014,56,268,191,43.0,2024-04-23
INV00826,PROD0171,STR005,217,110,65,14.0,2025-08-01
INV00827,PROD0105,STR007,130,117,204,47.0,2024-06-27
INV00828,PROD0206,STR001,87,53,169,70.0,2024-10-31
INV00829,PROD0178,STR005,60,185,218,32.0,2025-05-18
INV00830,PROD0181,STR003,421,50,6,27.0,2024-03-12
INV00831,PROD0003,STR004,440,103,66,41.0,2025-07-29
INV00832,PROD0092,STR009,487,35,301,49.0,2025-10-31
INV00833,PROD0040,STR005,52,98,301,77.0,2024-02-19
INV00834,PROD0114,STR013,268,172,249,27.0,2025-02-20
INV00835,PROD0141,STR015,27,264,165,58.0,2025-01-14
INV00836,PROD0169,STR001,452,255,7,49.0,2024-09-17
INV00837,PROD0221,STR005,416,138,152,44.0,2024-02-11
INV00838,PROD0204,STR003,380,161,210,70.0,2024-08-15
INV00839,PROD0187,STR013,188,76,94,71.0,2024-09-29
INV00840,PROD0225,STR002,166,24,309,47.0,2025-07-30
INV00841,PROD0167,STR001,300,191,109,50.0,2024-07-15
INV00842,PROD0090,STR005,166,80,253,39.0,2024-11-27
INV00843,PROD0090,STR008,218,18,209,62.0,2025-05-27
INV00844,PROD0025,STR002,492,227,18,35.0,2025-05-05
INV00845,PROD0236,STR004,488,94,294,63.0,2025-09-04
INV00846,PROD0085,STR014,85,187,165,79.0,2025-05-18
INV00847,PROD0106,STR005,155,215,294,30.0,2025-03-28
INV00848,PROD0231,STR014,225,47,345,62.0,2024-12-21
INV00849,PROD0004,STR014,405,86,326,68.0,2025-09-12
INV00850,PROD0067,STR011,347,67,328,37.0,2024-11-12
INV00851,PROD0046,STR010,138,248,299,65.0,2024-10-26
INV00852,PROD0029,STR013,159,76,61,77.0,2024-07-21
INV00853,PROD0075,STR015,410,44,185,13.0,2025-01-27
INV00854,PROD0213,STR012,71,177,269,35.0,2024-02-02
INV00855,PROD0172,STR006,87,82,23,27.0,2025-08-11
INV00856,PROD0109,STR014,117,6,395,37.0,2025-04-13
INV00857,PROD0220,STR013,339,224,210,62.0,2025-10-25
INV00858,PROD0213,STR006,423,221,185,53.0,2024-03-27
INV00859,PROD0189,STR010,321,84,80,29.0,2025-11-07
INV00860,PROD0145,STR010,451,203,97,22.0,2025-07-12
INV00861,PROD0125,STR011,218,143,52,76.0,2024-06-12
INV00862,PROD0214,STR009,471,123,134,19.0,2024-06-10
INV00863,PROD0044,STR005,412,177,258,70.0,2025-01-06
INV00864,PROD0007,STR007,224,59,356,53.0,2025-09-08
INV00865,PROD0068,STR012,55,92,48,13.0,2024-06-03
INV00866,PROD0159,STR003,153,103,68,11.0,2025-02-25
INV00867,PROD0193,STR007,227,210,216,69.0,2025-08-03
INV00868,PROD0039,STR010,161,293,190,54.0,2024-09-17
INV00869,PROD0226,STR004,371,106,210,68.0,2024-10-25
INV00870,PROD0084,STR013,177,44,130,50.0,2025-09-11
INV00871,PROD0015,STR008,281,176,303,17.0,2025-04-18
INV00872,PROD0020,STR003,176,245,301,78.0,2024-09-17
INV00873,PROD0188,STR006,309,122,216,49.0,2024-08-09
INV00874,PROD0143,STR010,392,109,161,23.0,2024-05-20
INV00875,PROD0094,STR013,170,170,396,36.0,2024-10-31
INV00876,PROD0019,STR012,269,21,136,74.0,2024-04-12
INV00877,PROD0184,STR001,260,286,57,42.0,2024-01-13
INV00878,PROD0199,STR009,49,50,350,30.0,2025-07-06
INV00879,PROD0126,STR003,86,225,260,42.0,2025-09-16
INV00880,PROD0112,STR002,114,225,199,68.0,2024-07-02
INV00881,PROD0113,STR004,300,275,373,21.0,2025-05-18
INV00882,PROD0165,STR007,145,191,227,51.0,2024-12-28
INV00883,PROD0185,STR004,444,280,251,35.0,2024-03-02
INV00884,PROD0010,STR006,339,140,380,34.0,2025-07-06
INV00885,PROD0134,STR001,110,162,188,46.0,2025-05-15
INV00886,PROD0240,STR007,70,37,66,59.0,2025-03-26
INV00887,PROD0193,STR001,141,161,171,28.0,2025-08-22
INV00888,PROD0211,STR004,338,41,287,37.0,2024-04-26
INV00889,PROD0249,STR010,37,14,103,35.0,2025-06-25
INV00890,PROD0045,STR013,256,252,46,61.0,2025-09-16
INV00891,PROD0140,STR006,138,226,16,35.0,2025-02-22
INV00892,PROD0032,STR012,36,75,141,31.0,2024-02-28
INV00893,PROD0237,STR007,427,169,166,33.0,2024-12-02
INV00894,PROD0121,STR011,472,139,116,20.0,2024-06-10
INV00895,PROD0089,STR013,310,276,64,17.0,2024-08-15
INV00896,PROD0149,STR008,385,63,172,27.0,2024-09-21
INV00897,PROD0143,STR006,75,290,275,64.0,2024-07-11
INV00898,PROD0055,STR010,404,258,127,74.0,2024-03-24
INV00899,PROD0018,STR015,141,278,309,17.0,2024-02-28
INV00900,PROD0036,STR010,302,89,91,34.0,2025-04-05
INV00901,PROD0250,STR008,337,50,44,32.0,2024-06-19
INV00902,PROD0107,STR001,132,24,339,70.0,2025-01-20
INV00903,PROD0126,STR014,437,77,285,18.0,2024-06-21
INV00904,PROD0072,STR006,375,205,365,15.0,2024-03-15
INV00905,PROD0190,STR014,323,72,138,18.0,2025-01-27
INV00906,PROD0025,STR012,147,40,121,24.0,2025-06-03
INV00907,PROD0117,STR001,82,36,1,43.0,2025-09-02
INV00908,PROD0002,STR001,121,36,40,67.0,2024-11-21
INV00909,PROD0002,STR006,298,268,195,58.0,2024-04-01
INV00910,PROD0058,STR007,416,160,224,63.0,2024-11-02
INV00911,PROD0242,STR005,104,186,113,17.0,2025-04-04
INV00912,PROD0110,STR014,216,7,221,67.0,2025-09-28
INV00913,PROD0007,STR006,440,148,67,52.0,2025-07-10
INV00914,PROD0111,STR007,354,229,220,60.0,2025-02-04
INV00915,PROD0087,STR006,272,227,385,36.0,2024-09-13
INV00916,PROD0084,STR014,24,150,214,39.0,2024-02-19
INV00917,PROD0041,STR008,284,154,230,34.0,2024-01-05
INV00918,PROD0052,STR009,121,64,15,55.0,2025-05-09
INV00919,PROD0155,STR005,272,95,129,57.0,2024-06-25
INV00920,PROD0002,STR015,300,84,36,38.0,2025-05-20
INV00921,PROD0098,STR005,20,70,393,17.0,2024-09-25
INV00922,PROD0143,STR002,455,111,163,72.0,2025-11-19
INV00923,PROD0246,STR008,60,216,230,32.0,2024-08-27
INV00924,PROD0229,STR008,478,240,110,58.0,2024-03-02
INV00925,PROD0203,STR004,373,14,393,49.0,2025-05-18
INV00926,PROD0194,STR001,311,122,60,26.0,2024-07-05
INV00927,PROD0236,STR005,327,163,106,48.0,2024-05-18
INV00928,PROD0082,STR006,223,138,334,13.0,2024-03-21
INV00929,PROD0072,STR004,276,154,94,25.0,2024-10-01
INV00930,PROD0220,STR015,424,163,158,52.0,2024-03-27
INV00931,PROD0216,STR006,194,53,392,34.0,2025-09-27
INV00932,PROD0194,STR012,473,204,115,14.0,2024-04-05
INV00933,PROD0040,STR014,162,151,347,41.0,2024-03-31
INV00934,PROD0003,STR015,69,217,269,74.0,2024-11-18
INV00935,PROD0073,STR010,401,59,321,33.0,2024-05-08
INV00936,PROD0204,STR005,496,21,300,39.0,2025-08-17
INV00937,PROD0096,STR013,426,197,181,56.0,2024-05-13
INV00938,PROD0237,STR010,448,163,340,68.0,2024-09-29
INV00939,PROD0191,STR003,291,41,28,51.0,2024-10-04
INV00940,PROD0168,STR006,284,293,146,17.0,2024-03-26
INV00941,PROD0087,STR005,318,78,211,35.0,2024-04-29
INV00942,PROD0181,STR010,130,236,343,51.0,2024-12-15
INV00943,PROD0093,STR010,265,143,43,73.0,2025-10-22
INV00944,PROD0234,STR003,497,260,179,66.0,2024-05-16
INV00945,PROD0023,STR008,222,279,171,54.0,2024-04-17
INV00946,PROD0123,STR011,419,294,295,49.0,2024-02-28
INV00947,PROD0050,STR008,286,72,283,70.0,2025-11-04
INV00948,PROD0139,STR005,470,73,144,77.0,2024-12-04
INV00949,PROD0134,STR014,276,267,322,54.0,2024-02-28
INV00950,PROD0175,STR003,176,185,365,59.0,2025-10-31
INV00951,PROD0226,STR005,167,155,282,77.0,2025-06-15
INV00952,PROD0176,STR006,251,174,4,73.0,2024-03-16
INV00953,PROD0190,STR002,423,126,37,45.0,2025-02-26
INV00954,PROD0181,STR013,155,94,236,61.0,2024-04-05
INV00955,PROD0096,STR006,303,24,220,49.0,2024-02-19
INV00956,PROD0092,STR009,263,36,41,73.0,2024-01-04
INV00957,PROD0118,STR014,113,208,211,24.0,2025-01-21
INV00958,PROD0176,STR008,51,267,16,43.0,2025-10-13
INV00959,PROD0211,STR008,199,16,19,45.0,2024-06-24
INV00960,PROD0194,STR010,220,176,302,35.0,2024-09-16
INV00961,PROD0212,STR001,212,295,44,48.0,2024-12-11
INV00962,PROD0214,STR004,299,93,96,31.0,2024-05-19
INV00963,PROD0220,STR015,277,136,195,23.0,2024-08-18
INV00964,PROD0132,STR002,492,194,52,31.0,2025-03-29
INV00965,PROD0062,STR006,209,43,381,64.0,2024-07-26
INV00966,PROD0205,STR015,204,23,84,44.0,2025-08-01
INV00967,PROD0136,STR011,116,29,332,17.0,2024-03-22
INV00968,PROD0193,STR003,270,83,44,73.0,2025-04-24
INV00969,PROD0075,STR003,41,298,16,27.0,2024-03-15
INV00970,PROD0030,STR014,217,220,299,32.0,2024-01-01
INV00971,PROD0191,STR011,327,123,300,51.0,2024-06-15
INV00972,PROD0128,STR002,145,194,336,39.0,2024-11-19
INV00973,PROD0174,STR007,333,122,124,21.0,2024-03-02
INV00974,PROD0125,STR010,356,243,394,67.0,2024-08-17
INV00975,PROD0031,STR006,100,120,120,23.0,2024-08-03
INV00976,PROD0037,STR012,77,263,183,74.0,2025-08-28
INV00977,PROD0174,STR005,300,64,85,22.0,2024-10-28
INV00978,PROD0165,STR010,234,179,260,56.0,2024-11-10
INV00979,PROD0039,STR009,183,173,3,43.0,2024-10-26
INV00980,PROD0165,STR011,86,292,183,74.0,2024-09-04
INV00981,PROD0152,STR010,260,14,357,29.0,2024-11-29
INV00982,PROD0197,STR001,54,213,324,47.0,2024-08-27
INV00983,PROD0103,STR007,439,209,39,30.0,2024-08-21
INV00984,PROD0146,STR004,338,129,133,28.0,2024-11-23
INV00985,PROD0172,STR008,226,3,12,60.0,2024-09-16
INV00986,PROD0070,STR014,120,53,57,60.0,2024-11-21
INV00987,PROD0174,STR009,272,164,316,69.0,2024-06-11
INV00988,PROD0087,STR006,89,223,187,40.0,2024-10-21
INV00989,PROD0133,STR014,40,147,127,24.0,2024-01-05
INV00990,PROD0053,STR001,323,15,77,32.0,2024-08-13
INV00991,PROD0185,STR002,453,166,181,19.0,2024-02-16
INV00992,PROD0092,STR013,384,82,88,67.0,2025-07-30
INV00993,PROD0215,STR012,355,170,240,66.0,2024-04-27
INV00994,PROD0134,STR012,179,176,95,29.0,2024-05-25
INV00995,PROD0038,STR001,448,146,140,44.0,2025-01-23
INV00996,PROD0119,STR009,122,155,118,52.0,2025-04-24
INV00997,PROD0178,STR004,253,43,377,47.0,2025-08-20
INV00998,PROD0135,STR006,246,70,102,68.0,2025-02-12
INV00999,PROD0043,STR011,35,79,181,53.0,2024-03-01
INV01000,PROD0247,STR006,100,118,140,22.0,2025-09-03
INV01001,PROD0165,STR001,34,261,159,14.0,2024-08-02
INV01002,PROD0187,STR010,236,280,59,16.0,2025-01-03
INV01003,PROD0054,STR009,186,206,85,59.0,2024-05-01
INV01004,PROD0035,STR006,348,62,16,24.0,2024-07-22
INV01005,PROD0147,STR002,392,97,0,79.0,2024-10-03
INV01006,PROD0173,STR008,179,73,322,12.0,2024-05-30
INV01007,PROD0197,STR007,204,67,117,78.0,2025-05-08
INV01008,PROD0243,STR005,418,221,45,76.0,2025-10-18
INV01009,PROD0100,STR007,361,78,299,60.0,2025-08-27
INV01010,PROD0039,STR008,232,65,238,44.0,2025-10-03
INV01011,PROD0107,STR009,391,170,24,10.0,2024-11-04
INV01012,PROD0138,STR007,57,42,202,66.0,2025-01-10
INV01013,PROD0236,STR003,218,122,145,20.0,2024-06-30
INV01014,PROD0164,STR013,295,4,184,75.0,2025-03-08
INV01015,PROD0147,STR003,229,171,132,57.0,2025-10-27
INV01016,PROD0083,STR010,414,266,109,68.0,2025-04-26
INV01017,PROD0197,STR015,83,0,84,34.0,2025-06-03
INV01018,PROD0100,STR012,187,299,11,48.0,2024-01-04
INV01019,PROD0247,STR013,63,220,207,23.0,2025-07-04
INV01020,PROD0092,STR009,179,48,291,52.0,2024-07-18
INV01021,PROD0209,STR003,28,257,107,52.0,2025-09-09
INV01022,PROD0018,STR005,399,11,83,49.0,2024-01-24
INV01023,PROD0189,STR009,106,40,39,27.0,2024-06-06
INV01024,PROD0142,STR010,250,101,284,45.0,2025-07-15
INV01025,PROD0216,STR012,163,95,38,15.0,2025-10-31
INV01026,PROD0092,STR008,388,276,208,57.0,2025-09-06
INV01027,PROD0045,STR004,258,53,61,18.0,2024-12-17
INV01028,PROD0206,STR005,70,70,49,51.0,2025-05-28
INV01029,PROD0236,STR015,315,85,385,52.0,2025-02-11
INV01030,PROD0046,STR010,126,130,82,70.0,2025-07-29
INV01031,PROD0085,STR008,426,48,65,51.0,2025-01-24
INV01032,PROD0099,STR006,279,177,262,40.0,2025-10-27
INV01033,PROD0099,STR007,253,58,323,77.0,2024-12-02
INV01034,PROD0199,STR012,475,134,273,14.0,2025-01-07
INV01035,PROD0011,STR006,252,241,235,52.0,2025-09-22
INV01036,PROD0071,STR009,143,124,96,62.0,2024-12-17
INV01037,PROD0207,STR008,469,246,217,15.0,2024-08-16
INV01038,PROD0133,STR010,81,184,58,12.0,2024-05-11
INV01039,PROD0123,STR015,472,148,86,34.0,2024-03-19
INV01040,PROD0190,STR006,133,238,39,76.0,2025-07-07
INV01041,PROD0116,STR001,207,6,263,43.0,2024-01-06
INV01042,PROD0053,STR010,129,130,205,77.0,2024-05-18
INV01043,PROD0129,STR010,462,45,318,51.0,2024-02-17
INV01044,PROD0031,STR001,480,113,256,52.0,2025-08-11
INV01045,PROD0201,STR012,344,112,391,22.0,2025-03-07
INV01046,PROD0141,STR008,301,237,146,49.0,2024-02-07
INV01047,PROD0085,STR008,52,161,204,10.0,2025-07-11
INV01048,PROD0030,STR012,216,155,135,48.0,2024-01-16
INV01049,PROD0144,STR005,315,145,143,42.0,2024-12-21
INV01050,PROD0090,STR011,32,297,225,12.0,2024-01-31
INV01051,PROD0066,STR003,445,61,382,51.0,2025-02-21
INV01052,PROD0166,STR014,340,169,87,43.0,2025-01-03
INV01053,PROD0020,STR001,481,5,148,13.0,2024-11-22
INV01054,PROD0119,STR005,348,101,216,61.0,2025-02-01
INV01055,PROD0021,STR010,212,139,254,33.0,2024-09-05
INV01056,PROD0227,STR014,301,263,224,57.0,2025-02-14
INV01057,PROD0065,STR014,187,47,89,47.0,2025-03-26
INV01058,PROD0159,STR008,277,278,46,69.0,2025-05-24
INV01059,PROD0041,STR009,222,64,248,75.0,2025-09-20
INV01060,PROD0052,STR010,222,247,321,66.0,2025-10-04
INV01061,PROD0029,STR003,138,160,341,30.0,2025-09-28
INV01062,PROD0142,STR012,305,76,313,41.0,2024-05-25
INV01063,PROD0143,STR007,180,38,205,33.0,2025-05-07
INV01064,PROD0112,STR008,42,97,69,44.0,2025-05-11
INV01065,PROD0187,STR012,90,287,98,37.0,2024-10-31
INV01066,PROD0010,STR001,406,177,349,70.0,2025-04-10
INV01067,PROD0067,STR011,82,234,251,56.0,2024-03-08
INV01068,PROD0120,STR011,224,217,240,11.0,2024-05-19
INV01069,PROD0090,STR011,126,189,256,19.0,2024-06-20
INV01070,PROD0187,STR001,389,103,75,23.0,2025-09-03
INV01071,PROD0103,STR008,431,135,43,13.0,2024-08-29
INV01072,PROD0058,STR001,191,218,147,10.0,2025-07-25
INV01073,PROD0049,STR012,211,3,309,23.0,2025-04-01
INV01074,PROD0221,STR009,148,101,303,46.0,2024-12-28
INV01075,PROD0158,STR012,180,210,140,48.0,2024-09-05
INV01076,PROD0072,STR004,45,280,118,64.0,2024-03-21
INV01077,PROD0141,STR015,499,26,22,13.0,2024-11-11
INV01078,PROD0001,STR007,42,275,45,36.0,2024-06-24
INV01079,PROD0164,STR007,443,60,229,74.0,2025-02-13
INV01080,PROD0099,STR004,317,115,301,49.0,2025-01-19
INV01081,PROD0004,STR014,61,259,125,67.0,2024-01-22
INV01082,PROD0229,STR015,123,26,63,38.0,2024-07-18
INV01083,PROD0122,STR010,451,78,93,32.0,2024-02-11
INV01084,PROD0008,STR004,304,141,18,77.0,2025-03-19
INV01085,PROD0190,STR006,471,257,260,58.0,2024-04-17
INV01086,PROD0203,STR008,230,224,116,26.0,2024-06-09
INV01087,PROD0180,STR014,45,250,37,24.0,2024-01-08
INV01088,PROD0009,STR009,339,213,112,60.0,2025-07-12
INV01089,PROD0126,STR003,223,110,389,24.0,2024-05-01
INV01090,PROD0076,STR003,101,31,4,18.0,2025-01-01
INV01091,PROD0007,STR010,105,242,240,76.0,2024-03-14
INV01092,PROD0230,STR013,204,90,292,76.0,2025-03-23
INV01093,PROD0181,STR011,146,227,223,54.0,2025-01-30
INV01094,PROD0217,STR003,229,278,75,26.0,2024-05-14
INV01095,PROD0124,STR005,422,11,267,48.0,2024-06-06
INV01096,PROD0214,STR010,282,286,192,13.0,2024-10-03
INV01097,PROD0100,STR011,67,130,157,43.0,2025-01-28
INV01098,PROD0024,STR014,72,65,6,58.0,2024-11-29
INV01099,PROD0212,STR005,285,277,341,20.0,2024-09-01
INV01100,PROD0241,STR003,76,147,390,40.0,2025-04-14
INV01101,PROD0225,STR009,147,82,386,53.0,2024-07-20
INV01102,PROD0170,STR008,427,87,394,73.0,2025-11-14
INV01103,PROD0088,STR007,374,107,158,42.0,2024-06-10
INV01104,PROD0098,STR010,182,3,122,60.0,2025-02-24
INV01105,PROD0039,STR003,145,109,322,17.0,2025-09-23
INV01106,PROD0016,STR004,342,246,63,35.0,2024-12-02
INV01107,PROD0216,STR003,252,190,128,78.0,2025-02-19
INV01108,PROD0187,STR003,402,297,204,26.0,2024-04-19
INV01109,PROD0117,STR013,491,225,107,42.0,2024-02-24
INV01110,PROD0047,STR009,174,209,221,68.0,2025-03-10
INV01111,PROD0101,STR005,24,154,224,12.0,2025-11-12
INV01112,PROD0165,STR014,58,252,211,64.0,2024-07-01
INV01113,PROD0136,STR008,284,176,377,40.0,2025-07-30
INV01114,PROD0067,STR006,227,10,110,78.0,2025-04-06
INV01115,PROD0123,STR004,172,92,157,18.0,2024-01-01
INV01116,PROD0150,STR008,312,51,58,44.0,2024-06-04
INV01117,PROD0237,STR001,136,11,164,18.0,2024-02-20
INV01118,PROD0154,STR002,42,109,281,67.0,2025-07-28
INV01119,PROD0169,STR014,435,229,309,26.0,2025-02-19
INV01120,PROD0101,STR006,224,296,344,62.0,2025-10-08
INV01121,PROD0065,STR012,490,181,242,69.0,2024-04-27
INV01122,PROD0225,STR011,344,277,331,30.0,2024-03-05
INV01123,PROD0190,STR013,375,101,109,18.0,2024-10-25
INV01124,PROD0238,STR004,61,67,127,29.0,2024-11-27
INV01125,PROD0064,STR013,338,174,301,66.0,2025-02-11
INV01126,PROD0152,STR005,410,2,172,17.0,2024-01-14
INV01127,PROD0121,STR004,464,157,130,37.0,2025-02-05
INV01128,PROD0193,STR014,322,26,261,67.0,2024-09-06
INV01129,PROD0087,STR004,118,19,39,16.0,2025-01-04
INV01130,PROD0178,STR012,58,267,210,60.0,2025-04-21
INV01131,PROD0230,STR014,388,30,210,64.0,2025-11-03
INV01132,PROD0050,STR008,65,39,71,52.0,2024-10-05
INV01133,PROD0133,STR009,288,200,358,47.0,2024-06-29
INV01134,PROD0102,STR015,360,294,50,34.0,2025-03-27
INV01135,PROD0181,STR014,296,67,73,11.0,2024-12-26
INV01136,PROD0144,STR011,430,68,393,23.0,2025-02-06
INV01137,PROD0135,STR006,203,250,24,63.0,2025-11-05
INV01138,PROD0139,STR003,344,72,19,74.0,2025-03-31
INV01139,PROD0129,STR013,443,140,242,17.0,2024-12-22
INV01140,PROD0038,STR009,380,121,74,72.0,2024-01-01
INV01141,PROD0112,STR005,395,141,263,39.0,2024-08-25
INV01142,PROD0232,STR007,302,288,208,31.0,2025-03-10
INV01143,PROD0211,STR001,268,210,35,55.0,2025-05-23
INV01144,PROD0186,STR004,357,282,0,67.0,2024-12-19
INV01145,PROD0218,STR014,436,28,261,70.0,2024-01-07
INV01146,PROD0014,STR004,262,176,334,66.0,2024-11-22
INV01147,PROD0065,STR007,48,74,282,43.0,2024-08-14
INV01148,PROD0062,STR015,337,172,114,47.0,2024-05-02
INV01149,PROD0221,STR011,308,128,381,72.0,2024-07-13
INV01150,PROD0067,STR015,56,189,227,24.0,2025-02-23
INV01151,PROD0195,STR005,112,98,372,55.0,2025-06-14
INV01152,PROD0167,STR002,255,248,272,78.0,2025-08-05
INV01153,PROD0141,STR003,42,119,350,16.0,2025-11-26
INV01154,PROD0154,STR011,323,26,82,23.0,2024-06-18
INV01155,PROD0130,STR006,267,7,178,40.0,2025-08-15
INV01156,PROD0163,STR005,113,23,44,23.0,2025-09-20
INV01157,PROD0055,STR014,167,157,327,68.0,2024-04-02
INV01158,PROD0125,STR013,344,160,149,34.0,2025-02-14
INV01159,PROD0112,STR010,384,260,103,55.0,2025-09-06
INV01160,PROD0158,STR004,457,44,361,79.0,2024-03-01
INV01161,PROD0242,STR003,474,101,222,28.0,2025-01-05
INV01162,PROD0133,STR007,76,138,152,45.0,2024-07-13
INV01163,PROD0079,STR011,134,230,339,72.0,2025-07-19
INV01164,PROD0060,STR002,243,215,15,22.0,2024-05-01
INV01165,PROD0147,STR012,284,248,399,11.0,2024-09-24
INV01166,PROD0025,STR011,293,288,143,53.0,2024-10-10
INV01167,PROD0187,STR008,202,176,392,11.0,2025-05-08
INV01168,PROD0059,STR003,308,77,306,16.0,2024-01-05
INV01169,PROD0186,STR009,106,177,38,52.0,2024-11-05
INV01170,PROD0236,STR001,123,61,371,20.0,2025-12-01
INV01171,PROD0005,STR012,190,83,286,13.0,2024-05-09
INV01172,PROD0124,STR009,280,235,388,77.0,2024-10-10
INV01173,PROD0149,STR002,421,105,290,74.0,2025-04-08
INV01174,PROD0077,STR006,389,164,38,11.0,2025-09-08
INV01175,PROD0127,STR010,301,231,396,15.0,2024-05-24
INV01176,PROD0204,STR008,487,49,200,13.0,2024-10-13
INV01177,PROD0022,STR003,125,299,367,47.0,2025-05-21
INV01178,PROD0065,STR013,348,174,256,50.0,2025-03-06
INV01179,PROD0008,STR002,488,24,190,38.0,2025-03-20
INV01180,PROD0053,STR007,290,109,245,45.0,2025-07-06
INV01181,PROD0167,STR008,416,226,115,13.0,2024-03-09
INV01182,PROD0111,STR006,103,44,179,45.0,2025-03-28
INV01183,PROD0133,STR005,373,293,79,54.0,2025-01-26
INV01184,PROD0093,STR004,171,62,22,64.0,2024-10-17
INV01185,PROD0018,STR012,138,143,222,78.0,2025-06-18
INV01186,PROD0027,STR013,441,163,192,68.0,2025-02-27
INV01187,PROD0105,STR008,443,260,65,70.0,2025-02-19
INV01188,PROD0015,STR013,242,236,16,16.0,2024-12-09
INV01189,PROD0114,STR012,486,54,279,40.0,2025-01-09
INV01190,PROD0070,STR004,64,28,178,72.0,2025-05-10
INV01191,PROD0136,STR015,146,150,188,19.0,2024-03-01
INV01192,PROD0138,STR004,71,40,182,73.0,2025-06-26
INV01193,PROD0160,STR015,325,18,146,57.0,2025-08-09
INV01194,PROD0086,STR001,255,77,74,20.0,2025-11-30
INV01195,PROD0236,STR014,316,91,238,64.0,2025-06-09
INV01196,PROD0010,STR011,499,145,110,67.0,2024-10-13
INV01197,PROD0114,STR013,427,6,398,40.0,2024-12-19
INV01198,PROD0075,STR002,364,246,274,19.0,2025-05-07
INV01199,PROD0105,STR003,88,163,162,18.0,2024-12-10
INV01200,PROD0061,STR001,142,12,110,48.0,2025-04-14
INV01201,PROD0102,STR006,388,245,256,24.0,2025-07-31
INV01202,PROD0111,STR015,75,26,228,48.0,2025-10-05
INV01203,PROD0201,STR014,447,296,294,73.0,2024-07-28
INV01204,PROD0227,STR007,140,101,29,34.0,2025-08-05
INV01205,PROD0154,STR009,200,16,38,70.0,2025-10-01
INV01206,PROD0178,STR004,332,76,390,57.0,2024-07-17
INV01207,PROD0160,STR013,274,263,279,13.0,2025-05-29
INV01208,PROD0123,STR001,108,141,382,25.0,2024-04-01
INV01209,PROD0211,STR013,172,67,176,39.0,2024-12-06
INV01210,PROD0086,STR011,487,44,394,33.0,2025-05-09
INV01211,PROD0026,STR013,71,105,359,28.0,2024-01-09
INV01212,PROD0057,STR014,30,37,351,78.0,2024-04-16
INV01213,PROD0217,STR009,457,71,316,74.0,2024-08-08
INV01214,PROD0185,STR013,144,179,309,29.0,2024-10-29
INV01215,PROD0196,STR003,477,77,389,60.0,2024-12-28
INV01216,PROD0246,STR005,153,58,7,50.0,2025-09-26
INV01217,PROD0199,STR013,179,193,330,60.0,2025-01-29
INV01218,PROD0184,STR003,90,143,130,15.0,2024-02-02
INV01219,PROD0096,STR001,256,11,208,79.0,2024-12-25
INV01220,PROD0111,STR003,360,205,350,62.0,2024-03-08
INV01221,PROD0166,STR010,304,97,203,10.0,2025-08-27
INV01222,PROD0060,STR004,279,164,200,20.0,2025-07-18
INV01223,PROD0033,STR010,254,134,385,51.0,2024-10-01
INV01224,PROD0218,STR005,152,214,67,61.0,2025-03-15
INV01225,PROD0013,STR006,490,251,291,60.0,2024-07-25
INV01226,PROD0204,STR001,317,13,300,15.0,2025-07-05
INV01227,PROD0152,STR013,422,204,390,34.0,2025-04-03
INV01228,PROD0136,STR009,184,39,68,34.0,2025-07-05
INV01229,PROD0083,STR015,174,81,69,60.0,2025-06-12
INV01230,PROD0044,STR014,207,97,171,24.0,2025-02-19
INV01231,PROD0096,STR012,276,286,120,60.0,2025-07-18
INV01232,PROD0068,STR010,41,131,153,39.0,2025-05-24
INV01233,PROD0116,STR003,254,294,259,60.0,2024-05-15
INV01234,PROD0158,STR006,488,299,258,74.0,2024-03-05
INV01235,PROD0132,STR009,360,45,63,77.0,2025-02-12
INV01236,PROD0096,STR004,196,293,263,53.0,2025-07-11
INV01237,PROD0015,STR009,424,283,68,42.0,2024-09-23
INV01238,PROD0020,STR001,158,7,365,77.0,2025-03-02
INV01239,PROD0232,STR005,140,164,231,16.0,2024-05-02
INV01240,PROD0167,STR007,59,28,288,40.0,2025-05-24
INV01241,PROD0081,STR011,85,153,145,49.0,2024-07-19
INV01242,PROD0211,STR001,35,218,266,16.0,2024-06-05
INV01243,PROD0003,STR013,401,223,74,78.0,2025-07-16
INV01244,PROD0046,STR012,223,37,315,57.0,2025-05-20
INV01245,PROD0008,STR008,31,124,305,32.0,2025-04-14
INV01246,PROD0187,STR003,200,94,2,64.0,2024-07-17
INV01247,PROD0235,STR004,444,79,215,21.0,2024-11-26
INV01248,PROD0003,STR015,458,215,17,69.0,2024-10-21
INV01249,PROD0121,STR007,416,89,288,66.0,2025-03-21
INV01250,PROD0107,STR015,365,179,181,26.0,2024-10-09
INV01251,PROD0027,STR007,158,121,62,47.0,2025-08-30
INV01252,PROD0107,STR003,324,168,210,18.0,2025-10-10
INV01253,PROD0119,STR008,117,21,241,40.0,2025-02-06
INV01254,PROD0109,STR009,476,247,270,22.0,2024-05-04
INV01255,PROD0050,STR011,115,291,25,19.0,2025-06-10
INV01256,PROD0197,STR004,491,114,250,27.0,2024-06-29
INV01257,PROD0029,STR010,412,9,130,63.0,2024-02-15
INV01258,PROD0131,STR013,225,241,307,21.0,2025-09-15
INV01259,PROD0239,STR010,258,134,377,58.0,2025-02-09
INV01260,PROD0086,STR001,91,182,323,16.0,2025-07-06
INV01261,PROD0194,STR013,278,85,399,52.0,2025-04-30
INV01262,PROD0240,STR012,484,290,130,28.0,2024-12-29
INV01263,PROD0036,STR015,346,124,173,20.0,2025-02-20
INV01264,PROD0235,STR009,218,280,80,15.0,2024-01-12
INV01265,PROD0187,STR009,312,239,180,35.0,2025-08-15
INV01266,PROD0062,STR001,486,158,209,77.0,2025-06-06
INV01267,PROD0245,STR011,362,121,233,55.0,2024-08-30
INV01268,PROD0072,STR002,115,171,24,28.0,2025-09-07
INV01269,PROD0010,STR009,142,35,226,10.0,2024-03-17
INV01270,PROD0045,STR010,104,83,90,77.0,2025-07-01
INV01271,PROD0172,STR006,126,175,280,38.0,2024-05-07
INV01272,PROD0106,STR014,440,158,275,27.0,2025-01-03
INV01273,PROD0201,STR013,349,38,334,34.0,2025-04-09
INV01274,PROD0221,STR011,268,2,314,75.0,2025-01-12
INV01275,PROD0128,STR008,223,273,398,67.0,2025-10-08
INV01276,PROD0074,STR005,390,283,227,68.0,2024-04-05
INV01277,PROD0133,STR010,187,124,0,71.0,2024-01-17
INV01278,PROD0229,STR010,46,206,78,23.0,2025-04-07
INV01279,PROD0134,STR006,128,276,126,28.0,2024-01-30
INV01280,PROD0066,STR008,426,129,154,66.0,2025-03-11
INV01281,PROD0029,STR008,118,6,133,68.0,2024-12-29
INV01282,PROD0010,STR007,375,119,119,51.0,2025-05-30
INV01283,PROD0224,STR012,63,74,94,25.0,2025-05-23
INV01284,PROD0089,STR009,164,115,271,38.0,2025-07-10
INV01285,PROD0035,STR013,273,39,338,62.0,2025-10-04
INV01286,PROD0092,STR004,256,46,362,67.0,2025-05-27
INV01287,PROD0075,STR011,302,211,249,20.0,2025-09-04
INV01288,PROD0089,STR012,187,227,325,15.0,2025-11-30
INV01289,PROD0226,STR006,288,62,210,46.0,2025-08-26
INV01290,PROD0034,STR007,237,203,157,64.0,2024-11-29
INV01291,PROD0102,STR011,61,30,365,24.0,2024-06-14
INV01292,PROD0133,STR003,95,262,381,63.0,2024-07-18
INV01293,PROD0189,STR009,288,160,20,57.0,2024-09-27
INV01294,PROD0028,STR001,56,176,345,69.0,2024-06-29
INV01295,PROD0125,STR013,310,206,126,22.0,2025-01-16
INV01296,PROD0008,STR006,453,6,300,33.0,2025-04-27
INV01297,PROD0006,STR008,30,67,263,47.0,2025-01-21
INV01298,PROD0217,STR014,390,114,368,76.0,2024-11-19
INV01299,PROD0087,STR009,211,158,213,53.0,2025-09-01
INV01300,PROD0003,STR003,166,104,188,45.0,2025-05-29
INV01301,PROD0153,STR010,323,172,322,64.0,2024-03-30
INV01302,PROD0227,STR005,141,185,96,69.0,2024-02-10
INV01303,PROD0148,STR003,152,203,164,62.0,2025-09-07
INV01304,PROD0061,STR010,357,20,17,64.0,2024-05-26
INV01305,PROD0233,STR010,55,153,383,29.0,2025-04-20
INV01306,PROD0031,STR008,306,21,342,13.0,2024-10-06
INV01307,PROD0043,STR015,291,177,82,40.0,2024-05-09
INV01308,PROD0040,STR015,294,157,168,22.0,2025-06-29
INV01309,PROD0082,STR011,188,118,367,48.0,2025-09-29
INV01310,PROD0196,STR014,450,292,230,29.0,2024-03-03
INV01311,PROD0183,STR006,40,148,97,13.0,2024-10-26
INV01312,PROD0213,STR009,462,93,13,30.0,2024-03-17
INV01313,PROD0020,STR005,280,122,389,76.0,2024-12-18
INV01314,PROD0065,STR002,328,267,326,72.0,2024-06-28
INV01315,PROD0175,STR012,108,109,119,76.0,2025-01-30
INV01316,PROD0182,STR010,211,146,377,54.0,2025-05-06
INV01317,PROD0169,STR006,79,221,368,18.0,2024-09-08
INV01318,PROD0086,STR001,487,42,215,38.0,2025-08-03
INV01319,PROD0187,STR010,355,158,98,13.0,2024-04-10
INV01320,PROD0136,STR010,197,133,303,38.0,2024-07-08
INV01321,PROD0047,STR002,204,171,126,29.0,2024-01-12
INV01322,PROD0061,STR015,420,252,239,71.0,2024-12-25
INV01323,PROD0101,STR012,383,86,119,30.0,2025-08-01
INV01324,PROD0050,STR007,288,230,161,58.0,2024-09-08
INV01325,PROD0060,STR007,137,37,305,51.0,2024-06-23
INV01326,PROD0095,STR001,398,253,265,16.0,2024-11-17
INV01327,PROD0071,STR001,207,131,157,17.0,2024-08-14
INV01328,PROD0197,STR008,199,14,94,33.0,2025-11-06
INV01329,PROD0115,STR005,245,174,356,54.0,2024-08-15
INV01330,PROD0078,STR008,192,42,301,66.0,2024-06-10
INV01331,PROD0230,STR007,311,269,380,29.0,2025-02-15
INV01332,PROD0171,STR005,136,182,250,12.0,2025-10-12
INV01333,PROD0167,STR005,297,88,197,36.0,2025-09-06
INV01334,PROD0172,STR011,364,207,368,40.0,2025-03-10
INV01335,PROD0132,STR008,402,230,337,24.0,2024-07-31
INV01336,PROD0172,STR002,261,50,251,57.0,2025-05-20
INV01337,PROD0040,STR013,259,205,238,37.0,2024-12-28
INV01338,PROD0108,STR007,223,284,166,44.0,2025-04-14
INV01339,PROD0162,STR008,221,147,124,67.0,2025-06-08
INV01340,PROD0150,STR004,78,247,164,66.0,2024-10-30
INV01341,PROD0165,STR002,199,215,348,27.0,2024-11-18
INV01342,PROD0129,STR015,359,244,8,33.0,2024-12-06
INV01343,PROD0068,STR007,449,299,140,29.0,2025-05-28
INV01344,PROD0003,STR009,490,225,89,14.0,2025-04-01
INV01345,PROD0127,STR011,292,87,88,33.0,2024-05-14
INV01346,PROD0158,STR014,32,228,1,30.0,2024-06-23
INV01347,PROD0168,STR003,493,60,222,71.0,2024-10-01
INV01348,PROD0181,STR010,244,11,386,67.0,2024-07-05
INV01349,PROD0068,STR007,20,34,220,62.0,2024-08-30
INV01350,PROD0240,STR015,258,266,204,30.0,2024-05-22
INV01351,PROD0140,STR013,332,216,347,71.0,2024-10-14
INV01352,PROD0171,STR004,168,225,4,36.0,2025-10-20
INV01353,PROD0168,STR013,426,246,26,44.0,2025-06-20
INV01354,PROD0117,STR012,402,299,184,61.0,2024-10-18
INV01355,PROD0239,STR010,72,218,277,64.0,2024-01-26
INV01356,PROD0024,STR006,29,44,385,18.0,2025-10-25
INV01357,PROD0191,STR007,215,127,288,73.0,2024-08-14
INV01358,PROD0068,STR002,474,179,396,30.0,2025-03-26
INV01359,PROD0229,STR012,393,94,275,62.0,2025-10-12
INV01360,PROD0131,STR007,137,238,152,66.0,2024-12-21
INV01361,PROD0085,STR007,425,51,315,16.0,2024-11-30
INV01362,PROD0072,STR007,46,261,100,21.0,2024-08-06
INV01363,PROD0057,STR001,338,38,145,52.0,2025-09-25
INV01364,PROD0029,STR007,144,28,63,58.0,2025-03-02
INV01365,PROD0204,STR005,98,24,121,51.0,2025-08-20
INV01366,PROD0236,STR013,62,111,167,74.0,2025-01-11
INV01367,PROD0030,STR013,374,243,242,53.0,2024-12-31
INV01368,PROD0145,STR006,269,265,339,13.0,2024-09-09
INV01369,PROD0090,STR012,224,134,35,36.0,2025-06-28
INV01370,PROD0039,STR015,378,243,19,49.0,2024-09-27
INV01371,PROD0150,STR010,80,93,286,19.0,2025-05-18
INV01372,PROD0020,STR013,239,122,215,46.0,2025-04-10
INV01373,PROD0125,STR014,222,165,179,58.0,2025-04-27
INV01374,PROD0132,STR004,122,33,163,14.0,2024-09-23
INV01375,PROD0134,STR009,47,135,393,51.0,2025-06-21
INV01376,PROD0057,STR010,37,34,100,32.0,2024-03-01
INV01377,PROD0012,STR008,460,53,295,79.0,2024-01-11
INV01378,PROD0037,STR002,79,203,191,36.0,2024-10-30
INV01379,PROD0157,STR010,147,25,70,39.0,2025-04-26
INV01380,PROD0127,STR008,291,76,212,58.0,2025-08-08
INV01381,PROD0166,STR008,269,135,199,75.0,2024-12-27
INV01382,PROD0007,STR010,316,7,254,31.0,2024-01-20
INV01383,PROD0102,STR008,133,278,98,31.0,2024-02-13
INV01384,PROD0125,STR002,489,237,48,74.0,2024-11-20
INV01385,PROD0126,STR002,279,73,258,63.0,2024-07-21
INV01386,PROD0128,STR014,258,274,113,79.0,2024-02-16
INV01387,PROD0093,STR010,315,239,30,16.0,2025-03-12
INV01388,PROD0124,STR008,63,152,100,44.0,2025-10-28
INV01389,PROD0050,STR002,148,87,182,74.0,2024-12-08
INV01390,PROD0062,STR008,149,264,358,58.0,2025-04-21
INV01391,PROD0185,STR007,54,107,0,39.0,2025-06-17
INV01392,PROD0021,STR015,353,179,339,34.0,2025-11-17
INV01393,PROD0184,STR001,395,170,169,45.0,2025-08-30
INV01394,PROD0030,STR002,89,208,303,54.0,2024-09-11
INV01395,PROD0133,STR013,175,119,34,25.0,2024-08-20
INV01396,PROD0026,STR007,324,273,187,77.0,2025-06-27
INV01397,PROD0171,STR005,381,140,103,70.0,2025-04-10
INV01398,PROD0107,STR010,47,148,377,30.0,2025-08-25
INV01399,PROD0062,STR006,59,60,202,42.0,2024-08-10
INV01400,PROD0152,STR005,285,82,186,63.0,2024-10-20
INV01401,PROD0162,STR015,237,131,311,19.0,2024-02-09
INV01402,PROD0239,STR004,425,50,386,49.0,2025-11-05
INV01403,PROD0077,STR015,47,257,184,36.0,2024-10-03
INV01404,PROD0118,STR007,334,158,259,75.0,2024-11-05
INV01405,PROD0200,STR009,65,176,23,68.0,2025-01-15
INV01406,PROD0119,STR010,311,166,338,34.0,2024-07-10
INV01407,PROD0068,STR007,450,104,209,38.0,2024-05-19
INV01408,PROD0244,STR010,470,195,56,14.0,2024-08-18
INV01409,PROD0067,STR014,89,25,358,45.0,2024-09-05
INV01410,PROD0217,STR002,234,265,81,16.0,2024-05-22
INV01411,PROD0113,STR014,45,293,309,63.0,2024-06-30
INV01412,PROD0164,STR011,61,62,172,40.0,2025-11-12
INV01413,PROD0233,STR008,303,130,213,56.0,2024-06-04
INV01414,PROD0062,STR012,99,140,88,55.0,2024-02-27
INV01415,PROD0156,STR010,303,229,220,63.0,2025-03-30
INV01416,PROD0013,STR001,115,98,196,42.0,2024-01-23
INV01417,PROD0165,STR002,487,93,167,17.0,2024-07-24
INV01418,PROD0134,STR002,243,247,89,62.0,2024-02-05
INV01419,PROD0016,STR014,246,185,29,34.0,2024-12-21
INV01420,PROD0039,STR002,126,19,81,38.0,2024-02-02
INV01421,PROD0090,STR002,438,178,131,77.0,2024-06-28
INV01422,PROD0059,STR003,493,19,35,15.0,2024-06-12
INV01423,PROD0010,STR007,449,150,67,46.0,2025-08-20
INV01424,PROD0034,STR005,240,138,37,59.0,2025-02-02
INV01425,PROD0084,STR012,219,45,311,25.0,2025-07-12
INV01426,PROD0211,STR013,441,248,265,31.0,2025-06-12
INV01427,PROD0201,STR011,214,182,229,24.0,2024-07-03
INV01428,PROD0197,STR002,76,84,18,14.0,2025-05-10
INV01429,PROD0099,STR005,410,10,129,42.0,2024-01-19
INV01430,PROD0237,STR014,458,161,261,68.0,2024-12-29
INV01431,PROD0096,STR011,462,202,250,77.0,2025-05-14
INV01432,PROD0147,STR014,366,61,398,56.0,2024-09-30
INV01433,PROD0013,STR011,135,249,396,69.0,2024-11-23
INV01434,PROD0076,STR008,290,171,127,72.0,2024-07-03
INV01435,PROD0190,STR008,354,10,50,23.0,2025-08-12
INV01436,PROD0154,STR002,346,228,186,29.0,2024-03-08
INV01437,PROD0214,STR013,341,212,90,64.0,2025-09-24
INV01438,PROD0073,STR007,217,233,296,38.0,2024-05-06
INV01439,PROD0005,STR011,66,11,377,54.0,2024-12-28
INV01440,PROD0090,STR003,37,45,163,19.0,2024-06-30
INV01441,PROD0152,STR002,313,158,39,36.0,2024-12-26
INV01442,PROD0230,STR012,311,258,356,74.0,2025-09-19
INV01443,PROD0101,STR011,28,209,195,45.0,2025-06-08
INV01444,PROD0189,STR006,83,235,369,58.0,2025-03-17
INV01445,PROD0199,STR007,147,73,197,26.0,2024-10-02
INV01446,PROD0239,STR011,296,168,218,63.0,2025-05-17
INV01447,PROD0096,STR005,358,156,15,62.0,2025-05-27
INV01448,PROD0186,STR009,159,142,221,24.0,2025-10-23
INV01449,PROD0124,STR010,300,110,163,64.0,2024-01-18
INV01450,PROD0101,STR010,226,111,276,61.0,2025-09-04
INV01451,PROD0091,STR007,135,217,158,34.0,2024-12-23
INV01452,PROD0137,STR012,470,117,164,24.0,2024-10-30
INV01453,PROD0222,STR011,77,157,104,53.0,2024-06-23
INV01454,PROD0123,STR013,108,118,179,40.0,2024-04-22
INV01455,PROD0173,STR013,422,69,303,43.0,2024-05-03
INV01456,PROD0071,STR004,226,230,6,71.0,2024-03-04
INV01457,PROD0041,STR005,434,166,245,61.0,2025-04-23
INV01458,PROD0127,STR015,440,142,231,18.0,2024-07-29
INV01459,PROD0137,STR002,320,40,284,78.0,2025-05-25
INV01460,PROD0217,STR013,23,67,165,67.0,2024-12-09
INV01461,PROD0134,STR012,330,71,328,13.0,2024-08-06
INV01462,PROD0195,STR003,498,111,198,58.0,2025-02-26
INV01463,PROD0096,STR003,468,166,197,36.0,2024-11-06
INV01464,PROD0085,STR002,446,52,38,54.0,2024-11-09
INV01465,PROD0092,STR009,107,233,351,44.0,2024-11-11
INV01466,PROD0048,STR011,140,105,270,49.0,2025-08-18
INV01467,PROD0112,STR002,372,254,306,66.0,2025-01-19
INV01468,PROD0172,STR010,81,297,180,26.0,2025-11-04
INV01469,PROD0207,STR015,146,95,5,61.0,2025-10-02
INV01470,PROD0115,STR006,491,71,192,70.0,2024-05-06
INV01471,PROD0190,STR003,490,34,81,21.0,2025-04-10
INV01472,PROD0227,STR005,74,115,142,73.0,2025-10-02
INV01473,PROD0058,STR011,183,254,223,66.0,2024-03-16
INV01474,PROD0242,STR010,219,104,327,42.0,2025-04-16
INV01475,PROD0065,STR009,89,58,228,42.0,2024-11-05
INV01476,PROD0117,STR015,370,255,71,74.0,2025-09-25
INV01477,PROD0101,STR001,399,35,367,15.0,2025-05-14
INV01478,PROD0130,STR007,219,263,175,19.0,2025-07-01
INV01479,PROD0183,STR008,187,208,178,59.0,2025-08-09
INV01480,PROD0065,STR001,24,262,210,27.0,2024-02-08
INV01481,PROD0165,STR011,172,5,8,65.0,2024-07-25
INV01482,PROD0181,STR007,119,169,26,64.0,2024-04-19
INV01483,PROD0174,STR015,352,117,237,54.0,2024-09-30
INV01484,PROD0125,STR006,334,220,66,10.0,2025-04-18
INV01485,PROD0116,STR006,41,298,323,77.0,2025-02-15
INV01486,PROD0084,STR008,262,219,9,13.0,2024-09-12
INV01487,PROD0211,STR008,461,230,135,53.0,2025-10-08
INV01488,PROD0084,STR003,208,23,368,37.0,2025-07-29
INV01489,PROD0178,STR009,21,3,130,54.0,2024-07-26
INV01490,PROD0148,STR008,50,56,74,75.0,2024-10-25
INV01491,PROD0062,STR001,373,281,268,79.0,2024-01-04
INV01492,PROD0106,STR003,181,272,22,19.0,2025-03-01
INV01493,PROD0087,STR008,198,289,29,66.0,2024-01-09
INV01494,PROD0137,STR012,20,181,5,59.0,2025-02-21
INV01495,PROD0003,STR006,34,83,247,57.0,2025-03-22
INV01496,PROD0009,STR009,157,164,173,12.0,2024-03-25
INV01497,PROD0217,STR003,340,45,23,69.0,2024-06-16
INV01498,PROD0101,STR012,233,141,101,73.0,2024-07-07
INV01499,PROD0201,STR011,299,201,241,30.0,2025-06-19
INV01500,PROD0136,STR005,306,163,255,51.0,2024-03-03
INV01501,PROD0217,STR006,167,264,363,30.0,2024-02-09
INV01502,PROD0236,STR004,490,119,166,59.0,2025-10-19
INV01503,PROD0146,STR003,478,31,153,17.0,2024-01-31
INV01504,PROD0088,STR005,264,234,395,33.0,2024-11-30
INV01505,PROD0108,STR009,337,173,204,76.0,2025-06-12
INV01506,PROD0028,STR011,92,130,342,61.0,2025-10-09
INV01507,PROD0148,STR003,156,3,192,17.0,2024-04-05
INV01508,PROD0226,STR001,439,229,124,67.0,2025-11-12
INV01509,PROD0075,STR006,149,63,18,44.0,2025-09-17
INV01510,PROD0187,STR011,236,200,322,10.0,2024-08-24
INV01511,PROD0169,STR015,401,55,202,21.0,2024-08-16
INV01512,PROD0224,STR001,171,161,66,17.0,2024-05-27
INV01513,PROD0125,STR006,79,133,323,50.0,2024-01-05
INV01514,PROD0137,STR006,212,39,13,32.0,2024-04-14
INV01515,PROD0051,STR005,465,274,112,70.0,2024-02-15
INV01516,PROD0137,STR003,61,9,269,20.0,2024-08-24
INV01517,PROD0060,STR011,354,49,301,51.0,2025-08-24
INV01518,PROD0174,STR014,425,171,231,16.0,2025-05-30
INV01519,PROD0219,STR007,75,53,35,47.0,2024-12-04
INV01520,PROD0036,STR013,353,109,234,64.0,2024-06-03
INV01521,PROD0097,STR004,497,10,96,65.0,2025-03-06
INV01522,PROD0085,STR002,494,189,188,31.0,2025-12-01
INV01523,PROD0177,STR003,132,121,34,33.0,2024-12-10
INV01524,PROD0005,STR010,483,283,395,45.0,2024-10-14
INV01525,PROD0180,STR008,410,45,54,69.0,2024-11-28
INV01526,PROD0054,STR001,73,217,149,23.0,2024-04-04
INV01527,PROD0101,STR012,40,81,226,45.0,2025-09-27
INV01528,PROD0033,STR004,311,193,68,66.0,2024-08-18
INV01529,PROD0001,STR015,296,217,161,35.0,2024-01-13
INV01530,PROD0091,STR005,170,57,291,78.0,2024-05-05
INV01531,PROD0218,STR003,176,132,218,27.0,2024-01-14
INV01532,PROD0154,STR005,413,235,294,18.0,2025-04-06
INV01533,PROD0003,STR011,351,295,390,25.0,2024-03-28
INV01534,PROD0039,STR003,302,163,264,39.0,2025-04-07
INV01535,PROD0250,STR012,413,210,33,67.0,2025-01-27
INV01536,PROD0159,STR007,405,116,13,41.0,2024-05-27
INV01537,PROD0188,STR003,31,140,157,41.0,2024-10-23
INV01538,PROD0022,STR010,240,50,80,41.0,2025-11-08
INV01539,PROD0079,STR010,306,53,229,26.0,2024-04-21
INV01540,PROD0003,STR001,366,204,263,30.0,2025-09-17
INV01541,PROD0214,STR010,258,176,253,62.0,2024-03-21
INV01542,PROD0022,STR006,289,239,98,42.0,2024-01-22
INV01543,PROD0248,STR002,234,219,187,76.0,2024-05-16
INV01544,PROD0070,STR014,456,88,110,67.0,2024-05-08
INV01545,PROD0148,STR012,37,77,166,16.0,2024-05-31
INV01546,PROD0147,STR015,378,288,183,41.0,2025-01-13
INV01547,PROD0216,STR004,37,223,296,49.0,2024-02-13
INV01548,PROD0039,STR014,187,49,134,71.0,2024-04-05
INV01549,PROD0145,STR004,116,257,185,44.0,2025-08-01
INV01550,PROD0166,STR003,381,136,160,29.0,2024-11-12
INV01551,PROD0218,STR004,307,259,156,46.0,2024-03-31
INV01552,PROD0188,STR014,387,229,2,46.0,2025-03-07
INV01553,PROD0237,STR011,219,153,387,23.0,2025-10-05
INV01554,PROD0169,STR005,463,73,40,43.0,2025-05-20
INV01555,PROD0009,STR004,312,159,231,58.0,2024-07-26
INV01556,PROD0108,STR015,162,67,198,43.0,2024-12-24
INV01557,PROD0175,STR005,179,75,8,30.0,2025-08-30
INV01558,PROD0235,STR009,471,132,325,60.0,2024-08-21
INV01559,PROD0218,STR010,259,278,190,15.0,2024-03-30
INV01560,PROD0118,STR001,378,227,150,40.0,2024-12-30
INV01561,PROD0074,STR013,443,104,278,50.0,2025-08-01
INV01562,PROD0210,STR014,39,295,104,46.0,2024-01-07
INV01563,PROD0047,STR003,261,232,176,48.0,2024-03-05
INV01564,PROD0067,STR002,185,223,232,43.0,2024-01-22
INV01565,PROD0167,STR007,267,167,13,51.0,2025-09-18
INV01566,PROD0045,STR007,68,116,279,38.0,2024-05-18
INV01567,PROD0209,STR005,460,42,97,37.0,2024-06-06
INV01568,PROD0106,STR007,151,293,29,62.0,2025-01-20
INV01569,PROD0117,STR015,219,56,293,64.0,2025-10-17
INV01570,PROD0113,STR003,488,26,40,26.0,2025-07-05
INV01571,PROD0159,STR010,433,171,380,21.0,2024-02-07
INV01572,PROD0014,STR014,242,134,338,12.0,2024-03-28
INV01573,PROD0240,STR012,397,231,303,59.0,2025-07-17
INV01574,PROD0077,STR012,335,120,353,64.0,2024-07-25
INV01575,PROD0232,STR011,388,170,24,27.0,2025-10-26
INV01576,PROD0013,STR008,376,141,337,56.0,2025-01-27
INV01577,PROD0162,STR001,120,12,336,19.0,2024-10-22
INV01578,PROD0146,STR010,219,154,373,73.0,2024-01-12
INV01579,PROD0234,STR004,365,29,167,49.0,2025-11-16
INV01580,PROD0140,STR008,386,159,55,17.0,2025-08-20
INV01581,PROD0112,STR002,444,5,274,47.0,2025-01-12
INV01582,PROD0203,STR005,261,79,326,32.0,2025-11-03
INV01583,PROD0241,STR008,261,158,368,62.0,2025-06-20
INV01584,PROD0168,STR006,23,264,122,74.0,2024-01-13
INV01585,PROD0175,STR005,248,75,215,49.0,2024-01-08
INV01586,PROD0007,STR015,204,82,325,72.0,2025-03-18
INV01587,PROD0094,STR009,430,168,115,33.0,2024-09-16
INV01588,PROD0141,STR007,215,26,138,76.0,2025-05-13
INV01589,PROD0097,STR001,467,15,13,14.0,2025-03-11
INV01590,PROD0093,STR012,26,210,55,77.0,2024-06-04
INV01591,PROD0186,STR005,139,135,286,19.0,2024-03-04
INV01592,PROD0075,STR003,127,221,13,51.0,2024-04-22
INV01593,PROD0243,STR006,311,84,244,70.0,2024-05-19
INV01594,PROD0199,STR008,403,226,218,62.0,2025-08-06
INV01595,PROD0062,STR001,147,100,74,31.0,2024-01-21
INV01596,PROD0098,STR015,405,261,73,46.0,2025-09-08
INV01597,PROD0238,STR007,245,233,276,31.0,2025-11-04
INV01598,PROD0034,STR010,231,223,126,61.0,2025-05-02
INV01599,PROD0035,STR011,345,81,270,49.0,2025-01-02
INV01600,PROD0042,STR004,292,219,317,29.0,2025-09-06
INV01601,PROD0200,STR007,402,278,97,55.0,2025-03-01
INV01602,PROD0216,STR002,487,80,22,10.0,2024-02-13
INV01603,PROD0207,STR011,275,249,251,66.0,2024-03-18
INV01604,PROD0102,STR008,151,218,393,48.0,2025-11-27
INV01605,PROD0095,STR006,492,154,177,57.0,2024-03-28
INV01606,PROD0191,STR006,285,78,316,69.0,2025-10-14
INV01607,PROD0232,STR004,304,154,201,62.0,2025-02-11
INV01608,PROD0183,STR012,330,76,329,52.0,2025-05-19
INV01609,PROD0003,STR015,351,265,229,23.0,2025-03-11
INV01610,PROD0092,STR010,330,5,71,28.0,2024-12-03
INV01611,PROD0016,STR011,180,287,21,57.0,2025-10-13
INV01612,PROD0120,STR012,147,209,370,11.0,2024-01-09
INV01613,PROD0032,STR006,281,126,371,14.0,2024-05-03
INV01614,PROD0134,STR003,128,29,106,55.0,2024-05-01
INV01615,PROD0111,STR010,476,22,348,34.0,2025-03-20
INV01616,PROD0038,STR009,58,293,13,26.0,2025-04-08
INV01617,PROD0020,STR010,67,173,290,67.0,2025-05-01
INV01618,PROD0150,STR013,188,126,44,36.0,2025-06-23
INV01619,PROD0234,STR010,478,37,216,22.0,2024-09-13
INV01620,PROD0017,STR015,108,70,192,69.0,2024-02-29
INV01621,PROD0150,STR013,338,247,97,39.0,2025-04-12
INV01622,PROD0059,STR009,137,101,175,39.0,2025-03-07
INV01623,PROD0212,STR005,358,212,30,32.0,2024-06-22
INV01624,PROD0107,STR011,242,258,352,37.0,2024-05-23
INV01625,PROD0082,STR002,54,135,145,57.0,2024-04-30
INV01626,PROD0016,STR006,369,244,157,18.0,2024-07-14
INV01627,PROD0158,STR008,313,296,25,62.0,2024-08-22
INV01628,PROD0163,STR001,207,113,347,68.0,2024-10-31
INV01629,PROD0199,STR002,485,30,395,54.0,2024-11-23
INV01630,PROD0098,STR005,234,147,40,23.0,2025-11-12
INV01631,PROD0209,STR014,109,20,179,66.0,2025-01-29
INV01632,PROD0014,STR015,469,117,395,38.0,2025-07-30
INV01633,PROD0154,STR015,149,119,372,77.0,2024-04-18
INV01634,PROD0058,STR009,453,168,140,52.0,2025-06-06
INV01635,PROD0177,STR003,399,280,290,11.0,2025-08-28
INV01636,PROD0019,STR007,420,199,388,37.0,2025-06-21
INV01637,PROD0138,STR002,168,207,157,13.0,2024-12-17
INV01638,PROD0003,STR001,215,84,107,77.0,2025-01-16
INV01639,PROD0208,STR002,180,115,330,50.0,2024-04-28
INV01640,PROD0082,STR001,417,174,212,61.0,2024-06-23
INV01641,PROD0063,STR008,376,101,301,18.0,2025-07-14
INV01642,PROD0074,STR010,97,156,122,70.0,2025-02-11
INV01643,PROD0228,STR005,307,286,239,74.0,2025-03-19
INV01644,PROD0234,STR003,151,289,335,64.0,2025-11-06
INV01645,PROD0087,STR012,347,226,220,76.0,2024-12-06
INV01646,PROD0011,STR005,175,119,178,21.0,2025-09-26
INV01647,PROD0007,STR010,93,248,221,54.0,2024-01-04
INV01648,PROD0242,STR012,176,164,121,52.0,2024-01-05
INV01649,PROD0005,STR010,92,34,320,68.0,2024-04-21
INV01650,PROD0015,STR012,180,80,10,38.0,2024-03-15
INV01651,PROD0204,STR015,357,18,287,60.0,2024-08-24
INV01652,PROD0053,STR005,155,149,310,36.0,2024-01-22
INV01653,PROD0139,STR002,231,239,292,18.0,2024-05-01
INV01654,PROD0219,STR011,36,19,114,14.0,2025-03-05
INV01655,PROD0184,STR002,293,137,361,25.0,2024-08-15
INV01656,PROD0238,STR007,358,276,79,60.0,2025-01-22
INV01657,PROD0152,STR006,356,187,161,41.0,2024-08-30
INV01658,PROD0059,STR002,137,64,296,60.0,2025-07-31
INV01659,PROD0069,STR001,25,216,371,24.0,2024-08-21
INV01660,PROD0052,STR009,258,7,17,15.0,2025-10-09
INV01661,PROD0234,STR010,312,177,52,15.0,2025-09-16
INV01662,PROD0114,STR011,314,294,224,15.0,2024-05-07
INV01663,PROD0230,STR011,424,235,295,34.0,2025-10-16
INV01664,PROD0079,STR013,300,180,319,58.0,2024-08-08
INV01665,PROD0070,STR012,365,53,134,41.0,2025-06-02
INV01666,PROD0065,STR010,444,32,348,31.0,2024-04-04
INV01667,PROD0168,STR011,430,254,274,73.0,2025-02-24
INV01668,PROD0035,STR007,27,109,122,20.0,2024-11-14
INV01669,PROD0053,STR006,160,227,124,44.0,2025-05-06
INV01670,PROD0016,STR001,30,286,230,47.0,2024-02-01
INV01671,PROD0044,STR015,354,132,154,50.0,2024-09-19
INV01672,PROD0168,STR013,173,156,152,14.0,2024-02-29
INV01673,PROD0008,STR002,53,289,307,50.0,2024-08-29
INV01674,PROD0103,STR007,77,81,227,45.0,2024-07-06
INV01675,PROD0048,STR013,343,83,324,61.0,2025-06-10
INV01676,PROD0119,STR004,346,187,389,45.0,2025-10-27
INV01677,PROD0156,STR014,425,276,82,78.0,2025-09-12
INV01678,PROD0002,STR014,95,248,68,31.0,2024-07-13
INV01679,PROD0057,STR006,220,28,16,71.0,2025-07-29
INV01680,PROD0113,STR009,84,264,202,47.0,2025-03-21
INV01681,PROD0110,STR009,311,67,55,25.0,2025-04-01
INV01682,PROD0053,STR006,41,176,167,50.0,2025-04-30
INV01683,PROD0243,STR010,183,122,398,27.0,2024-05-02
INV01684,PROD0158,STR011,269,258,218,14.0,2024-05-27
INV01685,PROD0087,STR004,180,6,155,64.0,2025-11-08
INV01686,PROD0193,STR002,291,163,319,67.0,2024-05-25
INV01687,PROD0171,STR002,275,292,349,69.0,2025-04-14
INV01688,PROD0182,STR008,495,264,94,77.0,2024-09-27
INV01689,PROD0225,STR012,302,293,361,66.0,2025-09-24
INV01690,PROD0057,STR010,179,158,169,59.0,2025-06-16
INV01691,PROD0124,STR012,370,187,344,46.0,2025-09-10
INV01692,PROD0226,STR006,171,87,283,58.0,2025-10-03
INV01693,PROD0214,STR001,220,272,379,27.0,2025-06-25
INV01694,PROD0205,STR004,148,293,393,60.0,2025-10-28
INV01695,PROD0110,STR002,200,25,322,31.0,2024-04-17
INV01696,PROD0121,STR003,122,161,255,75.0,2025-11-17
INV01697,PROD0027,STR015,335,229,287,36.0,2025-10-14
INV01698,PROD0107,STR012,154,106,48,36.0,2025-03-04
INV01699,PROD0176,STR013,464,74,237,51.0,2024-10-22
INV01700,PROD0097,STR009,142,197,97,17.0,2024-08-31
INV01701,PROD0042,STR013,360,289,34,78.0,2025-05-19
INV01702,PROD0230,STR008,141,158,383,11.0,2025-06-01
INV01703,PROD0213,STR005,212,163,185,77.0,2024-06-24
INV01704,PROD0066,STR013,95,224,222,60.0,2025-03-23
INV01705,PROD0228,STR001,457,168,276,35.0,2024-05-09
INV01706,PROD0220,STR010,348,255,316,52.0,2025-11-02
INV01707,PROD0017,STR015,65,157,67,16.0,2024-12-29
INV01708,PROD0175,STR005,328,7,191,42.0,2025-04-19
INV01709,PROD0095,STR002,45,61,30,21.0,2025-04-29
INV01710,PROD0069,STR005,479,257,229,11.0,2024-01-09
INV01711,PROD0020,STR004,59,85,290,66.0,2024-12-12
INV01712,PROD0050,STR006,403,80,214,43.0,2025-02-26
INV01713,PROD0032,STR003,451,73,342,21.0,2024-03-10
INV01714,PROD0095,STR014,451,278,224,46.0,2024-03-10
INV01715,PROD0193,STR001,347,58,239,26.0,2025-06-29
INV01716,PROD0029,STR005,206,25,147,39.0,2025-06-01
INV01717,PROD0052,STR003,346,118,329,73.0,2024-01-09
INV01718,PROD0048,STR008,345,281,361,45.0,2024-05-25
INV01719,PROD0052,STR002,27,114,242,61.0,2024-08-27
INV01720,PROD0198,STR014,309,114,48,19.0,2024-05-09
INV01721,PROD0037,STR015,426,95,34,32.0,2025-08-30
INV01722,PROD0206,STR005,331,139,347,62.0,2025-05-25
INV01723,PROD0039,STR007,308,68,134,55.0,2024-11-11
INV01724,PROD0020,STR014,265,88,230,24.0,2024-10-18
INV01725,PROD0240,STR008,65,48,370,62.0,2025-11-26
INV01726,PROD0047,STR004,296,162,367,28.0,2024-11-05
INV01727,PROD0037,STR007,283,223,170,52.0,2025-01-31
INV01728,PROD0234,STR012,101,123,315,43.0,2025-03-18
INV01729,PROD0124,STR013,122,104,106,17.0,2024-01-15
INV01730,PROD0132,STR012,334,152,327,58.0,2024-09-06
INV01731,PROD0165,STR002,110,162,243,32.0,2025-11-17
INV01732,PROD0171,STR007,114,191,108,12.0,2024-10-21
INV01733,PROD0093,STR013,372,29,398,35.0,2024-09-19
INV01734,PROD0183,STR012,81,279,297,54.0,2024-07-13
INV01735,PROD0211,STR003,43,119,54,41.0,2024-11-06
INV01736,PROD0137,STR009,361,169,315,11.0,2024-04-29
INV01737,PROD0204,STR004,454,290,75,24.0,2024-07-22
INV01738,PROD0028,STR008,109,256,343,71.0,2024-02-10
INV01739,PROD0187,STR003,227,222,87,47.0,2025-04-14
INV01740,PROD0183,STR005,347,12,247,76.0,2025-01-15
INV01741,PROD0060,STR002,440,33,297,50.0,2025-08-25
INV01742,PROD0138,STR009,215,146,311,67.0,2025-01-28
INV01743,PROD0235,STR012,446,94,182,54.0,2025-06-08
INV01744,PROD0218,STR015,67,137,92,29.0,2024-06-08
INV01745,PROD0213,STR011,76,295,221,30.0,2024-12-06
INV01746,PROD0142,STR001,108,133,89,15.0,2024-07-30
INV01747,PROD0246,STR009,148,153,129,38.0,2024-09-14
INV01748,PROD0134,STR011,163,115,245,21.0,2025-02-10
INV01749,PROD0022,STR014,454,99,387,72.0,2024-01-27
INV01750,PROD0054,STR008,84,40,224,67.0,2025-10-22
INV01751,PROD0186,STR011,310,40,64,36.0,2024-02-04
INV01752,PROD0184,STR002,404,112,148,74.0,2025-10-17
INV01753,PROD0104,STR003,149,182,238,46.0,2025-01-25
INV01754,PROD0196,STR007,393,298,96,51.0,2024-08-04
INV01755,PROD0091,STR011,403,93,383,63.0,2024-09-18
INV01756,PROD0171,STR005,400,231,116,23.0,2025-07-16
INV01757,PROD0103,STR008,302,200,38,15.0,2025-09-01
INV01758,PROD0123,STR009,150,162,306,25.0,2024-03-08
INV01759,PROD0100,STR003,146,173,25,52.0,2025-07-16
INV01760,PROD0095,STR010,374,287,39,29.0,2024-04-30
INV01761,PROD0035,STR011,381,5,365,69.0,2025-08-15
INV01762,PROD0037,STR008,346,71,41,58.0,2024-08-06
INV01763,PROD0225,STR011,191,229,399,30.0,2024-03-19
INV01764,PROD0122,STR010,264,211,112,29.0,2024-02-25
INV01765,PROD0046,STR004,487,63,233,12.0,2024-07-07
INV01766,PROD0092,STR005,365,208,18,56.0,2024-01-12
INV01767,PROD0125,STR014,273,289,257,39.0,2024-04-20
INV01768,PROD0008,STR004,435,182,271,69.0,2024-09-24
INV01769,PROD0162,STR006,356,66,47,58.0,2024-08-04
INV01770,PROD0229,STR014,92,135,49,59.0,2025-03-14
INV01771,PROD0160,STR015,41,12,9,20.0,2025-04-08
INV01772,PROD0194,STR001,159,223,281,26.0,2024-11-11
INV01773,PROD0189,STR008,485,183,35,78.0,2025-09-28
INV01774,PROD0186,STR006,247,2,387,16.0,2025-08-15
INV01775,PROD0085,STR004,313,0,339,51.0,2025-09-11
INV01776,PROD0219,STR004,98,232,248,25.0,2024-05-13
INV01777,PROD0207,STR005,121,261,206,56.0,2025-05-01
INV01778,PROD0159,STR007,489,131,168,15.0,2024-01-13
INV01779,PROD0167,STR014,396,250,25,39.0,2024-03-21
INV01780,PROD0105,STR010,107,225,85,23.0,2025-02-26
INV01781,PROD0140,STR008,332,299,150,71.0,2024-06-01
INV01782,PROD0041,STR006,248,58,318,70.0,2025-10-10
INV01783,PROD0081,STR009,254,3,256,40.0,2025-10-20
INV01784,PROD0215,STR003,269,20,29,56.0,2025-03-15
INV01785,PROD0215,STR012,275,241,329,28.0,2024-05-07
INV01786,PROD0117,STR001,129,221,254,27.0,2024-04-17
INV01787,PROD0209,STR015,482,149,303,45.0,2025-02-01
INV01788,PROD0102,STR003,473,25,58,72.0,2025-07-13
INV01789,PROD0064,STR004,352,270,30,19.0,2025-10-17
INV01790,PROD0191,STR003,127,164,286,52.0,2025-05-06
INV01791,PROD0088,STR014,460,179,89,70.0,2025-12-01
INV01792,PROD0188,STR010,211,267,381,21.0,2024-02-05
INV01793,PROD0180,STR002,258,75,189,27.0,2025-05-23
INV01794,PROD0214,STR007,327,32,322,29.0,2024-09-02
INV01795,PROD0205,STR009,427,71,191,32.0,2025-02-15
INV01796,PROD0061,STR005,66,154,285,42.0,2024-12-23
INV01797,PROD0054,STR010,77,11,321,77.0,2025-11-23
INV01798,PROD0189,STR012,23,79,186,55.0,2024-12-17
INV01799,PROD0101,STR012,376,67,31,20.0,2024-04-13
INV01800,PROD0141,STR005,156,99,398,43.0,2024-06-04
INV01801,PROD0006,STR007,189,152,211,79.0,2025-04-28
INV01802,PROD0098,STR006,277,259,187,32.0,2025-11-14
INV01803,PROD0012,STR014,473,181,324,52.0,2025-03-05
INV01804,PROD0076,STR010,340,32,330,61.0,2025-05-27
INV01805,PROD0014,STR008,275,211,165,21.0,2025-11-25
INV01806,PROD0068,STR008,124,114,154,78.0,2024-07-27
INV01807,PROD0097,STR008,199,12,307,28.0,2025-11-12
INV01808,PROD0071,STR006,233,220,62,45.0,2025-09-20
INV01809,PROD0013,STR003,238,284,183,55.0,2025-03-30
INV01810,PROD0015,STR013,321,67,306,66.0,2025-09-11
INV01811,PROD0107,STR006,420,227,30,33.0,2025-01-29
INV01812,PROD0151,STR008,268,251,365,11.0,2024-08-13
INV01813,PROD0085,STR010,453,123,139,56.0,2024-02-14
INV01814,PROD0094,STR012,242,189,396,66.0,2025-10-20
INV01815,PROD0026,STR003,40,36,130,78.0,2024-07-16
INV01816,PROD0026,STR003,345,148,283,73.0,2024-01-14
INV01817,PROD0053,STR003,422,280,330,55.0,2025-02-09
INV01818,PROD0037,STR002,107,77,215,50.0,2025-04-04
INV01819,PROD0092,STR004,444,24,386,29.0,2025-08-28
INV01820,PROD0221,STR013,74,103,180,60.0,2025-05-06
INV01821,PROD0052,STR007,384,265,60,56.0,2025-04-16
INV01822,PROD0186,STR005,382,228,153,10.0,2025-03-22
INV01823,PROD0042,STR008,397,269,361,25.0,2024-04-24
INV01824,PROD0083,STR002,63,284,234,17.0,2025-07-27
INV01825,PROD0156,STR007,157,203,205,65.0,2024-08-17
INV01826,PROD0098,STR007,130,158,11,60.0,2025-03-09
INV01827,PROD0048,STR001,216,65,281,13.0,2024-06-09
INV01828,PROD0242,STR015,389,237,194,19.0,2024-02-01
INV01829,PROD0148,STR004,288,30,305,61.0,2024-09-24
INV01830,PROD0246,STR008,281,100,9,36.0,2025-07-23
INV01831,PROD0009,STR009,192,104,265,20.0,2024-01-09
INV01832,PROD0021,STR004,131,3,187,37.0,2024-10-15
INV01833,PROD0248,STR015,289,63,202,54.0,2024-05-06
INV01834,PROD0116,STR009,145,70,148,13.0,2024-12-04
INV01835,PROD0110,STR007,130,62,312,46.0,2025-02-20
INV01836,PROD0191,STR012,496,0,190,57.0,2025-11-03
INV01837,PROD0180,STR014,288,111,389,42.0,2025-05-26
INV01838,PROD0030,STR010,79,286,350,31.0,2024-10-29
INV01839,PROD0195,STR011,149,243,102,57.0,2024-12-23
INV01840,PROD0019,STR008,399,248,48,72.0,2024-10-23
INV01841,PROD0134,STR012,268,242,247,14.0,2025-10-30
INV01842,PROD0046,STR010,40,126,148,55.0,2025-04-13
INV01843,PROD0146,STR014,356,66,200,70.0,2024-09-01
INV01844,PROD0156,STR006,346,241,189,20.0,2025-09-14
INV01845,PROD0049,STR012,279,144,225,59.0,2025-05-14
INV01846,PROD0208,STR012,66,1,345,29.0,2024-12-20
INV01847,PROD0045,STR009,451,288,345,58.0,2025-08-25
INV01848,PROD0184,STR009,236,187,26,25.0,2024-10-04
INV01849,PROD0164,STR014,352,186,189,60.0,2025-09-09
INV01850,PROD0180,STR013,58,260,352,22.0,2025-02-26
INV01851,PROD0075,STR007,324,126,355,39.0,2025-07-02
INV01852,PROD0024,STR001,48,71,60,31.0,2024-12-13
INV01853,PROD0011,STR004,142,52,370,73.0,2024-02-23
INV01854,PROD0143,STR015,195,148,338,18.0,2024-04-07
INV01855,PROD0217,STR008,55,261,245,62.0,2024-07-28
INV01856,PROD0062,STR013,154,258,91,23.0,2025-03-29
INV01857,PROD0159,STR001,65,233,321,19.0,2024-08-02
INV01858,PROD0217,STR009,388,240,40,66.0,2025-06-10
INV01859,PROD0231,STR003,56,260,80,50.0,2025-02-24
INV01860,PROD0216,STR012,241,47,145,10.0,2024-02-21
INV01861,PROD0010,STR004,315,288,342,65.0,2025-02-15
INV01862,PROD0069,STR007,428,160,179,58.0,2024-11-22
INV01863,PROD0111,STR009,222,146,179,30.0,2025-07-30
INV01864,PROD0128,STR007,146,253,201,18.0,2025-01-12
INV01865,PROD0191,STR001,495,146,170,26.0,2025-09-02
INV01866,PROD0131,STR006,90,125,5,35.0,2024-05-18
INV01867,PROD0202,STR013,195,25,341,43.0,2025-06-20
INV01868,PROD0236,STR014,353,98,154,47.0,2025-09-25
INV01869,PROD0124,STR011,404,118,61,78.0,2024-04-03
INV01870,PROD0115,STR005,187,227,114,42.0,2024-07-26
INV01871,PROD0176,STR008,355,276,217,75.0,2025-09-26
INV01872,PROD0034,STR009,345,104,171,18.0,2024-12-29
INV01873,PROD0170,STR010,488,117,47,29.0,2025-05-14
INV01874,PROD0143,STR004,272,93,171,27.0,2025-01-18
INV01875,PROD0091,STR009,223,108,201,75.0,2025-02-09
INV01876,PROD0207,STR013,53,231,184,33.0,2025-05-16
INV01877,PROD0197,STR002,497,205,210,79.0,2024-12-13
INV01878,PROD0139,STR005,431,16,120,77.0,2024-06-14
INV01879,PROD0057,STR006,136,33,25,45.0,2025-11-23
INV01880,PROD0114,STR013,387,126,70,71.0,2024-03-08
INV01881,PROD0013,STR011,378,140,242,52.0,2024-02-14
INV01882,PROD0163,STR001,285,124,364,67.0,2024-03-16
INV01883,PROD0035,STR006,387,177,129,12.0,2025-02-23
INV01884,PROD0183,STR013,443,247,270,12.0,2025-02-01
INV01885,PROD0081,STR003,200,51,59,68.0,2025-01-19
INV01886,PROD0217,STR002,352,289,238,67.0,2025-11-02
INV01887,PROD0189,STR007,21,183,24,54.0,2025-10-05
INV01888,PROD0089,STR009,289,197,371,32.0,2025-05-16
INV01889,PROD0138,STR001,149,122,316,76.0,2024-08-11
INV01890,PROD0171,STR005,44,133,396,67.0,2025-11-24
INV01891,PROD0195,STR007,37,59,8,47.0,2024-03-13
INV01892,PROD0180,STR015,330,71,201,52.0,2025-09-08
INV01893,PROD0229,STR005,24,12,161,69.0,2024-10-13
INV01894,PROD0050,STR006,346,95,241,17.0,2024-03-03
INV01895,PROD0027,STR009,177,55,129,75.0,2025-07-26
INV01896,PROD0005,STR009,146,99,218,25.0,2024-11-20
INV01897,PROD0210,STR006,193,190,206,12.0,2025-04-04
INV01898,PROD0049,STR004,327,150,304,67.0,2025-08-19
INV01899,PROD0186,STR005,321,280,167,45.0,2025-08-07
INV01900,PROD0027,STR006,441,57,80,19.0,2025-05-16
INV01901,PROD0108,STR012,224,282,159,14.0,2025-06-26
INV01902,PROD0005,STR004,479,188,310,36.0,2024-01-21
INV01903,PROD0048,STR005,217,186,176,38.0,2024-10-17
INV01904,PROD0207,STR007,299,151,19,68.0,2024-07-14
INV01905,PROD0216,STR006,195,119,246,62.0,2024-07-28
INV01906,PROD0054,STR009,292,196,9,23.0,2025-07-27
INV01907,PROD0019,STR001,465,115,190,78.0,2025-01-19
INV01908,PROD0073,STR006,64,3,307,16.0,2025-04-30
INV01909,PROD0020,STR015,70,140,161,31.0,2025-10-31
INV01910,PROD0033,STR007,48,204,373,79.0,2025-06-22
INV01911,PROD0203,STR003,90,215,246,11.0,2025-09-11
INV01912,PROD0141,STR002,287,276,322,33.0,2025-04-06
INV01913,PROD0130,STR008,254,102,46,51.0,2024-08-13
INV01914,PROD0056,STR007,225,236,323,73.0,2024-07-23
INV01915,PROD0089,STR010,331,274,12,27.0,2025-11-18
INV01916,PROD0097,STR012,355,19,210,43.0,2024-01-08
INV01917,PROD0116,STR010,38,75,123,64.0,2025-03-27
INV01918,PROD0105,STR004,51,287,143,57.0,2024-07-04
INV01919,PROD0206,STR004,392,89,367,66.0,2024-01-15
INV01920,PROD0244,STR003,205,13,60,70.0,2025-02-10
INV01921,PROD0147,STR013,411,185,351,19.0,2024-08-04
INV01922,PROD0115,STR013,36,108,192,48.0,2025-07-23
INV01923,PROD0041,STR005,432,231,164,44.0,2024-04-28
INV01924,PROD0217,STR012,448,19,187,78.0,2025-08-17
INV01925,PROD0116,STR011,238,188,139,63.0,2025-10-18
INV01926,PROD0133,STR002,239,294,292,10.0,2024-06-08
INV01927,PROD0083,STR009,130,157,233,45.0,2024-06-13
INV01928,PROD0224,STR009,364,137,1,78.0,2025-11-28
INV01929,PROD0240,STR004,214,87,116,65.0,2025-03-11
INV01930,PROD0132,STR009,458,207,366,14.0,2025-09-20
INV01931,PROD0149,STR001,436,166,380,66.0,2024-11-23
INV01932,PROD0188,STR011,424,31,201,38.0,2024-08-15
INV01933,PROD0024,STR004,152,63,38,33.0,2025-09-09
INV01934,PROD0004,STR004,175,52,97,70.0,2024-10-03
INV01935,PROD0241,STR007,141,223,61,43.0,2025-07-30
INV01936,PROD0100,STR011,200,89,85,33.0,2025-06-14
INV01937,PROD0145,STR005,229,249,371,51.0,2025-04-03
INV01938,PROD0186,STR012,440,223,333,63.0,2024-01-23
INV01939,PROD0043,STR007,90,169,293,53.0,2025-02-25
INV01940,PROD0246,STR005,445,32,229,53.0,2025-06-02
INV01941,PROD0060,STR013,487,146,31,13.0,2024-07-19
INV01942,PROD0187,STR009,331,18,201,16.0,2024-12-16
INV01943,PROD0057,STR004,463,179,98,23.0,2025-03-11
INV01944,PROD0120,STR006,44,62,41,73.0,2025-10-23
INV01945,PROD0201,STR011,39,83,5,71.0,2025-10-02
INV01946,PROD0233,STR007,90,36,94,64.0,2024-05-04
INV01947,PROD0014,STR007,406,55,3,77.0,2025-09-20
INV01948,PROD0069,STR007,87,47,378,38.0,2024-07-05
INV01949,PROD0024,STR015,117,98,150,57.0,2024-04-30
INV01950,PROD0010,STR015,193,7,317,56.0,2025-10-05
INV01951,PROD0249,STR015,244,137,332,69.0,2025-06-19
INV01952,PROD0039,STR014,151,57,93,26.0,2024-10-21
INV01953,PROD0006,STR010,345,190,24,52.0,2024-12-10
INV01954,PROD0118,STR014,337,43,393,17.0,2024-03-06
INV01955,PROD0180,STR013,340,299,167,77.0,2024-05-04
INV01956,PROD0198,STR008,104,3,394,59.0,2025-03-20
INV01957,PROD0198,STR013,188,42,386,54.0,2024-02-13
INV01958,PROD0190,STR001,117,218,228,18.0,2025-06-04
INV01959,PROD0042,STR005,211,286,310,43.0,2025-02-01
INV01960,PROD0100,STR015,129,89,71,75.0,2025-09-20
INV01961,PROD0234,STR008,294,24,370,14.0,2024-04-04
INV01962,PROD0098,STR013,430,114,48,68.0,2025-05-14
INV01963,PROD0058,STR007,192,269,175,63.0,2025-09-25
INV01964,PROD0224,STR003,309,119,67,69.0,2025-08-29
INV01965,PROD0006,STR007,383,100,311,32.0,2025-11-22
INV01966,PROD0106,STR003,88,257,377,66.0,2024-05-21
INV01967,PROD0118,STR010,469,261,195,24.0,2025-11-04
INV01968,PROD0039,STR012,290,84,8,44.0,2025-07-02
INV01969,PROD0044,STR005,93,252,365,25.0,2024-10-07
INV01970,PROD0082,STR006,86,157,329,46.0,2025-06-06
INV01971,PROD0158,STR005,20,285,209,15.0,2025-02-24
INV01972,PROD0038,STR003,404,42,167,55.0,2025-03-24
INV01973,PROD0234,STR011,163,214,28,72.0,2025-08-09
INV01974,PROD0235,STR001,427,145,144,74.0,2024-07-22
INV01975,PROD0216,STR014,62,108,94,75.0,2024-09-02
INV01976,PROD0047,STR012,115,254,336,68.0,2025-02-09
INV01977,PROD0061,STR005,89,84,262,30.0,2025-11-03
INV01978,PROD0240,STR005,306,283,91,21.0,2024-05-15
INV01979,PROD0119,STR009,156,199,192,40.0,2024-09-18
INV01980,PROD0176,STR013,106,79,188,43.0,2025-08-31
INV01981,PROD0078,STR004,387,2,78,10.0,2025-07-27
INV01982,PROD0215,STR003,431,156,36,19.0,2024-04-15
INV01983,PROD0091,STR008,186,270,163,26.0,2025-08-30
INV01984,PROD0249,STR001,448,265,137,25.0,2025-02-04
INV01985,PROD0101,STR010,284,159,193,51.0,2024-02-09
INV01986,PROD0159,STR010,353,152,186,27.0,2024-09-16
INV01987,PROD0101,STR007,305,164,74,51.0,2025-02-01
INV01988,PROD0224,STR003,188,163,105,25.0,2025-06-30
INV01989,PROD0127,STR012,242,187,373,17.0,2024-09-30
INV01990,PROD0197,STR009,167,226,198,73.0,2024-04-15
INV01991,PROD0100,STR014,130,56,36,14.0,2024-04-12
INV01992,PROD0075,STR006,42,240,271,60.0,2024-03-10
INV01993,PROD0236,STR004,294,268,318,25.0,2025-11-23
INV01994,PROD0178,STR002,58,76,339,21.0,2024-10-24
INV01995,PROD0049,STR006,203,173,14,44.0,2024-12-04
INV01996,PROD0114,STR014,434,287,287,67.0,2024-06-16
INV01997,PROD0181,STR015,366,216,279,26.0,2025-01-09
INV01998,PROD0248,STR003,65,97,293,45.0,2024-01-06
INV01999,PROD0109,STR001,349,179,24,63.0,2025-06-24
INV02000,PROD0138,STR015,328,103,201,42.0,2025-08-03
INV02001,PROD0139,STR013,229,274,202,26.0,2024-07-01
INV02002,PROD0201,STR012,191,298,187,40.0,2025-03-10
INV02003,PROD0079,STR004,134,184,121,20.0,2024-09-15
INV02004,PROD0095,STR011,472,225,307,20.0,2024-12-14
INV02005,PROD0148,STR004,129,234,138,76.0,2024-10-01
INV02006,PROD0128,STR006,273,194,29,21.0,2025-08-23
INV02007,PROD0078,STR008,122,267,28,51.0,2024-07-10
INV02008,PROD0094,STR013,209,277,346,59.0,2024-08-25
INV02009,PROD0191,STR014,412,210,26,73.0,2024-03-23
INV02010,PROD0059,STR001,251,226,154,35.0,2025-04-10
INV02011,PROD0141,STR009,92,92,303,57.0,2024-07-30
INV02012,PROD0239,STR002,161,183,130,53.0,2025-04-10
INV02013,PROD0241,STR005,333,180,365,76.0,2024-04-10
INV02014,PROD0233,STR013,103,62,201,37.0,2025-09-11
INV02015,PROD0160,STR009,20,63,200,64.0,2024-10-12
INV02016,PROD0041,STR009,61,274,229,27.0,2024-01-06
INV02017,PROD0077,STR011,455,210,173,19.0,2024-12-24
INV02018,PROD0216,STR004,138,191,133,65.0,2024-03-02
INV02019,PROD0007,STR014,493,126,19,50.0,2025-05-06
INV02020,PROD0083,STR006,435,261,9,47.0,2025-11-21
INV02021,PROD0236,STR011,305,277,384,23.0,2024-01-19
INV02022,PROD0152,STR004,96,127,193,66.0,2025-05-14
INV02023,PROD0025,STR011,461,23,171,59.0,2025-08-03
INV02024,PROD0045,STR004,431,299,147,70.0,2025-08-21
INV02025,PROD0010,STR012,232,125,268,63.0,2025-09-16
INV02026,PROD0205,STR004,189,157,369,46.0,2025-09-11
INV02027,PROD0037,STR005,201,266,368,46.0,2024-04-25
INV02028,PROD0039,STR007,56,260,343,20.0,2025-07-25
INV02029,PROD0086,STR010,315,22,1,23.0,2025-01-26
INV02030,PROD0142,STR004,283,242,135,58.0,2024-11-25
INV02031,PROD0198,STR010,273,20,393,43.0,2024-08-24
INV02032,PROD0078,STR015,442,236,182,72.0,2025-09-20
INV02033,PROD0053,STR007,54,41,295,74.0,2025-10-31
INV02034,PROD0082,STR001,385,93,325,48.0,2025-04-06
INV02035,PROD0089,STR008,186,66,253,40.0,2025-01-22
INV02036,PROD0051,STR004,388,225,341,66.0,2025-01-24
INV02037,PROD0019,STR001,484,79,202,13.0,2025-01-27
INV02038,PROD0046,STR001,496,248,88,45.0,2025-09-16
INV02039,PROD0111,STR014,309,296,80,79.0,2025-10-09
INV02040,PROD0122,STR012,396,299,175,67.0,2024-12-13
INV02041,PROD0179,STR005,395,228,46,28.0,2025-04-16
INV02042,PROD0024,STR009,207,160,260,62.0,2024-02-26
INV02043,PROD0059,STR003,25,160,46,32.0,2025-11-24
INV02044,PROD0035,STR008,23,254,68,68.0,2024-06-03
INV02045,PROD0110,STR007,256,5,11,53.0,2025-09-27
INV02046,PROD0009,STR015,276,276,268,11.0,2024-11-28
INV02047,PROD0244,STR001,154,167,154,26.0,2024-10-10
INV02048,PROD0143,STR014,304,67,103,22.0,2024-12-19
INV02049,PROD0186,STR005,489,277,112,78.0,2024-09-09
INV02050,PROD0177,STR005,189,45,169,47.0,2024-01-13
INV02051,PROD0061,STR010,27,201,384,73.0,2025-09-11
INV02052,PROD0227,STR014,454,20,396,75.0,2024-01-02
INV02053,PROD0013,STR001,104,69,315,50.0,2024-09-25
INV02054,PROD0036,STR002,350,93,30,46.0,2024-05-03
INV02055,PROD0028,STR006,52,170,286,69.0,2024-06-20
INV02056,PROD0130,STR004,47,258,42,23.0,2025-01-01
INV02057,PROD0023,STR009,171,167,60,62.0,2025-07-13
INV02058,PROD0011,STR015,254,200,98,60.0,2025-08-09
INV02059,PROD0191,STR013,76,138,244,53.0,2024-02-04
INV02060,PROD0193,STR012,76,295,181,45.0,2024-05-23
INV02061,PROD0031,STR011,354,151,168,39.0,2025-08-06
INV02062,PROD0191,STR007,232,33,21,35.0,2025-01-04
INV02063,PROD0078,STR008,98,288,299,67.0,2025-02-17
INV02064,PROD0076,STR002,424,199,338,13.0,2025-01-01
INV02065,PROD0095,STR014,459,104,38,23.0,2025-09-16
INV02066,PROD0074,STR009,56,146,63,71.0,2024-06-05
INV02067,PROD0088,STR005,228,0,391,44.0,2025-02-24
INV02068,PROD0165,STR004,451,47,278,48.0,2025-03-10
INV02069,PROD0235,STR013,415,210,82,68.0,2024-05-09
INV02070,PROD0121,STR001,40,273,0,53.0,2025-01-31
INV02071,PROD0238,STR012,141,71,248,54.0,2024-03-14
INV02072,PROD0135,STR013,350,38,302,51.0,2024-11-10
INV02073,PROD0249,STR010,468,36,234,25.0,2025-03-29
INV02074,PROD0175,STR001,420,99,316,11.0,2025-08-23
INV02075,PROD0215,STR005,171,174,392,20.0,2024-09-17
INV02076,PROD0112,STR007,40,22,299,79.0,2025-01-07
INV02077,PROD0030,STR015,216,242,268,18.0,2025-04-14
INV02078,PROD0034,STR014,498,82,2,68.0,2024-03-08
INV02079,PROD0067,STR014,457,168,252,69.0,2025-08-26
INV02080,PROD0179,STR014,213,176,376,13.0,2024-03-26
INV02081,PROD0171,STR014,454,142,121,46.0,2024-11-15
INV02082,PROD0141,STR003,107,81,110,75.0,2024-03-09
INV02083,PROD0074,STR007,78,223,48,32.0,2025-03-31
INV02084,PROD0138,STR009,375,269,253,61.0,2025-09-09
INV02085,PROD0122,STR014,492,170,158,22.0,2025-04-01
INV02086,PROD0093,STR008,85,101,298,48.0,2025-10-21
INV02087,PROD0109,STR011,28,261,79,59.0,2025-09-03
INV02088,PROD0169,STR014,415,144,112,74.0,2024-09-04
INV02089,PROD0178,STR006,316,192,119,22.0,2024-04-12
INV02090,PROD0038,STR015,412,69,33,42.0,2025-09-16
INV02091,PROD0248,STR013,199,243,303,44.0,2024-12-18
INV02092,PROD0231,STR012,457,169,164,22.0,2025-01-22
INV02093,PROD0216,STR007,198,133,16,33.0,2024-05-07
INV02094,PROD0228,STR012,279,161,18,20.0,2025-11-15
INV02095,PROD0222,STR004,127,133,314,28.0,2024-01-01
INV02096,PROD0168,STR010,490,50,276,49.0,2025-03-17
INV02097,PROD0083,STR010,374,185,46,42.0,2025-10-09
INV02098,PROD0160,STR008,155,75,372,78.0,2024-04-27
INV02099,PROD0176,STR012,96,30,193,55.0,2024-06-10
INV02100,PROD0172,STR008,147,21,315,30.0,2024-02-29
INV02101,PROD0223,STR012,333,139,72,46.0,2025-10-13
INV02102,PROD0038,STR008,348,75,71,13.0,2025-09-17
INV02103,PROD0190,STR014,366,45,77,14.0,2024-05-31
INV02104,PROD0094,STR006,321,189,387,67.0,2025-07-29
INV02105,PROD0086,STR009,38,283,80,19.0,2025-06-11
INV02106,PROD0213,STR014,233,217,378,30.0,2025-01-29
INV02107,PROD0132,STR002,60,75,15,68.0,2024-03-29
INV02108,PROD0119,STR012,62,88,37,18.0,2024-09-29
INV02109,PROD0057,STR003,128,169,391,51.0,2025-10-30
INV02110,PROD0207,STR008,136,150,10,60.0,2024-04-25
INV02111,PROD0055,STR006,413,217,14,34.0,2024-11-17
INV02112,PROD0214,STR001,449,84,27,10.0,2024-08-05
INV02113,PROD0138,STR012,344,269,223,10.0,2025-02-16
INV02114,PROD0245,STR014,471,269,229,68.0,2025-02-20
INV02115,PROD0035,STR003,447,11,316,53.0,2024-01-07
INV02116,PROD0169,STR011,286,114,367,49.0,2024-12-19
INV02117,PROD0188,STR013,93,50,398,47.0,2024-11-26
INV02118,PROD0004,STR007,264,258,313,43.0,2025-08-07
INV02119,PROD0053,STR015,446,71,366,71.0,2024-01-18
INV02120,PROD0052,STR015,264,212,41,28.0,2025-08-15
INV02121,PROD0068,STR008,493,181,201,68.0,2025-06-09
INV02122,PROD0006,STR010,357,167,253,57.0,2025-07-10
INV02123,PROD0082,STR010,474,265,307,69.0,2024-04-23
INV02124,PROD0228,STR006,452,97,29,29.0,2025-09-20
INV02125,PROD0058,STR012,233,62,52,43.0,2024-08-22
INV02126,PROD0148,STR014,229,60,74,29.0,2024-11-09
INV02127,PROD0240,STR013,373,8,380,56.0,2024-02-23
INV02128,PROD0110,STR010,305,84,17,25.0,2024-10-21
INV02129,PROD0031,STR012,326,51,284,33.0,2025-07-11
INV02130,PROD0175,STR012,477,126,225,53.0,2025-04-15
INV02131,PROD0058,STR006,161,133,100,65.0,2025-03-29
INV02132,PROD0111,STR002,183,203,164,37.0,2024-10-23
INV02133,PROD0049,STR012,392,115,301,49.0,2025-11-19
INV02134,PROD0008,STR004,216,261,194,66.0,2025-03-08
INV02135,PROD0046,STR003,267,238,327,31.0,2024-08-20
INV02136,PROD0196,STR012,178,212,193,43.0,2024-08-03
INV02137,PROD0141,STR009,397,145,373,67.0,2025-06-24
INV02138,PROD0031,STR014,387,168,103,31.0,2025-03-14
INV02139,PROD0217,STR010,201,295,316,18.0,2024-07-06
INV02140,PROD0127,STR011,144,148,364,59.0,2024-01-18
INV02141,PROD0141,STR008,168,274,379,12.0,2024-05-26
INV02142,PROD0228,STR004,62,169,193,10.0,2025-07-31
INV02143,PROD0098,STR013,240,149,28,57.0,2025-02-01
INV02144,PROD0017,STR003,407,21,375,78.0,2024-04-06
INV02145,PROD0204,STR006,330,20,285,34.0,2025-09-29
INV02146,PROD0159,STR013,357,165,351,19.0,2025-04-08
INV02147,PROD0158,STR002,446,262,326,37.0,2025-11-19
INV02148,PROD0202,STR009,328,40,12,44.0,2024-04-20
INV02149,PROD0162,STR006,151,254,155,77.0,2025-07-29
INV02150,PROD0246,STR003,168,232,198,44.0,2025-11-10
INV02151,PROD0235,STR003,423,208,69,76.0,2024-04-07
INV02152,PROD0010,STR004,238,1,200,25.0,2024-11-27
INV02153,PROD0157,STR005,294,23,214,69.0,2025-01-31
INV02154,PROD0146,STR011,85,3,77,15.0,2024-10-01
INV02155,PROD0146,STR004,57,87,2,55.0,2025-11-27
INV02156,PROD0212,STR003,177,275,282,59.0,2024-06-16
INV02157,PROD0207,STR013,476,113,297,78.0,2025-08-02
INV02158,PROD0205,STR009,368,237,184,69.0,2024-08-18
INV02159,PROD0140,STR014,466,56,153,64.0,2024-12-29
INV02160,PROD0087,STR009,300,205,151,72.0,2024-04-25
INV02161,PROD0088,STR009,364,231,10,56.0,2025-07-26
INV02162,PROD0105,STR008,89,45,262,24.0,2025-09-28
INV02163,PROD0244,STR005,79,230,11,44.0,2024-05-12
INV02164,PROD0163,STR002,123,282,192,52.0,2024-10-15
INV02165,PROD0229,STR006,444,128,286,75.0,2025-03-07
INV02166,PROD0159,STR010,187,252,394,71.0,2024-10-18
INV02167,PROD0223,STR012,228,98,44,38.0,2024-08-03
INV02168,PROD0199,STR009,81,226,139,39.0,2024-02-07
INV02169,PROD0070,STR001,314,230,229,52.0,2024-12-11
INV02170,PROD0187,STR011,104,217,199,63.0,2024-09-12
INV02171,PROD0060,STR011,148,98,168,58.0,2024-09-13
INV02172,PROD0093,STR002,162,179,315,64.0,2025-07-17
INV02173,PROD0088,STR006,135,129,96,52.0,2024-07-24
INV02174,PROD0231,STR014,427,10,325,41.0,2024-08-02
INV02175,PROD0100,STR009,91,35,398,37.0,2024-07-10
INV02176,PROD0043,STR014,180,216,306,39.0,2025-02-20
INV02177,PROD0135,STR004,350,63,47,44.0,2024-02-08
INV02178,PROD0102,STR002,92,291,50,49.0,2025-02-17
INV02179,PROD0143,STR015,147,28,372,38.0,2024-10-11
INV02180,PROD0026,STR001,469,256,379,72.0,2024-08-12
INV02181,PROD0084,STR008,64,114,202,45.0,2024-12-28
INV02182,PROD0085,STR003,494,64,21,57.0,2025-08-23
INV02183,PROD0192,STR008,180,214,8,34.0,2024-05-10
INV02184,PROD0127,STR011,398,221,281,19.0,2024-07-19
INV02185,PROD0231,STR014,350,269,74,51.0,2025-06-30
INV02186,PROD0032,STR004,385,27,294,27.0,2024-01-17
INV02187,PROD0223,STR014,160,82,399,31.0,2025-09-20
INV02188,PROD0193,STR007,51,182,339,17.0,2025-04-20
INV02189,PROD0047,STR007,427,168,154,65.0,2024-09-13
INV02190,PROD0007,STR011,196,214,27,75.0,2025-11-12
INV02191,PROD0156,STR003,341,218,198,36.0,2025-12-01
INV02192,PROD0137,STR005,479,288,384,70.0,2024-09-04
INV02193,PROD0031,STR006,231,62,128,58.0,2024-06-06
INV02194,PROD0220,STR011,408,250,116,76.0,2024-04-04
INV02195,PROD0195,STR005,438,184,324,45.0,2024-03-23
INV02196,PROD0119,STR005,74,223,161,68.0,2025-02-20
INV02197,PROD0234,STR008,417,97,7,19.0,2025-05-16
INV02198,PROD0225,STR005,111,121,347,58.0,2024-12-04
INV02199,PROD0146,STR001,30,191,331,57.0,2025-07-25
INV02200,PROD0078,STR004,453,233,89,61.0,2025-07-04
INV02201,PROD0014,STR014,76,93,292,44.0,2025-08-28
INV02202,PROD0022,STR004,233,245,153,23.0,2025-02-05
INV02203,PROD0062,STR012,232,142,164,49.0,2025-09-18
INV02204,PROD0060,STR015,263,263,182,32.0,2024-06-25
INV02205,PROD0075,STR011,335,248,112,54.0,2025-05-18
INV02206,PROD0232,STR005,418,168,259,41.0,2024-06-06
INV02207,PROD0061,STR008,241,187,219,54.0,2024-04-02
INV02208,PROD0147,STR003,93,298,307,33.0,2025-07-08
INV02209,PROD0041,STR004,21,259,256,69.0,2025-06-06
INV02210,PROD0050,STR009,89,295,159,24.0,2025-01-08
INV02211,PROD0139,STR004,452,250,280,29.0,2024-12-10
INV02212,PROD0078,STR011,267,60,374,64.0,2024-10-16
INV02213,PROD0008,STR007,76,139,111,51.0,2025-11-02
INV02214,PROD0079,STR004,152,103,304,14.0,2024-10-19
INV02215,PROD0121,STR013,21,94,166,23.0,2024-12-24
INV02216,PROD0055,STR009,319,173,385,27.0,2024-05-26
INV02217,PROD0187,STR001,99,297,223,32.0,2025-11-02
INV02218,PROD0055,STR012,394,74,332,57.0,2025-02-15
INV02219,PROD0225,STR006,235,125,3,14.0,2025-10-12
INV02220,PROD0150,STR004,480,251,128,13.0,2025-06-17
INV02221,PROD0107,STR004,437,135,363,74.0,2024-04-06
INV02222,PROD0048,STR001,291,106,75,37.0,2024-01-08
INV02223,PROD0189,STR003,167,204,143,23.0,2025-06-21
INV02224,PROD0201,STR008,478,69,23,48.0,2025-07-19
INV02225,PROD0057,STR013,33,261,378,48.0,2025-11-26
INV02226,PROD0156,STR002,187,95,181,47.0,2024-10-30
INV02227,PROD0241,STR009,247,226,312,20.0,2025-09-01
INV02228,PROD0146,STR009,48,181,17,42.0,2024-01-23
INV02229,PROD0214,STR001,221,130,55,60.0,2025-01-23
INV02230,PROD0087,STR002,343,196,205,31.0,2024-05-10
INV02231,PROD0129,STR007,279,290,293,52.0,2024-09-28
INV02232,PROD0190,STR010,208,135,2,68.0,2025-03-27
INV02233,PROD0216,STR001,216,103,183,60.0,2024-02-19
INV02234,PROD0243,STR012,32,165,388,42.0,2024-08-13
INV02235,PROD0204,STR010,447,115,346,79.0,2024-07-21
INV02236,PROD0135,STR006,244,154,14,52.0,2025-03-10
INV02237,PROD0014,STR007,368,250,194,51.0,2025-11-10
INV02238,PROD0072,STR014,277,171,105,74.0,2024-04-30
INV02239,PROD0244,STR004,29,19,199,23.0,2025-11-27
INV02240,PROD0218,STR011,83,176,98,11.0,2024-10-01
INV02241,PROD0078,STR002,96,265,154,29.0,2024-11-27
INV02242,PROD0105,STR007,286,141,29,64.0,2024-11-26
INV02243,PROD0159,STR010,287,208,148,47.0,2024-03-21
INV02244,PROD0012,STR015,226,62,117,26.0,2025-07-06
INV02245,PROD0066,STR009,363,215,327,45.0,2024-06-25
INV02246,PROD0121,STR009,316,17,46,57.0,2024-05-14
INV02247,PROD0086,STR008,314,156,150,50.0,2025-07-21
INV02248,PROD0243,STR006,460,120,152,13.0,2025-03-13
INV02249,PROD0115,STR015,33,204,276,36.0,2025-09-02
INV02250,PROD0201,STR008,345,21,130,47.0,2024-06-23
INV02251,PROD0023,STR005,262,93,365,54.0,2024-02-29
INV02252,PROD0057,STR012,35,228,324,20.0,2024-02-19
INV02253,PROD0001,STR006,23,158,358,34.0,2024-11-18
INV02254,PROD0203,STR007,316,254,48,78.0,2024-10-30
INV02255,PROD0024,STR003,125,183,370,31.0,2025-08-30
INV02256,PROD0145,STR001,265,17,302,48.0,2024-01-10
INV02257,PROD0004,STR007,138,217,314,63.0,2025-10-08
INV02258,PROD0179,STR006,495,0,196,54.0,2025-02-07
INV02259,PROD0051,STR013,397,71,95,49.0,2025-07-30
INV02260,PROD0063,STR011,269,70,75,26.0,2025-07-27
INV02261,PROD0186,STR010,476,41,101,72.0,2025-07-06
INV02262,PROD0047,STR008,287,60,41,35.0,2025-07-28
INV02263,PROD0206,STR012,162,191,253,39.0,2025-07-18
INV02264,PROD0109,STR014,379,134,199,74.0,2024-05-10
INV02265,PROD0130,STR004,223,48,35,36.0,2025-06-25
INV02266,PROD0005,STR006,383,195,20,33.0,2025-01-24
INV02267,PROD0192,STR014,26,258,156,47.0,2025-05-08
INV02268,PROD0158,STR007,250,292,240,69.0,2024-11-26
INV02269,PROD0044,STR007,247,176,177,76.0,2024-04-16
INV02270,PROD0196,STR004,197,7,198,29.0,2025-11-20
INV02271,PROD0119,STR002,498,250,383,24.0,2024-03-25
INV02272,PROD0119,STR014,226,150,381,75.0,2025-03-29
INV02273,PROD0041,STR007,482,147,160,37.0,2025-02-19
INV02274,PROD0212,STR005,327,112,119,36.0,2025-11-04
INV02275,PROD0142,STR010,99,136,140,41.0,2025-08-29
INV02276,PROD0043,STR001,477,103,218,62.0,2025-02-22
INV02277,PROD0032,STR006,476,7,351,29.0,2025-05-26
INV02278,PROD0174,STR002,166,12,396,63.0,2024-12-10
INV02279,PROD0190,STR002,420,47,260,65.0,2024-08-16
INV02280,PROD0225,STR003,405,102,194,41.0,2025-08-08
INV02281,PROD0240,STR012,310,38,367,78.0,2024-08-26
INV02282,PROD0221,STR011,463,144,176,31.0,2024-05-04
INV02283,PROD0106,STR007,281,178,195,79.0,2024-03-30
INV02284,PROD0236,STR012,413,285,265,28.0,2024-02-06
INV02285,PROD0150,STR008,339,185,158,37.0,2025-09-28
INV02286,PROD0184,STR008,51,212,70,15.0,2024-11-06
INV02287,PROD0110,STR010,358,266,346,14.0,2024-06-10
INV02288,PROD0223,STR009,65,148,174,65.0,2025-04-20
INV02289,PROD0149,STR012,273,65,152,62.0,2024-09-16
INV02290,PROD0231,STR011,220,32,73,24.0,2025-03-27
INV02291,PROD0048,STR008,302,56,109,16.0,2025-10-28
INV02292,PROD0172,STR001,102,214,275,33.0,2024-06-20
INV02293,PROD0153,STR015,198,69,5,55.0,2025-10-27
INV02294,PROD0162,STR010,374,155,273,68.0,2025-01-25
INV02295,PROD0076,STR004,274,20,291,57.0,2025-08-25
INV02296,PROD0085,STR008,310,137,187,32.0,2024-04-18
INV02297,PROD0155,STR006,121,165,273,50.0,2025-06-22
INV02298,PROD0147,STR005,457,84,330,34.0,2025-09-02
INV02299,PROD0245,STR005,67,125,224,59.0,2024-02-03
INV02300,PROD0082,STR009,92,156,102,61.0,2024-03-18
INV02301,PROD0219,STR005,309,288,328,66.0,2025-03-16
INV02302,PROD0021,STR005,66,168,77,57.0,2025-03-01
INV02303,PROD0126,STR014,145,281,118,33.0,2025-07-26
INV02304,PROD0170,STR013,495,23,311,64.0,2025-06-15
INV02305,PROD0016,STR001,384,41,210,41.0,2024-10-16
INV02306,PROD0143,STR010,322,156,107,49.0,2025-05-09
INV02307,PROD0165,STR015,118,63,5,34.0,2025-07-13
INV02308,PROD0123,STR001,269,266,389,56.0,2025-03-20
INV02309,PROD0150,STR007,171,156,352,27.0,2024-01-05
INV02310,PROD0157,STR010,167,209,275,65.0,2025-04-14
INV02311,PROD0245,STR007,304,119,4,34.0,2025-02-08
INV02312,PROD0089,STR003,337,139,218,60.0,2025-11-02
INV02313,PROD0001,STR011,477,19,313,75.0,2025-05-11
INV02314,PROD0204,STR001,206,89,238,69.0,2025-11-30
INV02315,PROD0144,STR014,396,92,183,73.0,2024-06-30
INV02316,PROD0060,STR005,357,113,199,31.0,2024-11-16
INV02317,PROD0105,STR004,155,106,88,33.0,2025-09-15
INV02318,PROD0081,STR006,417,165,282,15.0,2024-01-06
INV02319,PROD0103,STR001,428,128,12,54.0,2025-07-04
INV02320,PROD0100,STR004,233,94,136,58.0,2025-09-27
INV02321,PROD0142,STR014,327,270,54,39.0,2025-08-28
INV02322,PROD0004,STR007,498,117,169,31.0,2025-06-18
INV02323,PROD0247,STR003,35,101,359,35.0,2024-09-07
INV02324,PROD0027,STR004,167,72,161,52.0,2025-08-15
INV02325,PROD0139,STR013,213,188,40,77.0,2025-08-29
INV02326,PROD0246,STR005,195,141,170,16.0,2025-06-15
INV02327,PROD0233,STR015,179,140,188,39.0,2024-08-01
INV02328,PROD0163,STR005,225,281,122,68.0,2025-10-18
INV02329,PROD0021,STR011,36,5,262,17.0,2024-05-15
INV02330,PROD0045,STR012,138,89,137,46.0,2025-03-02
INV02331,PROD0197,STR005,401,251,231,16.0,2024-07-20
INV02332,PROD0098,STR009,359,99,229,61.0,2024-01-14
INV02333,PROD0006,STR015,207,87,113,15.0,2025-05-08
INV02334,PROD0057,STR002,249,143,195,42.0,2025-02-05
INV02335,PROD0206,STR011,98,73,267,12.0,2025-03-03
INV02336,PROD0077,STR003,410,40,75,73.0,2024-12-30
INV02337,PROD0218,STR010,493,18,286,35.0,2025-06-22
INV02338,PROD0243,STR002,375,44,339,27.0,2025-04-12
INV02339,PROD0063,STR006,314,39,239,38.0,2025-10-12
INV02340,PROD0145,STR006,53,101,52,44.0,2025-07-14
INV02341,PROD0186,STR005,376,267,334,30.0,2025-06-20
INV02342,PROD0161,STR013,457,248,153,12.0,2025-10-01
INV02343,PROD0195,STR001,371,11,69,30.0,2024-08-12
INV02344,PROD0216,STR006,355,161,275,24.0,2024-01-12
INV02345,PROD0017,STR003,324,263,228,45.0,2024-07-27
INV02346,PROD0040,STR008,462,223,147,76.0,2025-07-24
INV02347,PROD0174,STR007,175,140,358,52.0,2025-10-04
INV02348,PROD0137,STR013,238,9,169,51.0,2024-02-23
INV02349,PROD0033,STR011,92,251,262,34.0,2025-03-16
INV02350,PROD0012,STR001,72,75,147,21.0,2025-08-02
INV02351,PROD0103,STR004,202,253,106,38.0,2024-04-02
INV02352,PROD0031,STR004,487,172,273,51.0,2025-11-07
INV02353,PROD0069,STR004,48,57,208,47.0,2024-02-08
INV02354,PROD0234,STR009,250,216,83,65.0,2025-07-27
INV02355,PROD0044,STR011,171,156,24,16.0,2024-10-25
INV02356,PROD0092,STR012,426,48,255,66.0,2025-07-06
INV02357,PROD0179,STR003,122,239,293,25.0,2024-03-13
INV02358,PROD0054,STR012,361,92,303,52.0,2024-06-08
INV02359,PROD0118,STR011,446,219,361,53.0,2024-05-19
INV02360,PROD0056,STR004,27,255,351,57.0,2024-06-21
INV02361,PROD0120,STR001,227,75,69,27.0,2025-06-21
INV02362,PROD0024,STR012,388,16,261,77.0,2025-07-31
INV02363,PROD0104,STR011,364,261,51,15.0,2024-11-28
INV02364,PROD0116,STR012,359,168,276,52.0,2025-05-12
INV02365,PROD0223,STR010,209,231,372,13.0,2025-04-04
INV02366,PROD0169,STR012,495,25,335,20.0,2025-01-30
INV02367,PROD0136,STR002,449,149,203,71.0,2025-05-12
INV02368,PROD0078,STR015,213,35,322,29.0,2025-08-30
INV02369,PROD0223,STR003,309,242,2,40.0,2025-04-18
INV02370,PROD0100,STR011,378,114,356,28.0,2025-10-10
INV02371,PROD0192,STR002,154,231,312,61.0,2024-05-01
INV02372,PROD0103,STR002,176,228,348,61.0,2025-05-27
INV02373,PROD0116,STR010,401,74,2,10.0,2025-07-30
INV02374,PROD0218,STR006,458,9,308,40.0,2024-06-27
INV02375,PROD0023,STR010,377,0,254,23.0,2024-05-01
INV02376,PROD0158,STR002,448,93,223,46.0,2024-09-19
INV02377,PROD0247,STR013,84,142,330,26.0,2025-03-29
INV02378,PROD0168,STR015,190,193,0,67.0,2024-01-03
INV02379,PROD0088,STR007,181,211,395,36.0,2025-02-01
INV02380,PROD0195,STR007,361,243,367,21.0,2024-01-01
INV02381,PROD0102,STR009,80,161,177,45.0,2024-11-04
INV02382,PROD0221,STR015,256,171,361,36.0,2024-06-03
INV02383,PROD0214,STR015,52,261,216,66.0,2024-12-22
INV02384,PROD0174,STR005,293,77,127,11.0,2025-10-18
INV02385,PROD0027,STR006,392,58,141,50.0,2025-05-24
INV02386,PROD0046,STR012,358,299,53,20.0,2025-08-26
INV02387,PROD0102,STR011,165,255,104,66.0,2025-06-11
INV02388,PROD0039,STR014,458,142,233,39.0,2025-11-11
INV02389,PROD0122,STR011,104,145,147,39.0,2024-12-22
INV02390,PROD0132,STR006,303,221,394,41.0,2024-01-29
INV02391,PROD0105,STR001,299,38,242,36.0,2024-04-28
INV02392,PROD0085,STR003,466,237,296,57.0,2025-01-21
INV02393,PROD0247,STR010,371,126,181,18.0,2025-06-28
INV02394,PROD0159,STR007,348,28,20,32.0,2024-04-02
INV02395,PROD0165,STR005,252,17,87,70.0,2024-12-25
INV02396,PROD0028,STR014,491,296,88,59.0,2025-01-31
INV02397,PROD0129,STR001,102,198,391,76.0,2024-03-29
INV02398,PROD0040,STR007,424,273,120,63.0,2024-10-11
INV02399,PROD0206,STR006,463,16,278,12.0,2024-12-07
INV02400,PROD0071,STR015,156,134,101,52.0,2024-01-09
INV02401,PROD0002,STR010,31,28,188,70.0,2025-11-02
INV02402,PROD0227,STR013,72,170,64,25.0,2025-10-17
INV02403,PROD0002,STR013,181,156,391,78.0,2025-01-25
INV02404,PROD0185,STR015,125,84,280,63.0,2025-08-01
INV02405,PROD0150,STR006,473,151,162,29.0,2024-09-15
INV02406,PROD0214,STR014,43,184,12,42.0,2024-06-21
INV02407,PROD0169,STR004,258,206,101,33.0,2025-03-24
INV02408,PROD0195,STR009,219,59,210,78.0,2025-08-05
INV02409,PROD0141,STR002,201,18,17,29.0,2025-09-09
INV02410,PROD0158,STR011,451,40,180,14.0,2025-11-08
INV02411,PROD0039,STR014,457,153,156,36.0,2025-02-03
INV02412,PROD0156,STR002,484,30,31,12.0,2025-01-03
INV02413,PROD0034,STR010,95,13,311,23.0,2025-01-02
INV02414,PROD0197,STR011,209,184,123,53.0,2024-02-26
INV02415,PROD0123,STR002,317,89,196,47.0,2024-02-20
INV02416,PROD0128,STR011,45,184,190,26.0,2025-11-19
INV02417,PROD0218,STR006,90,94,336,39.0,2024-03-16
INV02418,PROD0106,STR005,338,1,295,40.0,2025-05-08
INV02419,PROD0199,STR011,327,72,386,70.0,2025-08-08
INV02420,PROD0037,STR013,135,182,377,79.0,2024-10-08
INV02421,PROD0112,STR003,142,94,181,44.0,2024-11-16
INV02422,PROD0148,STR003,471,125,323,43.0,2025-01-19
INV02423,PROD0240,STR009,434,240,235,56.0,2025-10-02
INV02424,PROD0068,STR002,224,204,364,59.0,2025-11-28
INV02425,PROD0240,STR014,300,213,66,55.0,2024-09-13
INV02426,PROD0092,STR006,240,195,98,69.0,2024-12-25
INV02427,PROD0239,STR008,288,48,350,42.0,2024-02-04
INV02428,PROD0060,STR001,264,237,280,73.0,2024-08-01
INV02429,PROD0211,STR002,58,85,97,51.0,2024-04-30
INV02430,PROD0049,STR009,420,81,43,33.0,2024-03-21
INV02431,PROD0003,STR013,404,252,9,61.0,2024-08-31
INV02432,PROD0245,STR015,375,81,380,44.0,2024-09-28
INV02433,PROD0160,STR007,234,210,222,66.0,2025-06-02
INV02434,PROD0044,STR002,204,82,71,74.0,2024-04-05
INV02435,PROD0230,STR010,490,44,176,60.0,2025-07-16
INV02436,PROD0217,STR012,58,242,101,45.0,2024-12-30
INV02437,PROD0180,STR014,353,201,43,25.0,2025-07-09
INV02438,PROD0115,STR012,320,39,391,78.0,2025-03-22
INV02439,PROD0203,STR010,90,121,87,18.0,2024-01-25
INV02440,PROD0117,STR005,247,129,151,17.0,2025-08-07
INV02441,PROD0215,STR010,411,256,149,46.0,2025-09-29
INV02442,PROD0189,STR010,220,297,301,49.0,2025-01-28
INV02443,PROD0243,STR001,72,15,143,37.0,2025-08-28
INV02444,PROD0223,STR009,391,165,303,55.0,2024-05-25
INV02445,PROD0174,STR001,150,115,280,15.0,2024-07-31
INV02446,PROD0124,STR006,268,176,386,57.0,2024-08-20
INV02447,PROD0078,STR015,291,11,383,58.0,2025-09-13
INV02448,PROD0209,STR015,133,161,157,57.0,2024-08-24
INV02449,PROD0079,STR010,184,293,234,29.0,2025-07-07
INV02450,PROD0194,STR006,360,290,368,14.0,2025-05-06
INV02451,PROD0163,STR011,457,67,316,27.0,2024-10-20
INV02452,PROD0020,STR002,54,127,81,56.0,2024-12-05
INV02453,PROD0033,STR003,289,272,82,69.0,2025-05-16
INV02454,PROD0102,STR011,406,216,319,79.0,2024-10-14
INV02455,PROD0008,STR012,144,66,213,72.0,2024-07-12
INV02456,PROD0030,STR009,191,236,196,31.0,2025-07-20
INV02457,PROD0237,STR006,463,255,274,79.0,2025-07-20
INV02458,PROD0214,STR010,408,213,221,39.0,2024-01-30
INV02459,PROD0006,STR012,95,39,235,41.0,2024-07-25
INV02460,PROD0228,STR004,446,81,137,22.0,2025-03-12
INV02461,PROD0224,STR005,304,170,379,64.0,2024-05-22
INV02462,PROD0156,STR013,144,100,325,38.0,2024-05-15
INV02463,PROD0231,STR015,455,275,119,79.0,2025-04-24
INV02464,PROD0198,STR006,146,147,25,35.0,2025-07-26
INV02465,PROD0234,STR014,357,101,83,18.0,2025-06-22
INV02466,PROD0249,STR013,49,25,206,50.0,2024-05-29
INV02467,PROD0059,STR011,317,234,353,68.0,2024-08-27
INV02468,PROD0055,STR006,376,266,16,68.0,2025-01-18
INV02469,PROD0191,STR003,451,247,305,64.0,2025-01-27
INV02470,PROD0173,STR005,55,98,331,17.0,2025-06-07
INV02471,PROD0074,STR006,86,99,197,55.0,2025-07-19
INV02472,PROD0064,STR004,280,29,285,57.0,2024-11-19
INV02473,PROD0247,STR012,102,186,87,34.0,2025-01-05
INV02474,PROD0163,STR004,189,212,282,71.0,2025-03-09
INV02475,PROD0049,STR014,356,12,260,23.0,2024-07-18
INV02476,PROD0129,STR014,435,31,131,37.0,2024-11-06
INV02477,PROD0087,STR015,271,12,165,53.0,2024-09-09
INV02478,PROD0023,STR007,386,273,92,66.0,2025-09-21
INV02479,PROD0148,STR015,158,282,395,51.0,2024-03-29
INV02480,PROD0231,STR006,246,120,85,52.0,2025-02-23
INV02481,PROD0163,STR001,66,293,310,29.0,2025-08-07
INV02482,PROD0225,STR015,453,171,91,67.0,2024-08-14
INV02483,PROD0025,STR010,451,124,363,43.0,2025-09-01
INV02484,PROD0006,STR013,463,290,374,23.0,2025-11-23
INV02485,PROD0026,STR002,445,13,149,38.0,2025-09-12
INV02486,PROD0018,STR014,94,25,374,34.0,2024-08-22
INV02487,PROD0091,STR006,302,124,383,33.0,2025-10-18
INV02488,PROD0240,STR012,497,198,168,12.0,2025-03-22
INV02489,PROD0015,STR007,485,95,168,29.0,2024-02-28
INV02490,PROD0026,STR012,251,209,170,20.0,2025-06-01
INV02491,PROD0162,STR010,204,7,71,17.0,2025-08-26
INV02492,PROD0060,STR010,436,159,220,46.0,2025-10-22
INV02493,PROD0188,STR009,300,1,136,53.0,2024-07-22
INV02494,PROD0054,STR010,25,230,302,78.0,2025-10-17
INV02495,PROD0144,STR006,178,48,159,72.0,2025-02-01
INV02496,PROD0132,STR004,306,121,143,76.0,2025-07-07
INV02497,PROD0024,STR012,397,106,290,36.0,2025-01-23
INV02498,PROD0099,STR001,172,298,377,51.0,2025-09-24
INV02499,PROD0199,STR007,132,155,303,40.0,2025-01-01
INV02500,PROD0156,STR003,426,141,99,46.0,2025-05-25
INV02501,PROD0204,STR010,211,162,373,22.0,2025-04-12
INV02502,PROD0248,STR006,62,265,293,70.0,2024-01-07
INV02503,PROD0101,STR009,290,241,223,76.0,2024-02-03
INV02504,PROD0237,STR010,69,64,152,67.0,2024-06-12
INV02505,PROD0231,STR005,24,70,79,18.0,2024-04-10
INV02506,PROD0096,STR014,347,167,228,49.0,2024-01-06
INV02507,PROD0195,STR008,52,174,38,38.0,2024-04-07
INV02508,PROD0047,STR013,269,298,1,77.0,2024-09-17
INV02509,PROD0009,STR013,91,183,133,21.0,2025-08-29
INV02510,PROD0240,STR014,375,34,15,72.0,2024-12-17
INV02511,PROD0176,STR015,120,123,24,56.0,2025-04-18
INV02512,PROD0186,STR007,244,133,36,76.0,2025-05-31
INV02513,PROD0183,STR004,296,81,34,26.0,2025-06-13
INV02514,PROD0131,STR007,397,208,317,27.0,2025-09-30
INV02515,PROD0079,STR006,151,3,372,67.0,2025-06-23
INV02516,PROD0047,STR015,462,49,184,32.0,2025-09-10
INV02517,PROD0238,STR004,374,85,292,69.0,2024-03-20
INV02518,PROD0142,STR004,46,118,91,35.0,2024-07-07
INV02519,PROD0146,STR014,59,280,111,10.0,2024-09-30
INV02520,PROD0027,STR008,322,71,299,30.0,2024-11-28
INV02521,PROD0106,STR015,228,227,51,39.0,2024-05-12
INV02522,PROD0096,STR009,70,288,137,28.0,2025-11-27
INV02523,PROD0243,STR002,44,141,182,19.0,2024-06-24
INV02524,PROD0007,STR007,262,238,240,59.0,2025-08-06
INV02525,PROD0247,STR013,494,248,50,50.0,2024-01-01
INV02526,PROD0120,STR009,283,250,329,71.0,2024-10-21
INV02527,PROD0186,STR014,150,203,116,79.0,2024-08-09
INV02528,PROD0044,STR005,473,195,121,19.0,2025-06-05
INV02529,PROD0073,STR012,22,2,204,74.0,2025-05-01
INV02530,PROD0007,STR009,366,41,63,75.0,2025-05-16
INV02531,PROD0162,STR011,350,82,328,45.0,2025-02-04
INV02532,PROD0233,STR004,423,166,76,49.0,2024-07-18
INV02533,PROD0217,STR013,206,232,366,11.0,2024-04-07
INV02534,PROD0159,STR011,258,4,179,52.0,2025-04-08
INV02535,PROD0248,STR015,155,152,392,16.0,2024-01-09
INV02536,PROD0004,STR006,234,16,304,30.0,2025-06-13
INV02537,PROD0136,STR003,229,241,124,13.0,2024-06-08
INV02538,PROD0023,STR009,210,109,382,30.0,2025-01-11
INV02539,PROD0218,STR013,412,142,191,16.0,2025-07-12
INV02540,PROD0198,STR009,357,269,51,15.0,2024-12-01
INV02541,PROD0208,STR007,192,107,234,23.0,2024-10-06
INV02542,PROD0223,STR002,211,243,101,62.0,2025-06-04
INV02543,PROD0127,STR004,84,276,31,44.0,2025-10-21
INV02544,PROD0020,STR002,51,275,314,24.0,2024-08-16
INV02545,PROD0152,STR002,227,244,262,28.0,2024-04-03
INV02546,PROD0118,STR008,364,239,196,47.0,2025-02-10
INV02547,PROD0127,STR015,331,134,142,67.0,2025-08-31
INV02548,PROD0191,STR008,423,98,208,67.0,2025-06-02
INV02549,PROD0060,STR002,301,56,125,37.0,2024-10-26
INV02550,PROD0043,STR009,482,298,260,28.0,2024-05-02
INV02551,PROD0204,STR002,82,142,375,46.0,2025-03-31
INV02552,PROD0033,STR013,149,275,254,18.0,2025-06-10
INV02553,PROD0122,STR004,327,40,225,52.0,2025-10-01
INV02554,PROD0234,STR010,101,21,204,75.0,2025-07-10
INV02555,PROD0080,STR011,330,58,250,49.0,2024-02-28
INV02556,PROD0229,STR004,177,7,249,65.0,2024-07-22
INV02557,PROD0042,STR015,439,178,198,51.0,2025-05-14
INV02558,PROD0010,STR014,91,155,349,60.0,2024-02-25
INV02559,PROD0103,STR007,137,158,220,74.0,2024-01-11
INV02560,PROD0121,STR006,44,45,203,57.0,2024-08-19
INV02561,PROD0141,STR007,308,298,25,73.0,2025-02-05
INV02562,PROD0234,STR009,57,216,255,29.0,2024-10-27
INV02563,PROD0216,STR009,233,271,386,37.0,2025-03-31
INV02564,PROD0081,STR015,191,107,47,76.0,2024-01-09
INV02565,PROD0225,STR001,413,218,167,34.0,2025-04-01
INV02566,PROD0235,STR013,255,283,291,70.0,2025-06-22
INV02567,PROD0091,STR010,60,177,101,74.0,2025-03-28
INV02568,PROD0146,STR013,495,236,98,68.0,2025-09-12
INV02569,PROD0116,STR002,36,167,261,65.0,2024-08-10
INV02570,PROD0194,STR013,498,246,64,17.0,2025-06-09
INV02571,PROD0201,STR008,135,34,158,15.0,2025-01-17
INV02572,PROD0124,STR005,347,288,69,71.0,2024-08-03
INV02573,PROD0164,STR011,25,192,122,27.0,2025-11-14
INV02574,PROD0007,STR002,224,193,275,55.0,2024-10-08
INV02575,PROD0190,STR004,414,176,362,28.0,2024-02-15
INV02576,PROD0057,STR011,335,81,323,45.0,2024-06-14
INV02577,PROD0210,STR011,332,196,150,35.0,2024-05-23
INV02578,PROD0005,STR005,251,180,86,45.0,2025-08-19
INV02579,PROD0175,STR012,403,293,127,24.0,2025-06-25
INV02580,PROD0047,STR011,163,15,66,18.0,2025-03-07
INV02581,PROD0218,STR014,80,248,365,51.0,2024-08-24
INV02582,PROD0200,STR007,399,208,50,48.0,2025-04-18
INV02583,PROD0092,STR001,218,156,19,76.0,2024-10-13
INV02584,PROD0012,STR001,194,34,314,16.0,2024-06-23
INV02585,PROD0142,STR006,110,104,38,17.0,2025-07-17
INV02586,PROD0005,STR010,297,208,77,32.0,2024-10-13
INV02587,PROD0044,STR010,375,11,357,35.0,2025-04-19
INV02588,PROD0237,STR014,32,51,166,74.0,2024-04-09
INV02589,PROD0214,STR011,255,20,364,50.0,2025-05-02
INV02590,PROD0158,STR009,479,43,333,23.0,2024-06-16
INV02591,PROD0031,STR011,161,180,7,20.0,2025-05-12
INV02592,PROD0180,STR006,392,237,21,27.0,2024-05-09
INV02593,PROD0174,STR010,255,148,374,44.0,2024-03-03
INV02594,PROD0151,STR009,434,187,358,40.0,2024-10-09
INV02595,PROD0166,STR015,373,71,46,39.0,2025-03-07
INV02596,PROD0110,STR006,496,147,25,53.0,2025-11-08
INV02597,PROD0003,STR004,221,172,202,31.0,2025-02-03
INV02598,PROD0075,STR008,271,103,203,60.0,2024-07-04
INV02599,PROD0009,STR010,144,80,29,74.0,2024-02-01
INV02600,PROD0017,STR013,281,153,183,15.0,2025-06-03
INV02601,PROD0066,STR008,315,233,73,17.0,2025-06-24
INV02602,PROD0201,STR001,451,44,314,63.0,2024-05-18
INV02603,PROD0133,STR014,200,170,260,78.0,2025-08-06
INV02604,PROD0112,STR001,332,219,150,47.0,2025-03-21
INV02605,PROD0181,STR007,301,152,359,14.0,2025-09-14
INV02606,PROD0172,STR005,187,122,81,49.0,2024-07-26
INV02607,PROD0054,STR003,104,161,318,55.0,2024-03-16
INV02608,PROD0163,STR015,222,270,91,23.0,2025-08-31
INV02609,PROD0045,STR006,59,35,157,77.0,2024-08-11
INV02610,PROD0104,STR004,217,93,138,42.0,2024-04-13
INV02611,PROD0118,STR012,484,83,223,64.0,2024-05-29
INV02612,PROD0159,STR014,452,69,334,23.0,2025-01-19
INV02613,PROD0244,STR005,118,173,363,37.0,2024-04-01
INV02614,PROD0023,STR010,382,187,197,19.0,2025-06-29
INV02615,PROD0222,STR014,308,99,32,78.0,2024-03-09
INV02616,PROD0011,STR006,112,179,209,47.0,2024-03-20
INV02617,PROD0158,STR013,112,160,111,23.0,2025-06-21
INV02618,PROD0250,STR004,72,106,378,45.0,2025-09-18
INV02619,PROD0072,STR002,124,162,299,24.0,2024-09-30
INV02620,PROD0043,STR012,263,249,85,29.0,2024-12-13
INV02621,PROD0234,STR009,336,143,116,19.0,2024-12-27
INV02622,PROD0021,STR014,77,3,371,23.0,2024-09-09
INV02623,PROD0222,STR001,260,143,343,52.0,2025-01-11
INV02624,PROD0061,STR011,117,296,337,48.0,2024-06-25
INV02625,PROD0210,STR003,238,13,249,49.0,2024-03-14
INV02626,PROD0239,STR011,171,258,35,73.0,2025-03-02
INV02627,PROD0048,STR005,46,75,178,53.0,2025-02-22
INV02628,PROD0007,STR015,312,97,334,70.0,2025-08-03
INV02629,PROD0185,STR012,356,81,346,69.0,2025-11-11
INV02630,PROD0020,STR004,380,56,26,75.0,2025-06-14
INV02631,PROD0052,STR004,437,74,146,34.0,2025-05-14
INV02632,PROD0225,STR013,231,199,349,59.0,2024-09-30
INV02633,PROD0013,STR014,415,260,396,24.0,2024-08-17
INV02634,PROD0231,STR012,154,24,199,68.0,2024-08-07
INV02635,PROD0137,STR010,315,79,125,55.0,2024-09-02
INV02636,PROD0025,STR009,129,160,247,76.0,2024-11-04
INV02637,PROD0181,STR002,129,134,342,25.0,2024-10-02
INV02638,PROD0123,STR008,488,161,10,53.0,2024-12-07
INV02639,PROD0183,STR003,324,91,219,67.0,2025-11-03
INV02640,PROD0006,STR011,54,96,246,39.0,2025-07-26
INV02641,PROD0146,STR010,225,72,42,67.0,2024-03-19
INV02642,PROD0206,STR015,352,194,229,12.0,2025-04-11
INV02643,PROD0170,STR002,354,155,123,77.0,2025-05-07
INV02644,PROD0154,STR010,119,122,212,66.0,2024-10-02
INV02645,PROD0011,STR013,214,137,129,32.0,2025-02-13
INV02646,PROD0078,STR010,191,12,290,39.0,2024-07-11
INV02647,PROD0080,STR001,277,115,171,33.0,2025-11-26
INV02648,PROD0092,STR006,203,172,384,70.0,2025-07-31
INV02649,PROD0146,STR005,449,38,161,69.0,2024-01-23
INV02650,PROD0128,STR011,185,273,183,45.0,2024-11-17
INV02651,PROD0045,STR004,108,79,255,75.0,2024-07-19
INV02652,PROD0080,STR014,356,289,85,10.0,2024-12-13
INV02653,PROD0104,STR001,293,141,178,20.0,2025-02-01
INV02654,PROD0189,STR002,305,85,12,71.0,2024-10-24
INV02655,PROD0022,STR011,197,100,58,21.0,2024-08-20
INV02656,PROD0066,STR006,496,187,185,42.0,2024-09-02
INV02657,PROD0082,STR006,419,152,226,54.0,2024-10-23
INV02658,PROD0084,STR014,457,4,32,50.0,2025-05-06
INV02659,PROD0179,STR008,189,263,309,62.0,2024-10-20
INV02660,PROD0161,STR004,283,209,6,75.0,2025-09-27
INV02661,PROD0135,STR009,274,188,207,35.0,2025-07-28
INV02662,PROD0085,STR007,166,185,27,70.0,2025-10-31
INV02663,PROD0062,STR012,432,127,126,66.0,2024-04-19
INV02664,PROD0239,STR010,156,56,63,20.0,2025-04-11
INV02665,PROD0229,STR011,183,152,87,62.0,2025-09-16
INV02666,PROD0216,STR006,98,145,62,35.0,2024-11-20
INV02667,PROD0221,STR015,395,23,235,23.0,2024-07-17
INV02668,PROD0114,STR001,97,97,124,76.0,2024-01-08
INV02669,PROD0154,STR006,382,257,176,52.0,2025-04-29
INV02670,PROD0222,STR006,269,235,381,16.0,2025-11-01
INV02671,PROD0137,STR008,90,238,2,44.0,2024-05-20
INV02672,PROD0176,STR012,122,260,172,32.0,2025-02-21
INV02673,PROD0214,STR004,331,277,165,12.0,2024-02-01
INV02674,PROD0124,STR007,387,131,69,18.0,2025-04-01
INV02675,PROD0186,STR004,339,194,353,29.0,2024-12-09
INV02676,PROD0108,STR005,346,152,148,55.0,2024-08-14
INV02677,PROD0249,STR013,465,147,304,60.0,2025-10-06
INV02678,PROD0096,STR001,456,51,114,27.0,2025-03-15
INV02679,PROD0226,STR004,485,289,176,73.0,2024-03-04
INV02680,PROD0064,STR011,394,3,78,32.0,2025-10-06
INV02681,PROD0192,STR008,356,137,166,66.0,2025-01-19
INV02682,PROD0144,STR005,28,70,228,14.0,2025-11-01
INV02683,PROD0205,STR003,273,278,316,11.0,2024-01-28
INV02684,PROD0126,STR010,312,229,210,39.0,2024-09-25
INV02685,PROD0169,STR001,437,289,71,49.0,2025-07-08
INV02686,PROD0233,STR015,245,23,377,58.0,2024-02-08
INV02687,PROD0007,STR014,159,154,159,67.0,2024-02-29
INV02688,PROD0022,STR006,424,242,356,23.0,2024-05-09
INV02689,PROD0114,STR015,85,25,127,64.0,2025-10-19
INV02690,PROD0078,STR010,208,50,157,53.0,2025-01-04
INV02691,PROD0004,STR010,499,35,284,43.0,2024-05-30
INV02692,PROD0233,STR001,228,208,292,48.0,2024-05-25
INV02693,PROD0136,STR013,420,204,19,22.0,2024-07-26
INV02694,PROD0056,STR006,216,58,250,31.0,2025-04-24
INV02695,PROD0159,STR009,325,257,347,77.0,2025-07-29
INV02696,PROD0225,STR009,86,188,20,79.0,2025-09-10
INV02697,PROD0004,STR015,428,194,343,43.0,2025-11-13
INV02698,PROD0085,STR002,292,64,216,13.0,2024-05-23
INV02699,PROD0191,STR002,481,258,261,62.0,2024-04-07
INV02700,PROD0116,STR008,429,177,92,39.0,2024-09-26
INV02701,PROD0140,STR004,92,65,120,42.0,2024-09-28
INV02702,PROD0157,STR007,185,150,100,22.0,2024-05-03
INV02703,PROD0210,STR014,58,36,395,76.0,2025-03-18
INV02704,PROD0169,STR006,28,160,384,28.0,2025-09-27
INV02705,PROD0230,STR013,328,217,179,42.0,2025-05-15
INV02706,PROD0068,STR008,120,197,351,36.0,2025-05-23
INV02707,PROD0023,STR010,371,60,364,35.0,2025-05-11
INV02708,PROD0197,STR002,230,132,337,58.0,2024-02-05
INV02709,PROD0156,STR013,211,240,338,33.0,2025-09-27
INV02710,PROD0176,STR012,390,266,39,57.0,2024-03-23
INV02711,PROD0133,STR004,91,41,51,63.0,2025-06-07
INV02712,PROD0119,STR004,200,193,258,52.0,2024-10-27
INV02713,PROD0194,STR002,213,252,193,16.0,2025-11-08
INV02714,PROD0234,STR015,345,90,44,21.0,2025-09-04
INV02715,PROD0150,STR003,107,245,364,19.0,2025-08-20
INV02716,PROD0042,STR004,159,10,99,17.0,2024-07-16
INV02717,PROD0243,STR009,34,101,83,32.0,2024-02-19
INV02718,PROD0040,STR006,29,200,1,22.0,2025-06-13
INV02719,PROD0193,STR009,95,115,39,10.0,2024-05-01
INV02720,PROD0198,STR011,484,49,264,52.0,2024-05-31
INV02721,PROD0145,STR006,105,46,163,26.0,2025-06-29
INV02722,PROD0246,STR015,59,252,365,78.0,2025-11-27
INV02723,PROD0183,STR001,146,152,265,39.0,2024-02-09
INV02724,PROD0163,STR007,156,152,365,40.0,2025-03-03
INV02725,PROD0224,STR011,462,285,219,24.0,2024-12-15
INV02726,PROD0041,STR011,490,216,75,10.0,2025-04-20
INV02727,PROD0052,STR004,83,70,21,14.0,2025-05-02
INV02728,PROD0045,STR001,115,214,92,16.0,2024-07-17
INV02729,PROD0049,STR012,370,112,71,27.0,2024-10-27
INV02730,PROD0098,STR004,54,274,300,41.0,2025-03-19
INV02731,PROD0086,STR012,438,130,342,30.0,2025-01-01
INV02732,PROD0130,STR012,276,136,311,51.0,2025-05-09
INV02733,PROD0240,STR014,312,93,189,15.0,2025-04-22
INV02734,PROD0209,STR002,202,284,82,15.0,2024-12-17
INV02735,PROD0087,STR014,218,44,129,27.0,2024-07-31
INV02736,PROD0058,STR008,213,287,243,45.0,2024-03-28
INV02737,PROD0189,STR015,423,245,160,49.0,2025-11-19
INV02738,PROD0025,STR014,63,185,245,13.0,2024-07-12
INV02739,PROD0188,STR009,208,175,85,55.0,2024-05-24
INV02740,PROD0227,STR013,211,209,316,68.0,2024-11-15
INV02741,PROD0101,STR007,74,169,139,78.0,2024-12-07
INV02742,PROD0025,STR007,266,122,28,22.0,2024-12-25
INV02743,PROD0099,STR004,349,216,220,14.0,2025-02-01
INV02744,PROD0057,STR005,80,224,50,23.0,2024-07-17
INV02745,PROD0089,STR015,465,167,243,42.0,2024-01-22
INV02746,PROD0129,STR007,63,70,61,18.0,2024-01-08
INV02747,PROD0092,STR002,314,226,242,31.0,2024-07-04
INV02748,PROD0107,STR015,398,126,302,30.0,2025-01-29
INV02749,PROD0102,STR001,352,205,1,49.0,2024-04-22
INV02750,PROD0007,STR005,231,31,36,47.0,2025-07-20
INV02751,PROD0011,STR002,146,202,244,24.0,2025-06-08
INV02752,PROD0096,STR006,440,263,194,12.0,2024-04-07
INV02753,PROD0075,STR011,255,13,37,32.0,2024-05-11
INV02754,PROD0170,STR006,353,197,273,53.0,2025-03-23
INV02755,PROD0050,STR010,119,134,228,19.0,2025-09-03
INV02756,PROD0187,STR011,319,33,302,59.0,2024-04-11
INV02757,PROD0214,STR005,391,54,268,26.0,2025-07-11
INV02758,PROD0090,STR012,314,268,124,34.0,2025-09-18
INV02759,PROD0225,STR015,412,176,11,32.0,2024-10-20
INV02760,PROD0055,STR005,482,190,267,24.0,2024-12-13
INV02761,PROD0097,STR009,335,247,175,38.0,2025-03-06
INV02762,PROD0246,STR005,499,5,48,58.0,2025-09-11
INV02763,PROD0189,STR003,239,237,169,14.0,2024-01-02
INV02764,PROD0100,STR009,235,47,290,17.0,2024-03-18
INV02765,PROD0243,STR006,345,274,332,34.0,2024-03-05
INV02766,PROD0067,STR005,143,96,19,58.0,2025-06-22
INV02767,PROD0200,STR014,430,54,228,31.0,2025-09-08
INV02768,PROD0046,STR006,26,163,360,51.0,2024-04-27
INV02769,PROD0192,STR003,236,116,355,27.0,2024-01-13
INV02770,PROD0012,STR005,284,50,124,64.0,2024-06-18
INV02771,PROD0189,STR011,137,82,103,54.0,2024-04-29
INV02772,PROD0186,STR012,138,266,391,29.0,2025-09-27
INV02773,PROD0032,STR010,184,271,34,48.0,2025-09-23
INV02774,PROD0061,STR010,341,238,288,27.0,2025-10-10
INV02775,PROD0030,STR003,457,239,24,78.0,2025-02-04
INV02776,PROD0173,STR005,62,168,362,78.0,2024-03-23
INV02777,PROD0211,STR001,54,250,156,55.0,2025-10-20
INV02778,PROD0117,STR002,194,176,373,54.0,2024-04-22
INV02779,PROD0208,STR013,310,119,259,52.0,2024-11-08
INV02780,PROD0116,STR004,36,246,378,17.0,2024-01-17
INV02781,PROD0106,STR014,345,33,238,70.0,2024-04-13
INV02782,PROD0094,STR015,49,23,314,75.0,2024-06-14
INV02783,PROD0125,STR015,27,114,181,56.0,2025-05-24
INV02784,PROD0140,STR012,97,210,10,67.0,2025-08-25
INV02785,PROD0230,STR008,376,260,98,16.0,2024-09-18
INV02786,PROD0166,STR008,443,8,191,64.0,2024-03-11
INV02787,PROD0059,STR002,310,108,125,43.0,2024-08-05
INV02788,PROD0085,STR010,82,102,92,73.0,2024-10-17
INV02789,PROD0035,STR014,215,210,185,18.0,2025-02-20
INV02790,PROD0219,STR010,159,32,236,39.0,2025-05-04
INV02791,PROD0114,STR009,428,262,285,40.0,2024-11-29
INV02792,PROD0116,STR002,320,14,42,56.0,2024-03-22
INV02793,PROD0222,STR001,68,64,120,20.0,2025-03-08
INV02794,PROD0007,STR013,186,208,21,72.0,2025-07-21
INV02795,PROD0121,STR003,68,11,192,21.0,2024-06-17
INV02796,PROD0134,STR003,492,61,360,49.0,2024-06-07
INV02797,PROD0016,STR009,171,112,282,44.0,2024-04-29
INV02798,PROD0148,STR010,257,49,2,23.0,2025-08-03
INV02799,PROD0151,STR010,164,113,377,66.0,2024-01-21
INV02800,PROD0140,STR014,164,90,158,70.0,2025-07-28
INV02801,PROD0156,STR012,446,179,260,34.0,2025-08-13
INV02802,PROD0026,STR009,220,213,103,38.0,2024-01-31
INV02803,PROD0170,STR003,337,113,365,35.0,2024-04-30
INV02804,PROD0201,STR003,299,91,94,23.0,2025-02-01
INV02805,PROD0212,STR001,298,294,149,74.0,2025-04-19
INV02806,PROD0242,STR008,62,259,43,39.0,2024-09-07
INV02807,PROD0225,STR006,52,146,71,73.0,2024-04-02
INV02808,PROD0168,STR010,118,261,30,54.0,2024-11-04
INV02809,PROD0122,STR008,121,83,362,54.0,2024-12-07
INV02810,PROD0190,STR004,366,226,328,30.0,2024-05-02
INV02811,PROD0051,STR005,424,153,334,13.0,2024-07-04
INV02812,PROD0203,STR007,384,165,124,75.0,2025-07-17
INV02813,PROD0212,STR005,314,61,335,17.0,2024-12-30
INV02814,PROD0199,STR007,158,143,190,47.0,2025-10-30
INV02815,PROD0114,STR001,23,247,187,57.0,2024-07-28
INV02816,PROD0138,STR007,364,25,71,75.0,2024-07-31
INV02817,PROD0030,STR006,177,268,313,33.0,2024-03-30
INV02818,PROD0018,STR002,197,274,172,61.0,2025-04-24
INV02819,PROD0043,STR012,132,20,284,65.0,2024-02-04
INV02820,PROD0122,STR015,62,198,61,58.0,2024-09-01
INV02821,PROD0178,STR002,224,117,343,56.0,2024-02-25
INV02822,PROD0042,STR009,79,5,171,55.0,2025-08-16
INV02823,PROD0215,STR008,321,161,136,62.0,2025-03-16
INV02824,PROD0124,STR010,390,214,216,12.0,2024-09-01
INV02825,PROD0054,STR014,161,106,378,11.0,2024-02-05
INV02826,PROD0027,STR004,185,6,321,43.0,2024-07-04
INV02827,PROD0221,STR011,280,137,260,10.0,2025-06-27
INV02828,PROD0125,STR012,398,242,191,39.0,2024-04-11
INV02829,PROD0002,STR012,245,268,85,14.0,2024-08-02
INV02830,PROD0090,STR007,91,16,164,15.0,2025-05-11
INV02831,PROD0242,STR008,163,22,88,50.0,2025-04-15
INV02832,PROD0065,STR009,198,76,271,41.0,2024-02-06
INV02833,PROD0214,STR006,455,203,130,31.0,2024-08-09
INV02834,PROD0015,STR004,407,73,29,55.0,2025-09-18
INV02835,PROD0010,STR011,21,61,356,63.0,2024-03-04
INV02836,PROD0054,STR006,25,137,388,50.0,2025-01-21
INV02837,PROD0140,STR004,215,39,274,54.0,2024-10-23
INV02838,PROD0041,STR006,110,193,144,44.0,2025-05-27
INV02839,PROD0122,STR004,256,124,83,31.0,2024-08-19
INV02840,PROD0177,STR009,443,111,297,26.0,2025-03-16
INV02841,PROD0176,STR004,442,157,185,25.0,2025-05-20
INV02842,PROD0029,STR007,74,293,186,69.0,2025-06-21
INV02843,PROD0110,STR005,160,269,64,35.0,2024-12-21
INV02844,PROD0042,STR008,473,37,114,59.0,2024-07-22
INV02845,PROD0086,STR004,72,177,56,62.0,2025-01-23
INV02846,PROD0217,STR001,313,35,249,21.0,2024-11-24
INV02847,PROD0046,STR006,452,237,71,47.0,2025-02-06
INV02848,PROD0220,STR012,178,161,349,24.0,2024-07-24
INV02849,PROD0010,STR002,174,179,102,32.0,2024-05-03
INV02850,PROD0056,STR015,98,157,324,54.0,2025-10-24
INV02851,PROD0126,STR008,219,274,312,49.0,2024-06-29
INV02852,PROD0002,STR008,232,1,73,67.0,2025-02-19
INV02853,PROD0135,STR010,240,149,162,60.0,2024-02-15
INV02854,PROD0150,STR005,103,136,97,46.0,2025-03-02
INV02855,PROD0218,STR007,253,102,282,56.0,2024-03-22
INV02856,PROD0059,STR004,391,76,351,18.0,2024-09-08
INV02857,PROD0088,STR011,374,214,171,19.0,2025-01-28
INV02858,PROD0082,STR008,416,259,153,13.0,2024-01-27
INV02859,PROD0028,STR003,165,23,213,51.0,2024-07-05
INV02860,PROD0041,STR012,156,286,108,47.0,2024-03-18
INV02861,PROD0241,STR007,34,256,309,36.0,2024-11-07
INV02862,PROD0053,STR013,354,149,165,14.0,2024-05-22
INV02863,PROD0006,STR010,285,222,284,22.0,2025-01-19
INV02864,PROD0243,STR007,313,78,223,66.0,2024-11-20
INV02865,PROD0020,STR008,231,292,101,62.0,2024-10-13
INV02866,PROD0071,STR007,115,241,274,73.0,2025-01-15
INV02867,PROD0025,STR004,356,213,384,37.0,2025-10-23
INV02868,PROD0216,STR015,30,222,190,70.0,2025-07-11
INV02869,PROD0086,STR009,205,217,325,54.0,2025-02-11
INV02870,PROD0027,STR014,453,105,256,41.0,2025-07-13
INV02871,PROD0004,STR011,148,87,208,50.0,2025-07-06
INV02872,PROD0019,STR003,366,110,296,40.0,2024-02-10
INV02873,PROD0115,STR002,132,44,196,63.0,2025-09-10
INV02874,PROD0056,STR010,440,122,147,18.0,2024-06-09
INV02875,PROD0231,STR005,455,156,92,60.0,2024-04-30
INV02876,PROD0068,STR013,436,110,306,41.0,2025-05-01
INV02877,PROD0185,STR010,351,25,115,63.0,2025-08-28
INV02878,PROD0038,STR009,142,263,215,35.0,2025-11-24
INV02879,PROD0203,STR008,39,73,295,39.0,2024-08-06
INV02880,PROD0057,STR003,380,228,310,46.0,2024-11-27
INV02881,PROD0184,STR001,447,191,107,19.0,2024-06-15
INV02882,PROD0162,STR006,366,271,289,32.0,2024-04-18
INV02883,PROD0179,STR001,374,266,270,28.0,2024-04-19
INV02884,PROD0078,STR010,463,181,162,40.0,2024-10-11
INV02885,PROD0228,STR012,242,100,116,67.0,2024-10-19
INV02886,PROD0012,STR013,331,3,95,50.0,2024-05-05
INV02887,PROD0036,STR006,95,41,140,67.0,2024-07-01
INV02888,PROD0245,STR009,354,263,270,12.0,2025-03-30
INV02889,PROD0088,STR009,299,4,257,19.0,2025-01-27
INV02890,PROD0121,STR011,319,234,248,32.0,2025-07-14
INV02891,PROD0115,STR001,136,214,123,25.0,2025-11-21
INV02892,PROD0042,STR012,149,62,268,21.0,2025-07-09
INV02893,PROD0198,STR003,442,42,267,39.0,2025-11-06
INV02894,PROD0036,STR013,185,27,6,65.0,2024-11-19
INV02895,PROD0158,STR010,484,132,255,54.0,2024-01-05
INV02896,PROD0169,STR006,44,192,275,67.0,2025-06-25
INV02897,PROD0198,STR001,444,169,60,75.0,2024-12-21
INV02898,PROD0249,STR010,109,72,249,27.0,2025-10-20
INV02899,PROD0027,STR013,26,182,174,19.0,2024-11-13
INV02900,PROD0088,STR007,47,276,123,19.0,2025-06-25
INV02901,PROD0134,STR008,326,102,188,49.0,2025-07-10
INV02902,PROD0085,STR013,47,148,52,50.0,2025-05-04
INV02903,PROD0091,STR002,353,71,212,65.0,2025-04-08
INV02904,PROD0089,STR015,323,161,340,31.0,2025-07-23
INV02905,PROD0241,STR006,121,219,116,28.0,2025-02-13
INV02906,PROD0112,STR013,119,188,224,54.0,2024-11-13
INV02907,PROD0164,STR010,50,73,73,23.0,2024-08-22
INV02908,PROD0006,STR012,314,30,152,12.0,2024-01-22
INV02909,PROD0161,STR011,79,51,386,25.0,2025-11-06
INV02910,PROD0149,STR010,217,231,129,37.0,2024-08-28
INV02911,PROD0140,STR003,93,169,323,57.0,2024-09-28
INV02912,PROD0163,STR013,120,293,157,46.0,2025-03-29
INV02913,PROD0094,STR005,131,95,339,51.0,2024-07-18
INV02914,PROD0035,STR001,463,204,199,16.0,2024-02-23
INV02915,PROD0073,STR008,356,22,47,63.0,2025-02-16
INV02916,PROD0083,STR004,321,237,249,48.0,2024-11-18
INV02917,PROD0061,STR006,239,57,75,75.0,2024-01-25
INV02918,PROD0191,STR001,271,83,216,13.0,2025-06-05
INV02919,PROD0058,STR013,94,162,28,72.0,2024-11-18
INV02920,PROD0213,STR014,96,124,375,23.0,2024-11-10
INV02921,PROD0233,STR007,102,198,377,18.0,2024-02-11
INV02922,PROD0221,STR013,77,279,40,68.0,2024-12-03
INV02923,PROD0105,STR010,313,236,399,23.0,2025-05-23
INV02924,PROD0019,STR015,42,196,151,74.0,2024-09-02
INV02925,PROD0100,STR004,70,65,156,28.0,2024-11-04
INV02926,PROD0070,STR014,128,146,38,60.0,2025-07-13
INV02927,PROD0056,STR013,78,196,293,64.0,2024-09-10
INV02928,PROD0113,STR011,116,50,28,78.0,2025-02-16
INV02929,PROD0225,STR005,290,28,28,62.0,2025-03-12
INV02930,PROD0240,STR015,304,35,17,52.0,2024-07-07
INV02931,PROD0240,STR006,384,277,105,57.0,2025-03-25
INV02932,PROD0133,STR006,453,45,162,47.0,2025-01-06
INV02933,PROD0066,STR001,302,217,166,76.0,2024-01-05
INV02934,PROD0021,STR011,162,180,112,62.0,2024-11-18
INV02935,PROD0139,STR002,383,47,192,72.0,2024-02-13
INV02936,PROD0205,STR009,384,119,254,42.0,2025-07-25
INV02937,PROD0184,STR002,247,233,156,39.0,2024-11-28
INV02938,PROD0003,STR008,343,200,343,21.0,2024-08-15
INV02939,PROD0228,STR007,306,106,41,13.0,2025-07-23
INV02940,PROD0215,STR002,237,127,155,52.0,2024-05-23
INV02941,PROD0181,STR014,455,67,210,12.0,2025-05-18
INV02942,PROD0174,STR013,168,164,150,19.0,2025-10-08
INV02943,PROD0176,STR004,457,292,284,13.0,2024-09-01
INV02944,PROD0104,STR003,325,126,206,35.0,2025-09-28
INV02945,PROD0114,STR001,212,67,303,35.0,2025-02-07
INV02946,PROD0175,STR015,78,116,280,47.0,2024-06-21
INV02947,PROD0040,STR010,174,28,234,44.0,2025-09-01
INV02948,PROD0028,STR011,242,273,280,29.0,2024-12-16
INV02949,PROD0249,STR006,409,255,325,62.0,2025-01-21
INV02950,PROD0012,STR013,83,174,269,25.0,2024-10-26
INV02951,PROD0148,STR010,462,44,356,69.0,2025-01-13
INV02952,PROD0148,STR003,221,268,363,20.0,2024-03-31
INV02953,PROD0018,STR010,462,167,44,16.0,2025-10-23
INV02954,PROD0159,STR010,312,107,306,17.0,2024-05-17
INV02955,PROD0110,STR013,49,63,276,22.0,2024-12-04
INV02956,PROD0112,STR014,200,207,262,57.0,2025-10-04
INV02957,PROD0210,STR003,129,148,100,35.0,2024-01-16
INV02958,PROD0029,STR006,206,270,340,76.0,2025-10-17
INV02959,PROD0222,STR012,394,257,293,69.0,2024-11-23
INV02960,PROD0030,STR009,165,216,22,44.0,2025-03-24
INV02961,PROD0030,STR004,470,187,27,22.0,2025-01-16
INV02962,PROD0229,STR002,236,297,91,15.0,2025-03-26
INV02963,PROD0210,STR006,183,246,125,54.0,2025-09-26
INV02964,PROD0095,STR011,394,176,364,54.0,2025-10-19
INV02965,PROD0174,STR001,277,220,344,72.0,2024-03-25
INV02966,PROD0148,STR013,95,86,93,65.0,2024-09-14
INV02967,PROD0209,STR003,490,256,74,11.0,2024-09-16
INV02968,PROD0093,STR005,24,81,232,26.0,2024-02-27
INV02969,PROD0124,STR001,319,103,190,13.0,2024-09-11
INV02970,PROD0190,STR005,46,89,392,31.0,2025-07-15
INV02971,PROD0073,STR014,301,243,62,60.0,2025-04-10
INV02972,PROD0220,STR010,163,194,188,74.0,2025-10-30
INV02973,PROD0203,STR001,319,115,396,72.0,2024-04-15
INV02974,PROD0198,STR013,275,135,172,47.0,2025-06-13
INV02975,PROD0112,STR008,52,181,47,19.0,2024-02-01
INV02976,PROD0227,STR001,196,234,192,15.0,2024-06-09
INV02977,PROD0093,STR012,458,189,261,32.0,2025-02-06
INV02978,PROD0220,STR014,337,225,321,49.0,2024-08-05
INV02979,PROD0185,STR015,196,66,23,48.0,2024-04-05
INV02980,PROD0075,STR012,347,216,389,32.0,2024-02-15
INV02981,PROD0161,STR009,318,117,267,76.0,2025-02-26
INV02982,PROD0167,STR013,65,106,141,45.0,2025-04-15
INV02983,PROD0124,STR009,329,185,169,79.0,2024-09-02
INV02984,PROD0250,STR001,302,46,196,63.0,2025-05-28
INV02985,PROD0093,STR009,80,215,40,45.0,2024-06-15
INV02986,PROD0033,STR011,74,185,70,43.0,2025-05-07
INV02987,PROD0205,STR015,270,176,243,43.0,2025-02-14
INV02988,PROD0137,STR012,411,274,246,40.0,2025-09-11
INV02989,PROD0027,STR001,205,18,59,41.0,2025-09-21
INV02990,PROD0246,STR008,344,191,13,34.0,2024-04-04
INV02991,PROD0176,STR005,233,90,374,40.0,2025-05-22
INV02992,PROD0133,STR004,108,150,173,29.0,2025-08-04
INV02993,PROD0167,STR008,193,229,44,11.0,2025-03-22
INV02994,PROD0088,STR007,132,274,261,53.0,2025-05-31
INV02995,PROD0035,STR013,186,65,345,47.0,2025-11-02
INV02996,PROD0212,STR012,97,187,65,78.0,2024-08-29
INV02997,PROD0128,STR006,23,259,133,45.0,2024-12-09
INV02998,PROD0036,STR012,303,142,50,15.0,2025-01-13
INV02999,PROD0047,STR006,362,225,37,72.0,2024-05-24
INV03000,PROD0181,STR004,252,286,214,30.0,2025-01-02
INV03001,PROD0106,STR014,60,55,213,52.0,2024-04-17
INV03002,PROD0123,STR009,288,110,204,10.0,2025-10-26
INV03003,PROD0002,STR007,307,26,130,23.0,2024-02-13
INV03004,PROD0084,STR014,369,133,295,69.0,2024-12-31
INV03005,PROD0069,STR011,315,263,24,53.0,2024-10-15
INV03006,PROD0137,STR005,172,152,23,18.0,2025-05-26
INV03007,PROD0063,STR013,361,299,234,26.0,2024-05-25
INV03008,PROD0073,STR008,312,57,307,37.0,2025-05-13
INV03009,PROD0115,STR007,21,41,36,67.0,2025-01-23
INV03010,PROD0170,STR012,444,257,163,65.0,2024-02-01
INV03011,PROD0004,STR007,275,170,33,61.0,2024-12-25
INV03012,PROD0121,STR012,298,278,113,66.0,2025-02-16
INV03013,PROD0086,STR009,464,257,86,43.0,2024-05-13
INV03014,PROD0148,STR013,461,154,223,60.0,2025-11-24
INV03015,PROD0133,STR013,435,282,26,54.0,2025-01-13
INV03016,PROD0141,STR002,492,152,343,79.0,2025-01-30
INV03017,PROD0037,STR007,434,26,170,65.0,2024-11-22
INV03018,PROD0170,STR005,103,102,204,75.0,2024-10-14
INV03019,PROD0217,STR003,59,144,182,77.0,2025-03-25
INV03020,PROD0102,STR003,295,274,4,30.0,2024-05-12
INV03021,PROD0186,STR001,169,237,22,37.0,2024-06-21
INV03022,PROD0083,STR006,50,55,387,65.0,2025-01-19
INV03023,PROD0055,STR012,37,65,16,77.0,2025-06-04
INV03024,PROD0186,STR002,181,84,140,18.0,2024-12-02
INV03025,PROD0196,STR013,483,133,331,65.0,2024-12-28
INV03026,PROD0069,STR012,123,245,142,15.0,2025-06-30
INV03027,PROD0132,STR011,272,164,7,48.0,2025-07-13
INV03028,PROD0142,STR014,328,73,69,30.0,2024-02-05
INV03029,PROD0210,STR006,51,53,178,35.0,2024-01-24
INV03030,PROD0065,STR011,53,67,385,64.0,2024-03-09
INV03031,PROD0099,STR004,454,226,337,10.0,2024-05-26
INV03032,PROD0101,STR013,431,171,105,18.0,2024-02-21
INV03033,PROD0163,STR013,62,178,99,31.0,2024-05-29
INV03034,PROD0081,STR011,140,111,372,22.0,2024-03-27
INV03035,PROD0008,STR001,486,93,210,61.0,2024-07-11
INV03036,PROD0234,STR002,75,21,157,26.0,2025-07-27
INV03037,PROD0172,STR005,321,93,262,35.0,2024-08-06
INV03038,PROD0050,STR005,425,92,62,19.0,2025-05-13
INV03039,PROD0108,STR014,272,58,177,39.0,2024-06-07
INV03040,PROD0151,STR004,276,26,362,20.0,2025-04-27
INV03041,PROD0104,STR003,290,133,66,67.0,2024-11-18
INV03042,PROD0135,STR005,417,46,281,77.0,2025-11-03
INV03043,PROD0126,STR009,241,192,349,76.0,2025-03-26
INV03044,PROD0113,STR001,454,103,168,32.0,2025-01-17
INV03045,PROD0155,STR001,379,223,141,76.0,2024-01-18
INV03046,PROD0176,STR011,72,201,126,29.0,2024-04-29
INV03047,PROD0224,STR010,313,276,73,35.0,2025-09-26
INV03048,PROD0054,STR010,127,283,228,25.0,2025-09-19
INV03049,PROD0226,STR013,336,37,87,52.0,2024-02-11
INV03050,PROD0206,STR003,379,118,273,77.0,2024-06-03
INV03051,PROD0086,STR013,435,169,162,62.0,2024-10-20
INV03052,PROD0188,STR012,297,45,32,70.0,2025-11-06
INV03053,PROD0037,STR014,276,297,344,46.0,2025-07-24
INV03054,PROD0092,STR008,233,90,206,35.0,2024-05-16
INV03055,PROD0229,STR008,332,148,217,54.0,2024-11-02
INV03056,PROD0142,STR008,495,47,250,41.0,2025-10-04
INV03057,PROD0158,STR008,69,178,382,56.0,2025-10-16
INV03058,PROD0140,STR006,365,201,358,53.0,2025-09-07
INV03059,PROD0079,STR011,462,276,231,48.0,2024-02-01
INV03060,PROD0005,STR010,376,76,317,48.0,2024-05-25
INV03061,PROD0040,STR005,374,156,69,74.0,2024-11-08
INV03062,PROD0152,STR012,173,32,251,10.0,2025-04-27
INV03063,PROD0213,STR002,303,174,253,54.0,2024-10-21
INV03064,PROD0136,STR003,233,185,272,11.0,2025-06-27
INV03065,PROD0008,STR007,52,62,159,43.0,2024-02-28
INV03066,PROD0075,STR005,342,63,116,11.0,2024-03-14
INV03067,PROD0040,STR004,230,82,147,37.0,2024-08-11
INV03068,PROD0225,STR009,479,75,102,56.0,2024-08-13
INV03069,PROD0156,STR007,31,122,13,29.0,2024-04-26
INV03070,PROD0165,STR001,439,0,24,73.0,2025-02-10
INV03071,PROD0177,STR010,109,185,139,70.0,2024-06-29
INV03072,PROD0122,STR014,248,155,217,64.0,2024-01-24
INV03073,PROD0149,STR009,162,202,399,60.0,2025-08-22
INV03074,PROD0240,STR004,331,152,109,23.0,2025-01-04
INV03075,PROD0204,STR009,353,252,57,35.0,2025-02-20
INV03076,PROD0182,STR011,257,41,389,42.0,2024-08-21
INV03077,PROD0035,STR006,67,183,312,27.0,2025-06-03
INV03078,PROD0077,STR015,211,229,301,23.0,2024-07-27
INV03079,PROD0136,STR007,453,175,390,12.0,2024-02-20
INV03080,PROD0199,STR001,407,67,31,16.0,2024-04-14
INV03081,PROD0178,STR008,125,29,149,12.0,2025-06-25
INV03082,PROD0112,STR010,406,260,17,60.0,2024-02-01
INV03083,PROD0245,STR002,220,154,6,79.0,2024-01-14
INV03084,PROD0088,STR009,229,230,102,32.0,2025-03-16
INV03085,PROD0044,STR004,237,67,308,45.0,2025-06-07
INV03086,PROD0072,STR012,252,20,203,32.0,2025-06-04
INV03087,PROD0227,STR008,418,229,312,21.0,2024-04-15
INV03088,PROD0003,STR012,285,64,394,77.0,2025-07-30
INV03089,PROD0141,STR003,184,151,90,33.0,2024-11-12
INV03090,PROD0055,STR012,323,126,157,21.0,2025-05-24
INV03091,PROD0177,STR003,107,29,326,74.0,2025-10-06
INV03092,PROD0164,STR009,333,228,130,79.0,2024-09-02
INV03093,PROD0204,STR011,240,4,379,77.0,2024-06-16
INV03094,PROD0204,STR007,100,254,334,70.0,2024-12-05
INV03095,PROD0044,STR011,22,292,77,17.0,2024-07-23
INV03096,PROD0158,STR009,375,133,338,14.0,2025-04-01
INV03097,PROD0130,STR014,219,95,129,49.0,2025-11-23
INV03098,PROD0053,STR007,258,174,114,71.0,2024-01-26
INV03099,PROD0239,STR006,479,263,334,77.0,2025-11-09
INV03100,PROD0220,STR005,42,208,197,53.0,2025-07-28
INV03101,PROD0093,STR014,209,90,216,41.0,2025-07-01
INV03102,PROD0023,STR006,458,271,261,38.0,2024-12-29
INV03103,PROD0225,STR014,267,177,253,40.0,2024-06-02
INV03104,PROD0129,STR005,413,166,41,38.0,2025-10-16
INV03105,PROD0084,STR006,54,127,315,75.0,2024-06-10
INV03106,PROD0086,STR004,275,90,212,26.0,2024-11-19
INV03107,PROD0112,STR009,148,8,288,53.0,2025-01-30
INV03108,PROD0003,STR008,182,235,121,71.0,2024-06-15
INV03109,PROD0101,STR008,184,145,50,34.0,2025-03-20
INV03110,PROD0120,STR014,252,261,378,48.0,2025-10-26
INV03111,PROD0138,STR010,143,294,247,48.0,2024-11-27
INV03112,PROD0245,STR015,86,9,185,59.0,2024-08-05
INV03113,PROD0075,STR007,424,286,298,53.0,2025-11-13
INV03114,PROD0230,STR007,116,187,169,17.0,2025-08-23
INV03115,PROD0160,STR002,134,185,229,64.0,2024-02-19
INV03116,PROD0023,STR007,240,229,90,71.0,2024-08-15
INV03117,PROD0220,STR004,149,139,398,70.0,2025-08-16
INV03118,PROD0022,STR008,156,71,207,14.0,2025-04-27
INV03119,PROD0180,STR008,128,142,68,20.0,2024-08-14
INV03120,PROD0156,STR003,383,236,348,11.0,2024-04-06
INV03121,PROD0137,STR011,24,198,205,56.0,2024-09-26
INV03122,PROD0204,STR007,208,239,137,17.0,2024-02-22
INV03123,PROD0149,STR010,423,54,178,13.0,2025-06-01
INV03124,PROD0070,STR009,452,218,333,79.0,2025-04-07
INV03125,PROD0217,STR011,392,265,139,50.0,2024-10-02
INV03126,PROD0091,STR006,454,123,230,26.0,2025-07-03
INV03127,PROD0182,STR005,463,174,307,27.0,2024-07-15
INV03128,PROD0094,STR013,148,212,0,63.0,2024-11-29
INV03129,PROD0092,STR007,452,31,233,46.0,2025-07-10
INV03130,PROD0249,STR006,459,177,382,38.0,2024-11-05
INV03131,PROD0069,STR005,26,122,362,49.0,2025-10-19
INV03132,PROD0115,STR013,318,182,319,45.0,2024-06-25
INV03133,PROD0209,STR002,364,26,211,65.0,2025-07-27
INV03134,PROD0124,STR014,52,245,118,73.0,2025-11-17
INV03135,PROD0059,STR015,173,267,50,50.0,2024-03-11
INV03136,PROD0149,STR004,246,274,300,28.0,2024-12-17
INV03137,PROD0007,STR002,406,259,220,32.0,2024-05-28
INV03138,PROD0135,STR007,20,161,312,22.0,2024-05-03
INV03139,PROD0162,STR004,367,245,200,66.0,2025-08-30
INV03140,PROD0024,STR015,449,167,39,45.0,2025-11-07
INV03141,PROD0207,STR005,364,268,300,61.0,2025-01-10
INV03142,PROD0158,STR006,125,24,200,23.0,2025-09-10
INV03143,PROD0123,STR010,343,86,87,19.0,2024-07-06
INV03144,PROD0201,STR003,24,208,106,27.0,2025-05-09
INV03145,PROD0240,STR002,195,268,84,14.0,2024-03-06
INV03146,PROD0166,STR012,383,105,299,68.0,2024-03-31
INV03147,PROD0020,STR004,344,106,267,13.0,2025-02-03
INV03148,PROD0145,STR001,192,46,375,39.0,2025-10-18
INV03149,PROD0222,STR002,262,231,167,16.0,2025-08-10
INV03150,PROD0151,STR014,366,263,327,24.0,2025-11-12
INV03151,PROD0173,STR008,282,64,80,76.0,2025-05-15
INV03152,PROD0214,STR003,216,224,171,26.0,2025-10-19
INV03153,PROD0158,STR007,149,258,273,54.0,2025-04-04
INV03154,PROD0226,STR005,235,143,324,52.0,2025-04-26
INV03155,PROD0092,STR013,256,204,77,77.0,2024-08-11
INV03156,PROD0071,STR015,32,131,372,31.0,2024-01-27
INV03157,PROD0162,STR008,330,81,197,74.0,2024-05-27
INV03158,PROD0192,STR008,98,287,374,33.0,2025-06-23
INV03159,PROD0111,STR011,338,277,114,46.0,2024-03-06
INV03160,PROD0215,STR009,240,282,6,43.0,2024-05-09
INV03161,PROD0158,STR009,262,192,213,30.0,2024-03-28
INV03162,PROD0024,STR006,287,299,120,23.0,2025-01-01
INV03163,PROD0140,STR014,156,281,205,66.0,2025-03-17
INV03164,PROD0082,STR008,457,255,251,28.0,2024-12-23
INV03165,PROD0131,STR014,40,56,244,16.0,2025-10-22
INV03166,PROD0026,STR001,246,160,92,10.0,2025-07-31
INV03167,PROD0102,STR004,143,271,126,24.0,2024-04-05
INV03168,PROD0006,STR007,221,193,330,24.0,2024-07-23
INV03169,PROD0114,STR015,384,237,176,40.0,2024-01-18
INV03170,PROD0157,STR010,328,110,192,63.0,2024-09-15
INV03171,PROD0079,STR003,417,115,245,67.0,2024-10-12
INV03172,PROD0073,STR005,371,137,123,44.0,2025-10-29
INV03173,PROD0001,STR001,268,56,389,38.0,2025-01-19
INV03174,PROD0144,STR005,478,124,176,54.0,2025-04-05
INV03175,PROD0023,STR002,201,264,58,11.0,2024-02-16
INV03176,PROD0136,STR013,434,133,245,16.0,2025-01-17
INV03177,PROD0188,STR004,428,159,13,61.0,2025-09-25
INV03178,PROD0093,STR011,138,196,145,79.0,2025-07-15
INV03179,PROD0216,STR009,154,275,129,75.0,2025-09-09
INV03180,PROD0036,STR002,468,116,183,75.0,2024-10-13
INV03181,PROD0237,STR008,423,285,111,64.0,2025-01-10
INV03182,PROD0108,STR001,396,157,67,75.0,2025-08-11
INV03183,PROD0157,STR010,113,170,384,48.0,2024-08-01
INV03184,PROD0179,STR008,74,111,31,11.0,2024-05-15
INV03185,PROD0250,STR009,350,5,106,15.0,2025-06-03
INV03186,PROD0210,STR008,255,251,178,17.0,2024-04-17
INV03187,PROD0145,STR003,65,5,165,68.0,2024-07-23
INV03188,PROD0088,STR008,194,16,338,42.0,2024-08-26
INV03189,PROD0133,STR006,111,39,124,23.0,2024-09-29
INV03190,PROD0178,STR013,467,130,122,61.0,2025-02-10
INV03191,PROD0022,STR012,27,178,268,78.0,2025-11-19
INV03192,PROD0059,STR003,87,279,272,31.0,2024-10-10
INV03193,PROD0109,STR015,307,235,349,75.0,2024-10-12
INV03194,PROD0176,STR006,37,287,176,11.0,2024-05-13
INV03195,PROD0011,STR015,422,255,30,53.0,2024-12-02
INV03196,PROD0014,STR013,410,195,2,49.0,2024-06-19
INV03197,PROD0137,STR010,148,111,62,41.0,2024-09-19
INV03198,PROD0193,STR012,456,220,138,78.0,2025-04-11
INV03199,PROD0202,STR010,316,28,340,56.0,2025-04-29
INV03200,PROD0172,STR004,187,144,389,12.0,2025-04-30
INV03201,PROD0123,STR002,145,161,186,64.0,2024-02-22
INV03202,PROD0172,STR004,246,76,192,12.0,2024-08-16
INV03203,PROD0117,STR006,336,66,100,36.0,2025-11-17
INV03204,PROD0141,STR002,22,138,173,60.0,2024-01-08
INV03205,PROD0166,STR006,235,69,318,76.0,2024-06-21
INV03206,PROD0084,STR006,81,18,274,15.0,2025-07-31
INV03207,PROD0166,STR007,206,111,211,60.0,2024-12-10
INV03208,PROD0209,STR011,461,223,245,72.0,2024-01-13
INV03209,PROD0201,STR008,224,27,95,11.0,2025-11-16
INV03210,PROD0099,STR002,20,151,32,16.0,2025-11-28
INV03211,PROD0167,STR013,299,100,115,49.0,2025-07-09
INV03212,PROD0022,STR003,344,238,83,66.0,2024-01-09
INV03213,PROD0214,STR001,398,66,3,22.0,2024-02-19
INV03214,PROD0150,STR011,315,139,292,56.0,2024-06-16
INV03215,PROD0191,STR011,449,210,159,59.0,2025-01-21
INV03216,PROD0161,STR004,291,131,360,13.0,2025-08-03
INV03217,PROD0172,STR002,217,0,279,45.0,2024-06-11
INV03218,PROD0226,STR003,348,114,158,74.0,2025-03-19
INV03219,PROD0221,STR012,96,122,79,65.0,2025-04-30
INV03220,PROD0202,STR004,234,58,268,37.0,2024-09-06
INV03221,PROD0074,STR015,266,243,315,52.0,2024-03-22
INV03222,PROD0190,STR011,498,85,286,19.0,2024-11-08
INV03223,PROD0162,STR002,318,52,297,12.0,2025-07-03
INV03224,PROD0206,STR002,81,143,210,31.0,2024-05-07
INV03225,PROD0195,STR013,84,261,167,26.0,2025-03-27
INV03226,PROD0145,STR012,180,34,21,34.0,2025-02-23
INV03227,PROD0103,STR015,350,207,66,64.0,2024-03-23
INV03228,PROD0227,STR013,411,60,37,53.0,2024-03-11
INV03229,PROD0193,STR001,292,91,208,42.0,2025-01-14
INV03230,PROD0071,STR003,84,248,308,39.0,2024-09-14
INV03231,PROD0042,STR005,377,60,319,49.0,2025-01-30
INV03232,PROD0154,STR008,262,236,71,65.0,2024-01-02
INV03233,PROD0078,STR008,60,116,172,18.0,2024-01-04
INV03234,PROD0030,STR006,127,35,256,49.0,2024-01-15
INV03235,PROD0175,STR002,54,289,323,77.0,2025-08-10
INV03236,PROD0205,STR013,191,27,263,37.0,2024-03-25
INV03237,PROD0235,STR015,27,133,118,21.0,2025-06-03
INV03238,PROD0023,STR001,329,104,163,69.0,2024-01-16
INV03239,PROD0147,STR008,108,195,128,34.0,2025-05-27
INV03240,PROD0018,STR012,232,198,265,47.0,2025-09-21
INV03241,PROD0073,STR003,351,11,295,16.0,2024-12-02
INV03242,PROD0162,STR006,380,174,225,26.0,2025-01-28
INV03243,PROD0069,STR004,464,244,118,21.0,2024-09-05
INV03244,PROD0225,STR004,83,121,188,35.0,2024-10-11
INV03245,PROD0132,STR007,310,53,202,49.0,2025-04-01
INV03246,PROD0206,STR009,144,26,242,65.0,2024-04-27
INV03247,PROD0090,STR015,434,39,289,70.0,2025-07-04
INV03248,PROD0249,STR011,252,269,100,55.0,2024-02-01
INV03249,PROD0053,STR004,457,209,77,57.0,2025-04-11
INV03250,PROD0042,STR001,498,137,255,18.0,2025-04-08
INV03251,PROD0172,STR013,335,87,239,73.0,2024-11-25
INV03252,PROD0056,STR007,52,23,66,70.0,2024-03-01
INV03253,PROD0004,STR005,30,188,186,25.0,2024-09-11
INV03254,PROD0233,STR006,259,90,361,20.0,2024-12-05
INV03255,PROD0024,STR005,210,221,324,60.0,2024-06-28
INV03256,PROD0051,STR003,131,68,341,48.0,2025-02-09
INV03257,PROD0041,STR006,383,133,176,77.0,2025-11-09
INV03258,PROD0187,STR007,386,46,381,68.0,2024-09-19
INV03259,PROD0115,STR005,44,35,79,68.0,2024-05-02
INV03260,PROD0105,STR008,236,261,209,51.0,2025-07-14
INV03261,PROD0210,STR011,292,96,331,60.0,2025-03-08
INV03262,PROD0221,STR001,245,118,171,72.0,2024-05-21
INV03263,PROD0131,STR005,161,200,242,63.0,2024-02-26
INV03264,PROD0053,STR001,383,298,208,39.0,2025-03-16
INV03265,PROD0052,STR008,481,211,200,77.0,2024-03-28
INV03266,PROD0069,STR001,264,31,377,58.0,2024-09-11
INV03267,PROD0084,STR009,142,233,93,30.0,2024-06-11
INV03268,PROD0159,STR003,122,21,179,63.0,2025-06-26
INV03269,PROD0078,STR005,103,156,396,34.0,2025-07-22
INV03270,PROD0146,STR015,307,55,24,62.0,2024-11-25
INV03271,PROD0016,STR013,230,123,137,60.0,2024-11-29
INV03272,PROD0002,STR014,238,192,287,66.0,2025-06-07
INV03273,PROD0075,STR014,331,276,101,77.0,2024-09-21
INV03274,PROD0033,STR003,160,67,328,34.0,2024-11-28
INV03275,PROD0102,STR011,31,90,312,28.0,2024-10-05
INV03276,PROD0051,STR004,174,147,81,73.0,2025-06-09
INV03277,PROD0099,STR014,190,134,390,14.0,2025-02-25
INV03278,PROD0159,STR006,242,162,162,51.0,2024-09-13
INV03279,PROD0239,STR012,35,61,226,79.0,2025-03-23
INV03280,PROD0049,STR004,492,161,63,64.0,2025-10-29
INV03281,PROD0207,STR010,82,49,147,54.0,2024-05-07
INV03282,PROD0006,STR010,363,124,61,11.0,2024-05-24
INV03283,PROD0006,STR001,356,94,137,38.0,2024-06-01
INV03284,PROD0229,STR002,409,146,385,60.0,2024-07-29
INV03285,PROD0079,STR005,128,276,257,73.0,2025-05-15
INV03286,PROD0230,STR005,499,159,223,33.0,2024-10-01
INV03287,PROD0025,STR003,482,154,146,26.0,2024-07-05
INV03288,PROD0110,STR005,217,172,9,28.0,2025-11-30
INV03289,PROD0055,STR001,344,170,72,18.0,2024-09-18
INV03290,PROD0053,STR003,470,12,220,54.0,2025-06-30
INV03291,PROD0234,STR008,116,267,296,66.0,2024-02-24
INV03292,PROD0128,STR015,131,127,38,19.0,2024-10-03
INV03293,PROD0211,STR006,247,251,220,43.0,2024-08-01
INV03294,PROD0151,STR010,78,134,93,16.0,2025-05-07
INV03295,PROD0057,STR014,374,37,325,45.0,2025-03-05
INV03296,PROD0202,STR010,37,170,242,52.0,2024-05-25
INV03297,PROD0030,STR014,218,141,150,66.0,2024-08-31
INV03298,PROD0236,STR005,25,78,203,57.0,2025-03-25
INV03299,PROD0035,STR002,362,104,24,45.0,2024-01-17
INV03300,PROD0096,STR002,346,108,292,51.0,2025-07-17
INV03301,PROD0041,STR015,104,99,355,56.0,2024-02-20
INV03302,PROD0014,STR014,406,95,290,11.0,2025-10-27
INV03303,PROD0051,STR005,103,221,375,58.0,2024-11-03
INV03304,PROD0200,STR010,193,25,159,19.0,2025-10-16
INV03305,PROD0154,STR013,400,236,290,11.0,2025-06-10
INV03306,PROD0194,STR015,458,189,94,60.0,2025-07-02
INV03307,PROD0235,STR004,87,100,82,28.0,2024-08-14
INV03308,PROD0096,STR014,45,92,211,41.0,2025-09-22
INV03309,PROD0023,STR010,347,182,67,30.0,2025-09-16
INV03310,PROD0230,STR009,474,141,380,49.0,2024-07-31
INV03311,PROD0041,STR010,283,32,159,48.0,2024-05-26
INV03312,PROD0118,STR005,200,151,51,16.0,2025-07-06
INV03313,PROD0020,STR004,267,157,292,13.0,2024-08-22
INV03314,PROD0039,STR007,452,287,198,37.0,2024-12-22
INV03315,PROD0210,STR001,310,192,358,52.0,2025-11-26
INV03316,PROD0113,STR012,161,188,375,72.0,2025-04-16
INV03317,PROD0029,STR015,179,86,99,39.0,2024-03-18
INV03318,PROD0002,STR011,80,164,289,78.0,2025-03-10
INV03319,PROD0211,STR015,121,211,7,38.0,2025-10-29
INV03320,PROD0089,STR001,364,209,186,39.0,2024-07-30
INV03321,PROD0091,STR014,189,67,297,65.0,2024-08-06
INV03322,PROD0067,STR007,144,9,79,79.0,2024-10-30
INV03323,PROD0021,STR002,430,223,199,55.0,2024-05-23
INV03324,PROD0230,STR014,347,97,205,28.0,2025-03-22
INV03325,PROD0171,STR001,145,228,297,38.0,2024-01-06
INV03326,PROD0030,STR008,485,299,160,74.0,2024-04-15
INV03327,PROD0119,STR010,267,163,321,63.0,2025-04-10
INV03328,PROD0050,STR004,62,217,200,61.0,2025-11-29
INV03329,PROD0139,STR006,201,8,124,27.0,2025-04-17
INV03330,PROD0169,STR004,333,134,152,13.0,2024-09-30
INV03331,PROD0013,STR008,106,162,157,56.0,2024-08-28
INV03332,PROD0021,STR014,118,286,303,73.0,2024-11-02
INV03333,PROD0172,STR010,236,245,109,38.0,2024-01-22
INV03334,PROD0047,STR004,132,21,95,51.0,2024-02-26
INV03335,PROD0212,STR014,225,79,294,30.0,2025-08-12
INV03336,PROD0194,STR013,324,279,363,30.0,2024-10-03
INV03337,PROD0173,STR007,430,282,348,25.0,2024-06-28
INV03338,PROD0014,STR010,121,43,42,18.0,2025-04-27
INV03339,PROD0173,STR012,178,185,18,50.0,2025-03-02
INV03340,PROD0010,STR015,151,215,248,57.0,2024-03-27
INV03341,PROD0225,STR005,360,240,85,58.0,2024-08-20
INV03342,PROD0219,STR007,139,199,119,24.0,2024-03-27
INV03343,PROD0112,STR004,388,15,304,54.0,2025-03-16
INV03344,PROD0175,STR010,120,39,64,20.0,2025-02-18
INV03345,PROD0177,STR005,349,199,363,14.0,2025-10-22
INV03346,PROD0109,STR004,20,277,62,60.0,2025-01-15
INV03347,PROD0037,STR014,473,11,157,74.0,2024-04-19
INV03348,PROD0239,STR013,399,245,345,38.0,2025-11-11
INV03349,PROD0056,STR003,385,178,240,72.0,2024-08-10
INV03350,PROD0131,STR014,290,144,193,22.0,2025-05-23
INV03351,PROD0106,STR015,50,194,185,35.0,2025-03-25
INV03352,PROD0174,STR013,241,86,147,25.0,2024-06-10
INV03353,PROD0081,STR001,230,159,290,60.0,2024-06-24
INV03354,PROD0167,STR004,185,166,176,61.0,2025-10-03
INV03355,PROD0108,STR005,177,157,134,51.0,2025-11-15
INV03356,PROD0144,STR008,213,20,255,28.0,2024-02-21
INV03357,PROD0237,STR012,406,126,90,73.0,2024-04-19
INV03358,PROD0175,STR011,491,129,51,31.0,2025-08-03
INV03359,PROD0125,STR006,38,73,221,23.0,2025-11-08
INV03360,PROD0192,STR008,435,205,206,69.0,2024-08-31
INV03361,PROD0246,STR008,492,217,358,53.0,2024-10-28
INV03362,PROD0063,STR001,400,120,271,37.0,2024-06-21
INV03363,PROD0139,STR015,281,238,277,62.0,2025-06-19
INV03364,PROD0038,STR001,255,129,243,50.0,2025-04-12
INV03365,PROD0187,STR001,84,100,346,67.0,2025-03-06
INV03366,PROD0190,STR014,385,142,19,17.0,2024-07-14
INV03367,PROD0027,STR010,458,133,117,77.0,2024-07-11
INV03368,PROD0089,STR015,285,97,266,79.0,2024-10-24
INV03369,PROD0034,STR009,424,267,131,25.0,2025-11-28
INV03370,PROD0086,STR011,85,142,227,20.0,2025-11-04
INV03371,PROD0106,STR013,253,199,125,74.0,2024-05-15
INV03372,PROD0048,STR001,459,233,84,21.0,2024-08-31
INV03373,PROD0219,STR013,369,7,54,15.0,2024-03-15
INV03374,PROD0182,STR009,372,1,249,20.0,2025-05-01
INV03375,PROD0174,STR009,352,119,155,31.0,2024-05-05
INV03376,PROD0186,STR007,491,80,181,44.0,2024-07-23
INV03377,PROD0092,STR007,42,290,170,12.0,2025-09-26
INV03378,PROD0039,STR011,333,258,287,52.0,2025-08-06
INV03379,PROD0140,STR001,482,184,316,43.0,2025-07-07
INV03380,PROD0097,STR004,422,6,121,21.0,2025-06-05
INV03381,PROD0195,STR008,220,246,100,19.0,2025-03-19
INV03382,PROD0208,STR008,65,17,41,58.0,2024-12-11
INV03383,PROD0223,STR007,171,272,71,16.0,2025-01-10
INV03384,PROD0114,STR008,327,111,348,36.0,2024-04-25
INV03385,PROD0119,STR009,330,115,242,74.0,2024-12-03
INV03386,PROD0027,STR009,32,112,128,19.0,2024-05-12
INV03387,PROD0031,STR007,439,30,228,59.0,2024-06-15
INV03388,PROD0029,STR009,143,176,279,58.0,2024-03-10
INV03389,PROD0092,STR009,420,199,3,75.0,2024-06-22
INV03390,PROD0118,STR002,181,218,121,62.0,2025-04-15
INV03391,PROD0156,STR009,488,240,239,36.0,2025-04-27
INV03392,PROD0062,STR008,331,164,116,39.0,2025-03-13
INV03393,PROD0223,STR014,58,153,210,68.0,2025-05-06
INV03394,PROD0094,STR005,210,40,68,21.0,2025-10-17
INV03395,PROD0183,STR006,109,221,382,26.0,2025-11-14
INV03396,PROD0035,STR006,78,246,88,41.0,2024-10-18
INV03397,PROD0159,STR010,271,274,179,77.0,2024-12-22
INV03398,PROD0174,STR012,281,101,45,71.0,2025-11-19
INV03399,PROD0240,STR008,184,162,193,64.0,2024-12-12
INV03400,PROD0186,STR009,129,218,201,45.0,2024-06-06
INV03401,PROD0069,STR008,352,246,87,29.0,2025-04-10
INV03402,PROD0096,STR011,438,180,38,75.0,2024-04-29
INV03403,PROD0090,STR008,274,21,352,79.0,2024-01-16
INV03404,PROD0204,STR015,172,293,316,24.0,2024-11-24
INV03405,PROD0017,STR004,20,245,40,28.0,2025-08-29
INV03406,PROD0102,STR004,134,254,57,42.0,2024-08-19
INV03407,PROD0114,STR005,358,84,357,43.0,2024-03-17
INV03408,PROD0103,STR013,469,53,271,38.0,2024-08-25
INV03409,PROD0240,STR009,75,228,306,45.0,2024-01-13
INV03410,PROD0160,STR014,285,211,254,78.0,2024-01-03
INV03411,PROD0009,STR013,342,169,60,70.0,2024-02-17
INV03412,PROD0247,STR003,488,2,165,53.0,2024-08-07
INV03413,PROD0139,STR010,443,83,397,58.0,2024-05-23
INV03414,PROD0034,STR005,177,191,274,33.0,2024-08-08
INV03415,PROD0029,STR012,73,13,339,76.0,2024-09-17
INV03416,PROD0002,STR011,253,127,305,17.0,2025-06-28
INV03417,PROD0139,STR005,78,62,364,22.0,2025-05-15
INV03418,PROD0001,STR010,393,6,207,67.0,2025-08-26
INV03419,PROD0177,STR002,452,89,304,16.0,2024-01-17
INV03420,PROD0033,STR009,170,187,258,44.0,2025-04-28
INV03421,PROD0229,STR010,188,50,337,60.0,2025-11-03
INV03422,PROD0003,STR012,226,10,217,58.0,2024-06-18
INV03423,PROD0127,STR013,234,241,397,20.0,2025-06-03
INV03424,PROD0066,STR009,342,34,211,75.0,2024-07-16
INV03425,PROD0111,STR006,108,244,230,42.0,2024-12-25
INV03426,PROD0237,STR005,247,265,144,37.0,2024-11-22
INV03427,PROD0140,STR001,239,277,309,25.0,2025-03-29
INV03428,PROD0028,STR006,133,103,360,54.0,2025-03-19
INV03429,PROD0094,STR007,59,10,364,76.0,2024-11-24
INV03430,PROD0138,STR014,427,167,182,75.0,2024-01-01
INV03431,PROD0153,STR013,78,251,279,36.0,2024-08-30
INV03432,PROD0002,STR008,113,2,244,57.0,2025-05-04
INV03433,PROD0219,STR003,152,221,348,78.0,2025-04-13
INV03434,PROD0010,STR013,474,293,214,69.0,2024-07-24
INV03435,PROD0143,STR007,410,34,102,72.0,2025-11-28
INV03436,PROD0080,STR011,494,56,343,21.0,2024-07-08
INV03437,PROD0151,STR013,243,262,97,69.0,2024-04-03
INV03438,PROD0105,STR009,48,23,360,42.0,2024-10-08
INV03439,PROD0043,STR015,309,114,130,62.0,2024-07-25
INV03440,PROD0114,STR008,382,191,362,26.0,2025-04-19
INV03441,PROD0026,STR004,497,3,323,30.0,2024-01-11
INV03442,PROD0087,STR003,158,94,52,65.0,2024-02-12
INV03443,PROD0157,STR012,376,259,343,35.0,2025-10-14
INV03444,PROD0111,STR014,54,217,13,41.0,2024-05-06
INV03445,PROD0082,STR011,122,190,349,70.0,2024-10-18
INV03446,PROD0030,STR014,221,84,68,21.0,2024-11-26
INV03447,PROD0124,STR013,372,252,158,60.0,2024-02-21
INV03448,PROD0141,STR015,152,187,36,76.0,2024-03-19
INV03449,PROD0166,STR004,67,95,90,70.0,2024-02-27
INV03450,PROD0141,STR015,203,27,45,47.0,2025-02-19
INV03451,PROD0112,STR010,299,48,54,35.0,2025-05-30
INV03452,PROD0040,STR011,494,96,370,62.0,2024-04-17
INV03453,PROD0206,STR009,160,12,281,74.0,2025-01-11
INV03454,PROD0101,STR001,56,276,77,23.0,2024-11-20
INV03455,PROD0175,STR002,234,199,15,43.0,2024-01-22
INV03456,PROD0177,STR002,78,119,125,58.0,2025-09-24
INV03457,PROD0125,STR006,165,248,343,44.0,2025-01-27
INV03458,PROD0202,STR011,243,153,16,78.0,2025-08-17
INV03459,PROD0002,STR004,274,80,131,27.0,2025-08-07
INV03460,PROD0027,STR011,334,22,140,36.0,2024-05-09
INV03461,PROD0243,STR002,152,136,35,72.0,2024-06-26
INV03462,PROD0188,STR011,168,222,370,27.0,2025-11-05
INV03463,PROD0128,STR015,415,5,357,36.0,2024-01-11
INV03464,PROD0099,STR002,103,204,277,79.0,2025-02-23
INV03465,PROD0172,STR012,122,264,242,54.0,2024-10-25
INV03466,PROD0083,STR003,435,85,83,35.0,2024-09-11
INV03467,PROD0036,STR013,185,108,146,42.0,2025-08-23
INV03468,PROD0014,STR001,205,223,312,79.0,2024-11-02
INV03469,PROD0165,STR004,478,181,155,54.0,2024-01-06
INV03470,PROD0056,STR007,290,225,344,28.0,2025-04-22
INV03471,PROD0081,STR006,147,255,202,58.0,2025-04-15
INV03472,PROD0196,STR014,189,52,303,67.0,2024-07-02
INV03473,PROD0063,STR012,329,236,200,41.0,2024-02-29
INV03474,PROD0174,STR005,424,88,288,46.0,2025-01-13
INV03475,PROD0036,STR010,163,9,62,28.0,2024-03-11
INV03476,PROD0084,STR015,249,9,128,24.0,2024-12-18
INV03477,PROD0022,STR007,172,111,178,11.0,2024-01-21
INV03478,PROD0069,STR014,243,118,135,60.0,2024-08-21
INV03479,PROD0088,STR015,113,275,367,18.0,2024-06-29
INV03480,PROD0083,STR001,280,115,305,16.0,2024-07-02
INV03481,PROD0232,STR012,444,198,12,62.0,2025-02-02
INV03482,PROD0055,STR002,82,184,347,70.0,2025-05-30
INV03483,PROD0232,STR001,31,257,354,74.0,2025-02-11
INV03484,PROD0120,STR001,262,183,299,55.0,2025-07-01
INV03485,PROD0140,STR008,112,43,52,13.0,2024-12-01
INV03486,PROD0059,STR010,221,145,316,17.0,2024-10-02
INV03487,PROD0145,STR008,340,35,111,16.0,2024-03-01
INV03488,PROD0138,STR015,275,240,27,32.0,2025-06-03
INV03489,PROD0035,STR012,200,259,343,50.0,2025-11-16
INV03490,PROD0246,STR010,325,156,79,76.0,2024-05-02
INV03491,PROD0050,STR010,46,71,199,17.0,2024-11-02
INV03492,PROD0226,STR013,289,257,70,51.0,2025-08-25
INV03493,PROD0146,STR014,162,36,57,19.0,2024-02-27
INV03494,PROD0006,STR015,315,228,385,15.0,2024-10-02
INV03495,PROD0079,STR004,140,161,282,63.0,2025-01-31
INV03496,PROD0066,STR009,403,44,234,15.0,2024-08-01
INV03497,PROD0192,STR004,92,176,201,46.0,2024-09-19
INV03498,PROD0124,STR013,387,254,364,64.0,2025-08-30
INV03499,PROD0228,STR013,482,272,46,73.0,2024-03-01
INV03500,PROD0168,STR013,314,282,282,40.0,2024-11-28
INV03501,PROD0106,STR008,284,136,345,68.0,2025-02-15
INV03502,PROD0027,STR004,457,201,22,15.0,2024-04-30
INV03503,PROD0249,STR005,268,164,158,18.0,2024-08-30
INV03504,PROD0120,STR013,439,294,21,18.0,2025-07-04
INV03505,PROD0014,STR015,307,174,164,38.0,2024-09-12
INV03506,PROD0081,STR011,414,235,46,48.0,2025-07-03
INV03507,PROD0050,STR003,457,94,98,15.0,2025-03-04
INV03508,PROD0202,STR005,190,239,231,35.0,2024-06-18
INV03509,PROD0012,STR002,250,194,37,12.0,2025-07-02
INV03510,PROD0235,STR013,301,244,230,14.0,2024-04-02
INV03511,PROD0113,STR009,171,253,328,57.0,2025-09-18
INV03512,PROD0229,STR005,476,174,42,34.0,2024-12-23
INV03513,PROD0104,STR002,147,106,382,13.0,2025-02-07
INV03514,PROD0063,STR004,92,130,6,37.0,2024-02-06
INV03515,PROD0018,STR004,322,229,256,33.0,2024-12-03
INV03516,PROD0222,STR008,68,298,244,67.0,2024-04-13
INV03517,PROD0102,STR001,405,255,107,73.0,2025-10-14
INV03518,PROD0033,STR003,440,186,268,41.0,2024-05-17
INV03519,PROD0098,STR013,56,133,140,16.0,2024-05-29
INV03520,PROD0063,STR012,203,284,132,56.0,2025-01-10
INV03521,PROD0024,STR005,20,100,10,50.0,2025-05-30
INV03522,PROD0119,STR007,254,160,53,34.0,2024-03-10
INV03523,PROD0073,STR014,77,142,272,30.0,2024-10-16
INV03524,PROD0135,STR014,379,57,251,70.0,2025-01-25
INV03525,PROD0136,STR012,100,69,357,44.0,2024-09-16
INV03526,PROD0171,STR010,391,28,109,34.0,2025-08-26
INV03527,PROD0127,STR001,275,62,343,40.0,2025-06-23
INV03528,PROD0200,STR012,318,268,169,35.0,2024-09-03
INV03529,PROD0058,STR004,187,173,7,30.0,2024-12-20
INV03530,PROD0019,STR009,294,118,188,47.0,2025-03-11
INV03531,PROD0066,STR001,468,250,257,67.0,2025-10-13
INV03532,PROD0206,STR012,272,83,290,44.0,2025-05-31
INV03533,PROD0128,STR001,169,250,354,63.0,2024-03-03
INV03534,PROD0123,STR008,281,121,25,56.0,2025-01-30
INV03535,PROD0089,STR010,423,296,361,77.0,2024-07-22
INV03536,PROD0195,STR003,112,294,11,62.0,2025-09-22
INV03537,PROD0186,STR012,392,299,221,74.0,2025-11-24
INV03538,PROD0216,STR006,382,43,80,66.0,2024-02-02
INV03539,PROD0226,STR011,45,283,325,43.0,2025-09-23
INV03540,PROD0075,STR011,222,33,241,28.0,2024-07-02
INV03541,PROD0078,STR006,456,234,21,34.0,2025-06-25
INV03542,PROD0187,STR014,194,187,24,59.0,2025-06-16
INV03543,PROD0049,STR004,95,53,73,47.0,2025-01-30
INV03544,PROD0072,STR011,140,131,134,38.0,2024-09-25
INV03545,PROD0121,STR004,351,254,243,47.0,2025-02-10
INV03546,PROD0069,STR005,28,156,19,41.0,2024-06-19
INV03547,PROD0110,STR015,240,153,41,60.0,2025-02-08
INV03548,PROD0117,STR013,283,30,7,55.0,2025-03-08
INV03549,PROD0077,STR002,333,167,257,50.0,2025-06-18
INV03550,PROD0236,STR010,125,297,333,43.0,2025-03-26
INV03551,PROD0135,STR003,482,100,344,22.0,2024-08-22
INV03552,PROD0222,STR008,97,234,368,36.0,2024-01-14
INV03553,PROD0219,STR006,125,212,38,53.0,2024-02-17
INV03554,PROD0009,STR004,208,156,176,43.0,2025-09-26
INV03555,PROD0244,STR012,58,205,240,53.0,2024-02-04
INV03556,PROD0232,STR002,108,165,253,33.0,2025-11-11
INV03557,PROD0039,STR001,299,187,346,21.0,2025-11-08
INV03558,PROD0066,STR005,265,291,113,65.0,2024-09-10
INV03559,PROD0083,STR004,285,256,270,14.0,2025-08-18
INV03560,PROD0221,STR006,468,124,246,77.0,2024-03-17
INV03561,PROD0055,STR015,314,243,335,43.0,2024-12-04
INV03562,PROD0184,STR011,72,181,279,46.0,2025-11-04
INV03563,PROD0229,STR003,446,206,209,41.0,2024-09-21
INV03564,PROD0212,STR006,232,92,217,24.0,2024-09-06
INV03565,PROD0111,STR011,55,27,219,19.0,2024-06-03
INV03566,PROD0203,STR007,426,248,23,75.0,2024-05-17
INV03567,PROD0087,STR011,201,77,322,66.0,2025-03-04
INV03568,PROD0137,STR015,118,55,200,37.0,2025-01-13
INV03569,PROD0069,STR009,359,289,397,21.0,2025-11-09
INV03570,PROD0052,STR011,365,156,342,13.0,2024-05-13
INV03571,PROD0108,STR003,96,142,47,29.0,2025-01-26
INV03572,PROD0112,STR015,349,224,57,29.0,2024-05-18
INV03573,PROD0129,STR004,256,82,127,79.0,2025-09-11
INV03574,PROD0038,STR002,332,118,279,72.0,2025-10-14
INV03575,PROD0183,STR007,153,23,158,14.0,2024-04-18
INV03576,PROD0050,STR009,117,100,136,78.0,2024-08-10
INV03577,PROD0068,STR015,186,102,24,75.0,2025-04-21
INV03578,PROD0178,STR007,334,266,212,43.0,2025-09-10
INV03579,PROD0098,STR011,468,31,42,77.0,2024-10-20
INV03580,PROD0057,STR002,155,218,226,26.0,2025-05-16
INV03581,PROD0240,STR001,70,228,15,70.0,2025-06-01
INV03582,PROD0192,STR012,208,141,290,15.0,2025-05-08
INV03583,PROD0220,STR011,129,224,296,16.0,2024-09-28
INV03584,PROD0204,STR009,393,249,75,58.0,2024-03-22
INV03585,PROD0046,STR009,447,85,375,73.0,2024-10-29
INV03586,PROD0105,STR004,233,32,172,76.0,2024-03-08
INV03587,PROD0050,STR007,322,100,184,18.0,2024-11-25
INV03588,PROD0220,STR004,342,20,361,50.0,2025-09-23
INV03589,PROD0030,STR012,225,14,382,27.0,2025-07-06
INV03590,PROD0060,STR008,177,175,9,51.0,2024-07-04
INV03591,PROD0111,STR005,467,30,159,76.0,2025-01-25
INV03592,PROD0145,STR007,439,137,145,55.0,2024-07-22
INV03593,PROD0172,STR005,119,171,187,44.0,2025-11-22
INV03594,PROD0150,STR003,273,111,37,60.0,2025-03-20
INV03595,PROD0036,STR006,124,274,43,13.0,2024-06-30
INV03596,PROD0027,STR015,142,111,305,71.0,2025-09-16
INV03597,PROD0206,STR005,279,210,174,55.0,2024-06-09
INV03598,PROD0074,STR005,145,147,173,14.0,2024-08-11
INV03599,PROD0020,STR015,328,282,64,74.0,2024-01-26
INV03600,PROD0101,STR001,333,35,99,71.0,2025-02-04
INV03601,PROD0035,STR002,192,289,48,59.0,2024-08-10
INV03602,PROD0125,STR014,192,231,12,45.0,2025-10-31
INV03603,PROD0042,STR010,106,67,270,37.0,2024-08-03
INV03604,PROD0034,STR014,401,0,70,23.0,2024-12-07
INV03605,PROD0026,STR005,188,200,18,53.0,2025-05-26
INV03606,PROD0117,STR009,296,136,233,28.0,2025-02-12
INV03607,PROD0156,STR002,226,82,53,20.0,2024-04-22
INV03608,PROD0028,STR013,141,139,380,69.0,2024-05-04
INV03609,PROD0228,STR006,105,203,278,33.0,2025-11-11
INV03610,PROD0211,STR013,246,92,21,10.0,2025-01-03
INV03611,PROD0044,STR005,406,88,141,15.0,2025-01-02
INV03612,PROD0029,STR001,163,56,317,43.0,2025-11-26
INV03613,PROD0220,STR005,457,275,358,52.0,2024-07-11
INV03614,PROD0231,STR006,466,228,323,79.0,2024-08-03
INV03615,PROD0132,STR004,384,129,2,29.0,2024-08-28
INV03616,PROD0079,STR005,192,83,323,53.0,2025-11-18
INV03617,PROD0120,STR008,216,0,281,48.0,2024-09-11
INV03618,PROD0054,STR002,375,40,202,21.0,2024-10-26
INV03619,PROD0143,STR009,270,99,15,18.0,2025-05-03
INV03620,PROD0090,STR015,283,154,332,35.0,2025-06-03
INV03621,PROD0077,STR005,497,184,147,41.0,2024-10-22
INV03622,PROD0161,STR015,195,286,325,46.0,2025-04-19
INV03623,PROD0057,STR013,477,163,152,61.0,2024-07-29
INV03624,PROD0155,STR015,75,192,240,65.0,2024-07-01
INV03625,PROD0167,STR001,404,231,347,75.0,2025-11-23
INV03626,PROD0116,STR013,236,244,8,52.0,2025-01-19
INV03627,PROD0070,STR005,320,227,106,49.0,2025-04-29
INV03628,PROD0237,STR006,112,118,108,69.0,2024-10-27
INV03629,PROD0016,STR007,328,225,156,65.0,2025-09-09
INV03630,PROD0046,STR007,330,4,126,58.0,2025-05-05
INV03631,PROD0014,STR015,96,19,62,24.0,2025-10-03
INV03632,PROD0152,STR015,103,249,57,18.0,2025-02-26
INV03633,PROD0083,STR007,165,69,186,26.0,2024-11-12
INV03634,PROD0129,STR004,211,189,47,27.0,2024-10-15
INV03635,PROD0231,STR001,255,207,229,32.0,2025-04-28
INV03636,PROD0010,STR007,298,181,239,10.0,2024-02-20
INV03637,PROD0190,STR012,462,290,279,17.0,2024-01-22
INV03638,PROD0026,STR012,173,12,198,41.0,2025-11-07
INV03639,PROD0161,STR002,294,275,86,17.0,2025-02-13
INV03640,PROD0229,STR015,470,36,362,61.0,2024-05-26
INV03641,PROD0246,STR014,254,217,44,45.0,2025-09-09
INV03642,PROD0234,STR008,343,170,246,28.0,2025-03-24
INV03643,PROD0156,STR005,41,134,301,66.0,2025-07-07
INV03644,PROD0124,STR009,359,71,235,72.0,2025-10-04
INV03645,PROD0206,STR008,333,202,105,23.0,2024-02-12
INV03646,PROD0118,STR011,408,8,300,30.0,2025-03-29
INV03647,PROD0194,STR002,187,200,41,13.0,2025-10-04
INV03648,PROD0205,STR012,193,207,196,23.0,2025-05-13
INV03649,PROD0244,STR009,234,1,119,16.0,2024-04-17
INV03650,PROD0041,STR015,472,185,78,25.0,2024-11-25
INV03651,PROD0173,STR005,110,172,270,41.0,2025-07-12
INV03652,PROD0185,STR007,116,293,302,64.0,2025-11-02
INV03653,PROD0213,STR002,196,96,296,77.0,2025-04-18
INV03654,PROD0155,STR013,494,215,14,40.0,2024-10-05
INV03655,PROD0174,STR005,97,270,233,46.0,2025-03-16
INV03656,PROD0059,STR012,479,165,286,65.0,2024-12-26
INV03657,PROD0136,STR010,26,182,121,65.0,2025-02-07
INV03658,PROD0053,STR006,168,110,37,39.0,2024-03-03
INV03659,PROD0053,STR003,423,183,11,17.0,2024-01-28
INV03660,PROD0183,STR012,372,248,243,18.0,2024-03-04
INV03661,PROD0119,STR005,375,210,337,43.0,2024-03-20
INV03662,PROD0124,STR006,48,196,371,39.0,2024-11-17
INV03663,PROD0163,STR012,102,24,1,47.0,2025-07-25
INV03664,PROD0100,STR004,89,243,388,37.0,2025-04-06
INV03665,PROD0118,STR015,130,278,147,66.0,2025-10-02
INV03666,PROD0211,STR009,50,283,346,17.0,2025-05-14
INV03667,PROD0002,STR011,218,225,129,70.0,2025-10-18
INV03668,PROD0231,STR001,189,103,314,65.0,2024-05-11
INV03669,PROD0200,STR015,481,90,392,20.0,2025-07-20
INV03670,PROD0099,STR008,56,197,205,30.0,2025-05-19
INV03671,PROD0079,STR003,109,222,76,26.0,2025-03-30
INV03672,PROD0131,STR006,121,151,24,51.0,2024-06-24
INV03673,PROD0068,STR007,126,42,39,70.0,2025-06-14
INV03674,PROD0105,STR010,56,100,26,17.0,2024-05-08
INV03675,PROD0156,STR007,191,36,70,35.0,2025-08-18
INV03676,PROD0219,STR007,299,66,170,68.0,2025-06-06
INV03677,PROD0246,STR006,233,83,312,14.0,2024-04-28
INV03678,PROD0045,STR015,154,219,388,45.0,2025-06-12
INV03679,PROD0040,STR010,312,159,245,29.0,2025-08-17
INV03680,PROD0199,STR005,373,177,29,16.0,2025-10-28
INV03681,PROD0049,STR007,486,275,80,13.0,2025-02-25
INV03682,PROD0208,STR009,140,3,168,64.0,2025-10-21
INV03683,PROD0031,STR005,49,290,345,42.0,2025-07-27
INV03684,PROD0172,STR004,153,183,279,41.0,2025-11-01
INV03685,PROD0108,STR001,488,164,156,38.0,2024-11-27
INV03686,PROD0004,STR004,339,171,136,11.0,2024-01-12
INV03687,PROD0174,STR002,439,59,380,66.0,2024-06-13
INV03688,PROD0138,STR013,38,181,345,39.0,2025-09-26
INV03689,PROD0169,STR004,171,211,76,57.0,2025-01-17
INV03690,PROD0155,STR003,382,81,140,32.0,2025-02-21
INV03691,PROD0122,STR012,62,243,357,51.0,2025-06-10
INV03692,PROD0008,STR006,474,233,394,38.0,2024-12-11
INV03693,PROD0181,STR015,269,62,353,63.0,2025-03-03
INV03694,PROD0167,STR003,418,72,227,24.0,2024-11-27
INV03695,PROD0096,STR012,49,28,350,72.0,2025-10-20
INV03696,PROD0010,STR004,376,86,62,22.0,2024-08-02
INV03697,PROD0051,STR009,369,20,105,22.0,2024-10-05
INV03698,PROD0137,STR014,56,296,21,51.0,2024-02-19
INV03699,PROD0213,STR011,43,121,5,38.0,2025-10-26
INV03700,PROD0176,STR010,127,103,355,67.0,2024-12-15
INV03701,PROD0008,STR013,89,201,126,76.0,2024-10-12
INV03702,PROD0008,STR004,436,131,315,29.0,2024-11-14
INV03703,PROD0056,STR005,136,66,103,18.0,2024-05-05
INV03704,PROD0113,STR014,94,120,355,79.0,2024-12-06
INV03705,PROD0061,STR003,274,172,44,28.0,2024-08-22
INV03706,PROD0199,STR011,61,272,363,64.0,2024-01-09
INV03707,PROD0071,STR014,316,65,193,31.0,2024-09-10
INV03708,PROD0004,STR007,385,102,212,17.0,2025-06-06
INV03709,PROD0103,STR010,49,143,315,27.0,2024-11-09
INV03710,PROD0030,STR002,36,27,225,22.0,2025-08-24
INV03711,PROD0203,STR012,79,122,123,59.0,2024-03-24
INV03712,PROD0018,STR005,96,103,379,51.0,2024-08-11
INV03713,PROD0105,STR015,162,20,310,20.0,2024-02-08
INV03714,PROD0165,STR005,152,235,376,21.0,2024-01-09
INV03715,PROD0028,STR012,79,192,395,22.0,2024-11-29
INV03716,PROD0059,STR011,82,172,337,10.0,2024-10-26
INV03717,PROD0167,STR009,186,277,192,51.0,2024-03-01
INV03718,PROD0198,STR006,97,7,351,19.0,2024-03-18
INV03719,PROD0165,STR006,326,22,305,52.0,2025-10-26
INV03720,PROD0076,STR009,202,248,326,74.0,2024-02-17
INV03721,PROD0090,STR010,42,90,159,42.0,2025-06-28
INV03722,PROD0024,STR004,225,68,92,41.0,2024-12-25
INV03723,PROD0244,STR012,203,253,232,76.0,2024-04-28
INV03724,PROD0119,STR015,223,201,229,60.0,2025-06-02
INV03725,PROD0040,STR003,387,258,17,27.0,2025-07-25
INV03726,PROD0101,STR004,209,93,350,32.0,2025-11-24
INV03727,PROD0228,STR014,175,97,84,24.0,2025-01-18
INV03728,PROD0234,STR005,381,176,69,37.0,2025-09-05
INV03729,PROD0157,STR007,384,114,325,19.0,2025-09-25
INV03730,PROD0024,STR013,74,228,261,56.0,2024-11-26
INV03731,PROD0110,STR003,178,25,255,13.0,2024-10-23
INV03732,PROD0153,STR008,395,178,96,43.0,2024-08-17
INV03733,PROD0231,STR011,408,126,336,13.0,2024-11-21
INV03734,PROD0212,STR003,267,57,378,51.0,2025-06-12
INV03735,PROD0242,STR005,456,178,192,42.0,2024-04-04
INV03736,PROD0168,STR008,256,163,33,49.0,2024-03-15
INV03737,PROD0219,STR010,100,55,25,27.0,2025-06-27
INV03738,PROD0179,STR005,217,110,240,70.0,2024-04-14
INV03739,PROD0135,STR012,361,26,38,11.0,2025-09-18
INV03740,PROD0033,STR009,287,272,210,76.0,2024-12-23
INV03741,PROD0028,STR003,266,247,144,73.0,2025-01-30
INV03742,PROD0051,STR004,90,296,210,64.0,2024-02-02
INV03743,PROD0211,STR007,237,74,222,35.0,2025-11-30
INV03744,PROD0052,STR005,159,102,136,14.0,2024-07-08
INV03745,PROD0061,STR001,190,148,37,42.0,2024-10-31
INV03746,PROD0248,STR007,148,11,87,58.0,2024-08-07
INV03747,PROD0171,STR010,380,274,10,52.0,2025-02-16
INV03748,PROD0217,STR005,452,28,303,65.0,2025-06-25
INV03749,PROD0171,STR014,390,214,356,43.0,2024-08-27
INV03750,PROD0097,STR005,253,180,185,62.0,2025-07-12
INV03751,PROD0190,STR015,258,153,29,34.0,2024-11-03
INV03752,PROD0023,STR014,171,276,178,75.0,2024-07-11
INV03753,PROD0217,STR009,429,22,296,67.0,2024-10-15
INV03754,PROD0238,STR007,351,166,367,76.0,2025-10-01
INV03755,PROD0214,STR007,228,62,187,53.0,2024-04-04
INV03756,PROD0234,STR002,76,18,232,58.0,2024-11-26
INV03757,PROD0063,STR006,465,265,339,69.0,2024-06-26
INV03758,PROD0238,STR013,289,6,305,78.0,2024-03-22
INV03759,PROD0177,STR009,465,178,2,28.0,2024-10-08
INV03760,PROD0136,STR014,375,2,293,79.0,2024-02-10
INV03761,PROD0151,STR007,158,95,378,60.0,2024-11-27
INV03762,PROD0160,STR004,234,185,62,26.0,2025-09-14
INV03763,PROD0073,STR014,322,198,376,28.0,2025-06-01
INV03764,PROD0161,STR011,248,155,147,57.0,2024-07-07
INV03765,PROD0220,STR007,274,274,103,50.0,2025-05-16
INV03766,PROD0083,STR012,22,62,337,52.0,2024-07-09
INV03767,PROD0026,STR006,390,117,177,54.0,2024-04-25
INV03768,PROD0110,STR001,319,65,66,36.0,2024-05-30
INV03769,PROD0044,STR013,332,141,68,51.0,2025-01-31
INV03770,PROD0039,STR015,372,98,232,40.0,2025-01-24
INV03771,PROD0166,STR009,189,273,45,60.0,2024-09-15
INV03772,PROD0058,STR007,453,226,333,79.0,2025-01-19
INV03773,PROD0039,STR009,273,160,350,28.0,2025-03-27
INV03774,PROD0113,STR009,317,280,140,35.0,2024-03-10
INV03775,PROD0030,STR001,57,230,72,66.0,2025-11-19
INV03776,PROD0135,STR008,198,228,262,15.0,2025-01-03
INV03777,PROD0239,STR010,118,114,113,48.0,2025-10-24
INV03778,PROD0119,STR012,316,34,144,14.0,2024-07-14
INV03779,PROD0065,STR015,325,14,389,34.0,2025-06-02
INV03780,PROD0209,STR006,485,216,95,25.0,2024-05-26
INV03781,PROD0231,STR009,151,213,47,41.0,2025-09-23
INV03782,PROD0241,STR004,374,0,219,12.0,2025-11-29
INV03783,PROD0144,STR011,357,220,166,23.0,2025-06-17
INV03784,PROD0002,STR005,416,1,72,53.0,2025-08-20
INV03785,PROD0176,STR015,36,295,94,61.0,2025-09-12
INV03786,PROD0219,STR003,427,114,76,42.0,2024-09-26
INV03787,PROD0179,STR008,394,245,103,58.0,2025-05-05
INV03788,PROD0242,STR007,32,61,0,66.0,2025-07-19
INV03789,PROD0085,STR015,36,71,167,57.0,2024-02-02
INV03790,PROD0165,STR001,201,283,40,13.0,2024-12-21
INV03791,PROD0049,STR008,265,248,213,22.0,2025-06-04
INV03792,PROD0234,STR001,447,22,318,33.0,2025-06-18
INV03793,PROD0135,STR001,182,109,318,56.0,2024-04-28
INV03794,PROD0247,STR005,362,153,234,56.0,2025-04-14
INV03795,PROD0037,STR011,412,144,59,72.0,2025-01-25
INV03796,PROD0177,STR003,414,177,203,79.0,2024-04-07
INV03797,PROD0172,STR010,45,65,41,77.0,2024-09-16
INV03798,PROD0116,STR011,252,205,223,55.0,2024-07-22
INV03799,PROD0058,STR011,384,81,89,60.0,2024-02-16
INV03800,PROD0037,STR004,459,90,310,28.0,2025-11-19
INV03801,PROD0238,STR013,285,61,176,10.0,2024-07-22
INV03802,PROD0074,STR013,472,37,45,35.0,2024-12-18
INV03803,PROD0146,STR003,116,121,233,38.0,2024-05-26
INV03804,PROD0072,STR002,282,15,366,77.0,2024-10-21
INV03805,PROD0198,STR006,98,45,27,45.0,2024-12-18
INV03806,PROD0234,STR004,378,284,365,56.0,2024-01-07
INV03807,PROD0085,STR008,440,30,246,51.0,2024-03-01
INV03808,PROD0100,STR011,247,66,389,69.0,2024-05-16
INV03809,PROD0112,STR006,241,267,288,45.0,2024-03-11
INV03810,PROD0083,STR007,199,130,234,72.0,2025-03-12
INV03811,PROD0001,STR010,53,176,30,10.0,2025-08-29
INV03812,PROD0156,STR004,159,213,63,15.0,2024-07-11
INV03813,PROD0122,STR005,256,77,70,51.0,2025-11-21
INV03814,PROD0122,STR015,155,206,178,74.0,2024-11-02
INV03815,PROD0173,STR008,317,181,187,23.0,2024-11-17
INV03816,PROD0125,STR004,124,205,387,54.0,2025-09-09
INV03817,PROD0070,STR008,252,279,123,72.0,2024-09-14
INV03818,PROD0210,STR013,170,274,38,41.0,2025-01-25
INV03819,PROD0032,STR004,39,203,11,59.0,2025-11-16
INV03820,PROD0060,STR001,295,192,164,12.0,2024-07-30
INV03821,PROD0142,STR011,456,68,308,69.0,2024-02-05
INV03822,PROD0036,STR008,306,246,368,59.0,2024-07-25
INV03823,PROD0237,STR013,135,59,117,71.0,2024-03-14
INV03824,PROD0070,STR008,349,166,349,54.0,2025-10-25
INV03825,PROD0037,STR013,221,33,137,13.0,2025-01-13
INV03826,PROD0199,STR008,217,233,273,59.0,2024-02-13
INV03827,PROD0236,STR004,33,133,69,30.0,2025-02-05
INV03828,PROD0004,STR013,316,11,25,41.0,2024-08-31
INV03829,PROD0011,STR014,125,21,284,57.0,2025-04-11
INV03830,PROD0118,STR014,271,269,85,68.0,2025-01-24
INV03831,PROD0122,STR015,21,227,84,78.0,2025-12-01
INV03832,PROD0005,STR003,291,148,113,51.0,2024-08-09
INV03833,PROD0148,STR001,457,4,78,44.0,2024-02-03
INV03834,PROD0149,STR009,217,125,392,31.0,2024-12-11
INV03835,PROD0022,STR007,136,175,217,63.0,2025-09-28
INV03836,PROD0157,STR012,81,260,260,65.0,2024-11-23
INV03837,PROD0241,STR002,195,253,349,17.0,2024-08-17
INV03838,PROD0160,STR006,116,62,367,34.0,2024-05-13
INV03839,PROD0129,STR004,310,20,31,55.0,2025-03-03
INV03840,PROD0218,STR008,102,71,180,50.0,2025-07-28
INV03841,PROD0078,STR005,424,108,131,68.0,2024-07-14
INV03842,PROD0170,STR006,264,215,192,63.0,2024-07-30
INV03843,PROD0045,STR011,95,169,155,58.0,2024-08-07
INV03844,PROD0006,STR012,228,216,94,41.0,2024-04-15
INV03845,PROD0026,STR010,35,92,297,71.0,2024-02-27
INV03846,PROD0142,STR008,127,118,265,17.0,2024-09-10
INV03847,PROD0197,STR015,448,262,303,72.0,2024-11-27
INV03848,PROD0248,STR010,144,35,51,19.0,2024-04-22
INV03849,PROD0247,STR014,194,229,176,15.0,2024-05-29
INV03850,PROD0224,STR014,369,165,139,24.0,2025-11-09
INV03851,PROD0164,STR014,417,141,378,12.0,2025-03-02
INV03852,PROD0106,STR010,39,36,318,42.0,2025-01-22
INV03853,PROD0240,STR008,83,206,166,78.0,2025-10-04
INV03854,PROD0177,STR015,447,127,255,64.0,2025-01-21
INV03855,PROD0036,STR012,430,158,298,46.0,2025-08-15
INV03856,PROD0043,STR008,124,103,283,70.0,2025-06-13
INV03857,PROD0157,STR006,453,93,96,61.0,2025-01-08
INV03858,PROD0241,STR013,270,239,288,75.0,2025-08-26
INV03859,PROD0160,STR004,250,224,352,48.0,2025-05-28
INV03860,PROD0024,STR013,104,100,280,41.0,2025-11-10
INV03861,PROD0136,STR005,316,159,268,42.0,2025-04-12
INV03862,PROD0175,STR002,344,296,208,60.0,2025-11-07
INV03863,PROD0229,STR015,406,145,311,35.0,2024-06-29
INV03864,PROD0181,STR015,372,190,219,57.0,2025-11-19
INV03865,PROD0120,STR008,79,121,184,44.0,2025-08-18
INV03866,PROD0109,STR007,182,205,269,79.0,2024-08-19
INV03867,PROD0218,STR010,374,296,24,21.0,2025-01-16
INV03868,PROD0005,STR007,360,34,366,49.0,2024-06-23
INV03869,PROD0176,STR006,366,151,200,47.0,2025-09-08
INV03870,PROD0067,STR001,304,126,80,19.0,2025-08-17
INV03871,PROD0018,STR009,332,267,116,77.0,2024-06-28
INV03872,PROD0201,STR002,74,68,21,45.0,2025-11-06
INV03873,PROD0045,STR002,364,103,112,16.0,2025-04-15
INV03874,PROD0186,STR012,67,139,131,40.0,2025-03-21
INV03875,PROD0182,STR004,254,108,241,68.0,2025-09-09
INV03876,PROD0008,STR006,474,190,181,16.0,2024-01-17
INV03877,PROD0032,STR015,178,97,330,43.0,2024-06-19
INV03878,PROD0077,STR014,391,118,114,49.0,2024-11-12
INV03879,PROD0230,STR007,192,100,33,71.0,2025-10-10
INV03880,PROD0130,STR008,45,234,186,60.0,2025-08-01
INV03881,PROD0232,STR008,44,176,260,14.0,2025-05-20
INV03882,PROD0226,STR015,207,271,55,66.0,2024-02-09
INV03883,PROD0005,STR003,293,201,40,33.0,2024-08-21
INV03884,PROD0099,STR008,95,88,283,74.0,2024-08-16
INV03885,PROD0227,STR007,229,23,337,69.0,2024-03-05
INV03886,PROD0086,STR002,449,195,101,68.0,2025-08-30
INV03887,PROD0038,STR010,489,230,158,79.0,2024-06-09
INV03888,PROD0220,STR014,266,72,5,74.0,2024-12-13
INV03889,PROD0110,STR009,97,2,78,15.0,2024-05-27
INV03890,PROD0008,STR015,379,221,250,27.0,2025-04-14
INV03891,PROD0033,STR003,469,172,239,48.0,2025-02-28
INV03892,PROD0205,STR006,129,8,68,51.0,2024-02-05
INV03893,PROD0018,STR005,62,269,349,72.0,2025-06-20
INV03894,PROD0222,STR002,260,273,364,29.0,2024-08-28
INV03895,PROD0093,STR002,89,273,119,15.0,2024-07-06
INV03896,PROD0223,STR013,138,286,375,40.0,2025-03-19
INV03897,PROD0025,STR011,452,65,317,64.0,2024-12-30
INV03898,PROD0169,STR002,31,64,300,43.0,2024-05-30
INV03899,PROD0183,STR005,493,135,170,27.0,2025-10-18
INV03900,PROD0059,STR004,78,284,240,33.0,2025-10-22
INV03901,PROD0178,STR003,353,276,396,42.0,2025-05-23
INV03902,PROD0095,STR006,434,285,59,25.0,2024-06-04
INV03903,PROD0073,STR004,400,141,198,21.0,2025-11-17
INV03904,PROD0119,STR010,464,88,13,17.0,2025-01-22
INV03905,PROD0154,STR011,456,42,181,18.0,2024-06-02
INV03906,PROD0241,STR005,484,205,392,58.0,2024-12-18
INV03907,PROD0033,STR013,49,244,368,40.0,2024-11-29
INV03908,PROD0074,STR013,298,173,36,52.0,2024-09-11
INV03909,PROD0098,STR011,133,50,297,46.0,2025-11-19
INV03910,PROD0217,STR015,193,67,287,34.0,2025-06-12
INV03911,PROD0205,STR014,94,15,212,15.0,2024-04-26
INV03912,PROD0071,STR008,237,168,140,41.0,2024-06-25
INV03913,PROD0049,STR003,369,154,109,68.0,2025-03-26
INV03914,PROD0010,STR008,64,164,94,51.0,2024-10-05
INV03915,PROD0142,STR003,327,111,395,75.0,2025-06-16
INV03916,PROD0046,STR003,95,228,82,19.0,2025-03-19
INV03917,PROD0164,STR012,213,7,26,70.0,2024-10-24
INV03918,PROD0190,STR013,130,281,120,32.0,2025-02-27
INV03919,PROD0012,STR005,338,150,297,57.0,2025-08-16
INV03920,PROD0162,STR006,271,251,180,59.0,2024-08-02
INV03921,PROD0141,STR007,333,290,162,51.0,2024-10-21
INV03922,PROD0016,STR005,228,202,340,27.0,2024-02-02
INV03923,PROD0192,STR007,83,117,62,38.0,2024-12-23
INV03924,PROD0145,STR015,305,209,206,53.0,2025-06-05
INV03925,PROD0050,STR002,120,200,218,63.0,2025-03-19
INV03926,PROD0122,STR002,281,197,164,49.0,2025-03-19
INV03927,PROD0046,STR006,272,190,48,34.0,2025-03-14
INV03928,PROD0070,STR010,455,197,236,40.0,2025-03-16
INV03929,PROD0146,STR001,240,235,213,64.0,2025-04-10
INV03930,PROD0042,STR013,130,234,19,30.0,2025-05-09
INV03931,PROD0167,STR001,47,117,72,49.0,2024-05-16
INV03932,PROD0178,STR004,215,266,396,78.0,2025-11-24
INV03933,PROD0195,STR010,188,101,388,43.0,2025-10-22
INV03934,PROD0092,STR015,428,242,214,35.0,2025-08-12
INV03935,PROD0049,STR014,344,80,28,72.0,2025-08-26
INV03936,PROD0006,STR012,139,100,317,25.0,2024-07-11
INV03937,PROD0165,STR005,351,176,83,13.0,2024-08-11
INV03938,PROD0242,STR010,382,296,2,54.0,2024-12-21
INV03939,PROD0097,STR014,393,25,71,14.0,2024-01-06
INV03940,PROD0227,STR005,402,185,251,76.0,2024-05-09
INV03941,PROD0155,STR013,144,283,386,77.0,2024-09-19
INV03942,PROD0125,STR004,160,254,314,57.0,2024-12-12
INV03943,PROD0094,STR009,103,246,240,14.0,2025-03-27
INV03944,PROD0193,STR006,139,238,104,70.0,2025-08-15
INV03945,PROD0243,STR004,479,299,123,71.0,2025-02-26
INV03946,PROD0025,STR013,290,144,52,71.0,2024-09-25
INV03947,PROD0171,STR008,306,5,307,40.0,2024-12-31
INV03948,PROD0031,STR013,484,228,119,12.0,2024-11-01
INV03949,PROD0143,STR002,385,17,155,46.0,2024-02-11
INV03950,PROD0110,STR002,415,298,11,10.0,2025-09-14
INV03951,PROD0250,STR001,145,206,96,40.0,2024-01-04
INV03952,PROD0206,STR011,125,97,262,16.0,2025-10-30
INV03953,PROD0061,STR005,212,297,131,71.0,2025-01-28
INV03954,PROD0130,STR006,70,49,185,67.0,2025-03-30
INV03955,PROD0235,STR012,26,147,285,67.0,2025-07-12
INV03956,PROD0139,STR009,29,134,7,62.0,2025-10-06
INV03957,PROD0121,STR013,230,256,202,72.0,2025-04-15
INV03958,PROD0133,STR001,300,117,283,43.0,2025-10-22
INV03959,PROD0115,STR011,440,107,346,52.0,2024-09-23
INV03960,PROD0037,STR005,497,78,144,54.0,2025-09-29
INV03961,PROD0081,STR010,113,184,250,58.0,2025-04-16
INV03962,PROD0075,STR015,196,60,53,56.0,2025-10-25
INV03963,PROD0172,STR003,313,132,116,11.0,2025-09-12
INV03964,PROD0182,STR007,185,69,68,16.0,2025-01-02
INV03965,PROD0067,STR007,84,187,119,38.0,2024-11-17
INV03966,PROD0127,STR002,39,179,157,19.0,2024-04-09
INV03967,PROD0220,STR010,395,155,23,17.0,2024-07-20
INV03968,PROD0185,STR009,192,180,357,26.0,2025-11-24
INV03969,PROD0073,STR009,177,113,358,11.0,2024-09-18
INV03970,PROD0150,STR011,116,182,97,48.0,2024-02-02
INV03971,PROD0128,STR006,295,272,134,62.0,2025-04-21
INV03972,PROD0011,STR008,58,177,72,11.0,2024-07-24
INV03973,PROD0177,STR014,162,144,41,28.0,2025-05-30
INV03974,PROD0067,STR009,238,237,58,77.0,2025-11-04
INV03975,PROD0226,STR015,80,295,272,34.0,2024-09-24
INV03976,PROD0087,STR014,200,223,359,48.0,2024-11-20
INV03977,PROD0037,STR002,480,86,187,75.0,2025-08-08
INV03978,PROD0245,STR008,314,134,240,64.0,2025-03-05
INV03979,PROD0191,STR005,419,34,90,55.0,2024-11-11
INV03980,PROD0058,STR002,290,209,33,31.0,2024-03-27
INV03981,PROD0081,STR002,63,272,311,77.0,2024-04-05
INV03982,PROD0153,STR014,422,174,1,57.0,2024-08-10
INV03983,PROD0147,STR003,29,241,37,42.0,2024-12-30
INV03984,PROD0126,STR013,315,241,188,29.0,2025-05-11
INV03985,PROD0064,STR011,103,201,60,18.0,2025-05-25
INV03986,PROD0039,STR014,291,67,290,26.0,2024-05-14
INV03987,PROD0217,STR013,308,234,51,70.0,2025-08-17
INV03988,PROD0175,STR004,73,186,27,57.0,2025-01-19
INV03989,PROD0177,STR012,344,121,49,70.0,2025-06-23
INV03990,PROD0163,STR002,470,87,13,38.0,2025-07-05
INV03991,PROD0167,STR005,250,297,264,40.0,2024-01-27
INV03992,PROD0245,STR012,138,224,74,10.0,2024-04-08
INV03993,PROD0205,STR012,300,143,389,35.0,2024-04-05
INV03994,PROD0022,STR008,168,51,319,32.0,2024-02-16
INV03995,PROD0174,STR006,245,209,92,77.0,2024-12-31
INV03996,PROD0057,STR009,274,150,88,72.0,2025-08-11
INV03997,PROD0055,STR001,80,237,209,50.0,2024-12-06
INV03998,PROD0240,STR012,436,144,43,36.0,2025-07-28
INV03999,PROD0230,STR008,350,157,221,48.0,2025-06-13
INV04000,PROD0094,STR004,80,129,173,21.0,2024-02-29
INV04001,PROD0167,STR002,318,298,208,10.0,2024-10-01
INV04002,PROD0118,STR005,441,150,177,25.0,2024-08-15
INV04003,PROD0050,STR008,235,193,270,78.0,2025-01-04
INV04004,PROD0002,STR006,359,137,388,73.0,2024-01-05
INV04005,PROD0041,STR001,400,5,348,68.0,2024-08-09
INV04006,PROD0141,STR010,486,236,80,26.0,2025-08-20
INV04007,PROD0116,STR010,173,139,13,60.0,2025-07-28
INV04008,PROD0132,STR006,403,129,293,49.0,2024-06-22
INV04009,PROD0072,STR014,374,37,270,67.0,2025-09-17
INV04010,PROD0051,STR012,302,273,329,53.0,2025-07-30
INV04011,PROD0072,STR003,281,15,18,13.0,2024-06-22
INV04012,PROD0149,STR012,270,80,291,45.0,2024-08-30
INV04013,PROD0047,STR006,320,220,140,76.0,2024-04-09
INV04014,PROD0094,STR005,163,279,134,21.0,2024-08-14
INV04015,PROD0160,STR004,405,90,162,20.0,2024-02-05
INV04016,PROD0213,STR011,35,142,327,45.0,2024-12-25
INV04017,PROD0199,STR011,76,227,71,19.0,2024-05-20
INV04018,PROD0158,STR007,31,51,54,13.0,2024-09-22
INV04019,PROD0233,STR009,47,190,354,49.0,2024-04-18
INV04020,PROD0229,STR006,448,235,275,41.0,2024-04-03
INV04021,PROD0058,STR009,370,92,179,43.0,2024-09-22
INV04022,PROD0237,STR002,473,16,154,12.0,2024-09-08
INV04023,PROD0061,STR013,323,36,201,72.0,2024-07-13
INV04024,PROD0243,STR002,220,31,8,62.0,2025-07-01
INV04025,PROD0193,STR004,64,43,38,27.0,2024-12-30
INV04026,PROD0241,STR013,160,22,93,23.0,2025-04-01
INV04027,PROD0023,STR006,246,193,347,23.0,2025-08-02
INV04028,PROD0086,STR009,466,215,303,50.0,2025-01-24
INV04029,PROD0127,STR015,289,292,59,76.0,2025-01-11
INV04030,PROD0041,STR008,368,55,136,16.0,2024-02-24
INV04031,PROD0231,STR002,405,55,361,24.0,2025-05-29
INV04032,PROD0060,STR002,291,99,54,44.0,2024-10-01
INV04033,PROD0035,STR009,82,29,192,75.0,2025-03-12
INV04034,PROD0206,STR009,382,32,229,26.0,2024-07-17
INV04035,PROD0051,STR003,443,129,356,31.0,2025-09-24
INV04036,PROD0234,STR001,236,119,267,74.0,2025-02-13
INV04037,PROD0014,STR011,472,45,217,42.0,2025-01-04
INV04038,PROD0143,STR001,124,145,59,52.0,2025-02-03
INV04039,PROD0022,STR001,264,273,375,77.0,2024-11-15
INV04040,PROD0055,STR011,270,160,232,46.0,2024-06-28
INV04041,PROD0207,STR010,293,139,185,35.0,2025-05-31
INV04042,PROD0190,STR013,462,147,65,43.0,2025-07-17
INV04043,PROD0035,STR014,242,25,42,43.0,2025-09-27
INV04044,PROD0095,STR011,372,1,116,76.0,2024-12-10
INV04045,PROD0022,STR012,101,183,92,19.0,2025-02-25
INV04046,PROD0083,STR002,72,186,108,19.0,2025-07-01
INV04047,PROD0174,STR002,112,106,214,76.0,2025-02-24
INV04048,PROD0111,STR015,338,262,313,45.0,2024-03-03
INV04049,PROD0014,STR001,252,192,309,37.0,2024-03-05
INV04050,PROD0047,STR011,402,254,342,66.0,2025-03-05
INV04051,PROD0093,STR004,303,106,26,32.0,2025-10-19
INV04052,PROD0100,STR003,296,222,222,33.0,2024-07-12
INV04053,PROD0104,STR011,248,169,112,78.0,2024-09-30
INV04054,PROD0151,STR015,374,48,390,67.0,2024-02-05
INV04055,PROD0140,STR011,201,209,96,49.0,2024-02-14
INV04056,PROD0119,STR015,322,54,325,76.0,2024-10-10
INV04057,PROD0207,STR001,33,259,131,30.0,2025-03-03
INV04058,PROD0226,STR001,483,266,10,72.0,2025-11-26
INV04059,PROD0200,STR015,167,75,372,48.0,2024-12-10
INV04060,PROD0235,STR012,132,80,253,59.0,2025-07-02
INV04061,PROD0196,STR009,230,83,287,13.0,2025-04-02
INV04062,PROD0250,STR015,481,54,383,47.0,2025-04-12
INV04063,PROD0231,STR003,432,279,361,45.0,2024-12-20
INV04064,PROD0166,STR013,253,199,193,67.0,2024-08-10
INV04065,PROD0111,STR015,347,219,118,34.0,2025-06-10
INV04066,PROD0215,STR014,485,146,395,35.0,2025-06-07
INV04067,PROD0245,STR015,450,234,205,31.0,2025-02-21
INV04068,PROD0164,STR011,314,86,240,45.0,2024-11-30
INV04069,PROD0044,STR001,135,281,168,73.0,2024-10-03
INV04070,PROD0084,STR002,222,151,295,57.0,2025-08-19
INV04071,PROD0076,STR005,252,134,191,48.0,2024-01-14
INV04072,PROD0192,STR003,111,292,332,67.0,2024-08-11
INV04073,PROD0015,STR006,394,244,35,69.0,2024-12-13
INV04074,PROD0249,STR004,469,35,66,60.0,2024-10-23
INV04075,PROD0152,STR005,56,34,141,26.0,2025-02-28
INV04076,PROD0145,STR008,80,131,71,58.0,2025-09-06
INV04077,PROD0060,STR010,98,269,223,61.0,2024-09-10
INV04078,PROD0103,STR007,41,107,238,23.0,2025-01-08
INV04079,PROD0220,STR012,445,3,294,73.0,2024-12-22
INV04080,PROD0214,STR008,97,185,20,20.0,2025-08-07
INV04081,PROD0018,STR012,139,187,148,60.0,2024-03-08
INV04082,PROD0190,STR008,33,185,260,40.0,2024-07-25
INV04083,PROD0135,STR005,430,266,104,24.0,2025-09-22
INV04084,PROD0049,STR015,120,226,163,15.0,2024-03-01
INV04085,PROD0044,STR009,435,160,276,65.0,2025-09-16
INV04086,PROD0034,STR014,41,33,84,51.0,2024-01-02
INV04087,PROD0147,STR015,274,153,242,56.0,2025-10-14
INV04088,PROD0200,STR001,447,32,243,28.0,2025-04-07
INV04089,PROD0077,STR004,236,192,267,32.0,2024-06-29
INV04090,PROD0122,STR002,190,107,212,42.0,2024-07-28
INV04091,PROD0198,STR005,463,111,266,74.0,2025-08-09
INV04092,PROD0185,STR003,333,184,314,78.0,2024-01-22
INV04093,PROD0247,STR013,342,255,235,53.0,2024-08-06
INV04094,PROD0008,STR002,309,197,204,77.0,2024-10-29
INV04095,PROD0128,STR011,499,268,365,21.0,2024-12-30
INV04096,PROD0019,STR013,415,140,237,16.0,2024-08-04
INV04097,PROD0176,STR014,136,49,145,60.0,2024-12-24
INV04098,PROD0185,STR011,478,65,221,30.0,2024-01-29
INV04099,PROD0164,STR011,177,127,37,78.0,2024-03-16
INV04100,PROD0154,STR008,53,247,172,13.0,2024-03-08
INV04101,PROD0180,STR015,142,277,167,74.0,2025-01-21
INV04102,PROD0184,STR010,45,0,280,66.0,2025-05-08
INV04103,PROD0216,STR006,76,184,324,40.0,2025-08-14
INV04104,PROD0246,STR002,163,59,242,37.0,2024-06-03
INV04105,PROD0083,STR009,303,126,293,42.0,2024-05-07
INV04106,PROD0005,STR008,109,5,211,18.0,2024-11-22
INV04107,PROD0143,STR013,121,220,241,72.0,2025-08-29
INV04108,PROD0246,STR006,269,197,380,53.0,2025-10-17
INV04109,PROD0098,STR015,354,227,257,42.0,2024-06-22
INV04110,PROD0044,STR005,424,45,38,22.0,2024-03-07
INV04111,PROD0033,STR013,400,168,312,18.0,2025-05-24
INV04112,PROD0077,STR004,115,296,267,59.0,2024-01-26
INV04113,PROD0249,STR014,436,59,93,63.0,2025-03-18
INV04114,PROD0131,STR004,377,296,355,20.0,2024-03-07
INV04115,PROD0004,STR008,162,89,217,35.0,2024-04-13
INV04116,PROD0115,STR002,99,270,186,68.0,2024-01-21
INV04117,PROD0234,STR001,263,296,57,11.0,2025-01-08
INV04118,PROD0029,STR005,436,190,312,15.0,2024-04-23
INV04119,PROD0159,STR012,296,280,252,12.0,2024-06-17
INV04120,PROD0224,STR008,62,127,129,13.0,2024-03-10
INV04121,PROD0123,STR008,265,251,74,46.0,2024-11-25
INV04122,PROD0015,STR006,52,37,291,76.0,2025-03-09
INV04123,PROD0039,STR008,52,202,271,52.0,2025-04-22
INV04124,PROD0230,STR008,167,145,349,47.0,2024-01-18
INV04125,PROD0232,STR014,216,210,269,25.0,2024-01-16
INV04126,PROD0119,STR009,130,221,262,65.0,2024-06-29
INV04127,PROD0072,STR015,443,181,105,48.0,2024-01-08
INV04128,PROD0114,STR001,293,141,163,59.0,2025-07-17
INV04129,PROD0134,STR004,338,109,0,11.0,2024-01-06
INV04130,PROD0165,STR015,46,216,219,70.0,2024-01-17
INV04131,PROD0181,STR014,30,65,118,38.0,2024-03-29
INV04132,PROD0125,STR002,304,235,128,13.0,2025-02-20
INV04133,PROD0077,STR004,304,165,114,33.0,2025-06-28
INV04134,PROD0102,STR007,379,205,307,77.0,2025-01-21
INV04135,PROD0167,STR009,473,27,334,34.0,2025-08-20
INV04136,PROD0075,STR006,389,27,386,43.0,2024-12-03
INV04137,PROD0214,STR005,454,48,38,66.0,2025-11-23
INV04138,PROD0171,STR013,420,172,138,18.0,2025-02-12
INV04139,PROD0099,STR012,390,109,130,24.0,2024-11-27
INV04140,PROD0141,STR013,180,287,5,44.0,2025-02-21
INV04141,PROD0123,STR006,423,257,271,25.0,2025-08-24
INV04142,PROD0010,STR008,168,214,8,13.0,2025-09-02
INV04143,PROD0237,STR015,283,223,39,42.0,2025-06-08
INV04144,PROD0222,STR009,339,40,245,60.0,2024-03-28
INV04145,PROD0247,STR008,94,267,277,68.0,2025-02-27
INV04146,PROD0196,STR014,153,210,43,12.0,2024-04-17
INV04147,PROD0032,STR012,154,59,280,28.0,2024-07-30
INV04148,PROD0167,STR002,128,55,332,34.0,2024-10-20
INV04149,PROD0150,STR006,488,91,351,66.0,2025-06-14
INV04150,PROD0148,STR001,273,84,302,31.0,2025-05-19
INV04151,PROD0044,STR006,469,5,302,51.0,2024-01-26
INV04152,PROD0165,STR014,366,146,91,44.0,2024-09-26
INV04153,PROD0144,STR011,96,274,41,12.0,2024-08-21
INV04154,PROD0249,STR015,266,230,127,59.0,2024-06-30
INV04155,PROD0202,STR012,413,220,133,72.0,2025-04-09
INV04156,PROD0246,STR010,148,247,365,54.0,2024-02-29
INV04157,PROD0008,STR002,231,75,25,28.0,2024-12-27
INV04158,PROD0195,STR014,455,293,263,30.0,2024-10-22
INV04159,PROD0171,STR009,368,162,188,55.0,2024-11-30
INV04160,PROD0182,STR013,189,40,145,26.0,2025-04-19
INV04161,PROD0120,STR011,254,72,356,71.0,2024-12-17
INV04162,PROD0077,STR007,223,277,164,43.0,2025-01-26
INV04163,PROD0077,STR003,141,138,379,69.0,2024-02-08
INV04164,PROD0199,STR010,108,108,159,37.0,2025-05-13
INV04165,PROD0067,STR013,336,245,312,51.0,2025-01-07
INV04166,PROD0246,STR013,214,183,60,52.0,2025-03-31
INV04167,PROD0220,STR004,313,18,10,66.0,2024-05-28
INV04168,PROD0237,STR013,182,133,385,44.0,2024-06-16
INV04169,PROD0016,STR009,30,66,252,57.0,2024-07-01
INV04170,PROD0152,STR001,176,109,261,73.0,2025-06-21
INV04171,PROD0156,STR011,355,241,25,42.0,2024-01-08
INV04172,PROD0073,STR006,26,186,23,68.0,2025-01-18
INV04173,PROD0178,STR002,452,202,94,65.0,2025-02-16
INV04174,PROD0087,STR014,236,161,170,53.0,2024-06-23
INV04175,PROD0035,STR010,480,178,299,56.0,2025-09-26
INV04176,PROD0149,STR011,64,221,134,45.0,2024-12-22
INV04177,PROD0063,STR003,417,72,146,49.0,2025-07-22
INV04178,PROD0063,STR013,165,28,298,66.0,2025-06-13
INV04179,PROD0080,STR001,129,112,265,60.0,2024-05-30
INV04180,PROD0188,STR014,92,65,50,65.0,2025-08-10
INV04181,PROD0135,STR014,295,125,58,71.0,2024-04-22
INV04182,PROD0043,STR015,399,299,158,30.0,2024-06-25
INV04183,PROD0163,STR004,173,258,110,16.0,2025-10-03
INV04184,PROD0062,STR011,471,82,163,73.0,2024-12-10
INV04185,PROD0035,STR006,92,88,46,54.0,2024-01-06
INV04186,PROD0153,STR001,183,194,394,18.0,2025-09-12
INV04187,PROD0083,STR003,59,172,31,59.0,2024-04-20
INV04188,PROD0210,STR013,347,281,307,41.0,2025-07-24
INV04189,PROD0127,STR001,325,219,319,78.0,2025-06-04
INV04190,PROD0054,STR006,181,199,183,78.0,2024-04-28
INV04191,PROD0140,STR005,370,239,384,30.0,2024-10-06
INV04192,PROD0013,STR013,124,14,135,41.0,2024-06-18
INV04193,PROD0202,STR012,431,68,65,11.0,2024-10-08
INV04194,PROD0096,STR002,178,78,245,44.0,2025-01-01
INV04195,PROD0098,STR012,433,122,264,64.0,2024-10-06
INV04196,PROD0018,STR011,271,170,114,19.0,2025-08-23
INV04197,PROD0178,STR005,428,20,87,54.0,2025-06-01
INV04198,PROD0029,STR004,163,45,392,28.0,2024-12-25
INV04199,PROD0231,STR008,326,107,275,16.0,2024-04-20
INV04200,PROD0179,STR009,116,244,83,33.0,2024-10-09
INV04201,PROD0146,STR011,375,270,148,27.0,2025-06-03
INV04202,PROD0237,STR008,150,140,293,45.0,2025-06-02
INV04203,PROD0077,STR009,22,296,315,42.0,2025-02-10
INV04204,PROD0186,STR012,48,169,273,42.0,2024-06-13
INV04205,PROD0022,STR012,249,118,108,11.0,2024-11-26
INV04206,PROD0204,STR009,163,74,57,68.0,2024-02-27
INV04207,PROD0206,STR015,37,13,12,62.0,2024-04-12
INV04208,PROD0032,STR004,135,75,396,49.0,2025-07-14
INV04209,PROD0064,STR006,53,216,290,11.0,2024-04-06
INV04210,PROD0137,STR004,111,71,255,12.0,2024-09-12
INV04211,PROD0067,STR006,354,236,295,70.0,2024-03-27
INV04212,PROD0245,STR013,349,196,127,38.0,2025-11-04
INV04213,PROD0243,STR007,157,19,380,71.0,2024-07-17
INV04214,PROD0091,STR004,25,78,336,18.0,2024-10-04
INV04215,PROD0156,STR002,349,274,221,52.0,2024-05-24
INV04216,PROD0047,STR001,207,71,51,65.0,2025-09-24
INV04217,PROD0203,STR006,489,112,124,46.0,2024-01-04
INV04218,PROD0064,STR011,280,260,75,29.0,2024-02-21
INV04219,PROD0054,STR004,70,75,31,55.0,2025-10-11
INV04220,PROD0007,STR006,194,212,203,69.0,2024-02-23
INV04221,PROD0101,STR005,462,60,180,34.0,2024-01-08
INV04222,PROD0194,STR012,84,127,283,65.0,2024-10-28
INV04223,PROD0219,STR007,139,259,327,78.0,2024-08-22
INV04224,PROD0211,STR014,40,299,242,69.0,2025-04-24
INV04225,PROD0167,STR005,101,254,20,11.0,2025-08-03
INV04226,PROD0162,STR003,328,61,367,19.0,2024-07-27
INV04227,PROD0111,STR015,314,206,247,20.0,2024-02-18
INV04228,PROD0174,STR014,311,122,183,64.0,2024-07-18
INV04229,PROD0197,STR012,257,141,125,75.0,2024-05-16
INV04230,PROD0176,STR009,380,76,372,50.0,2024-11-13
INV04231,PROD0133,STR010,28,193,304,27.0,2025-11-27
INV04232,PROD0163,STR011,499,287,218,28.0,2025-11-29
INV04233,PROD0081,STR006,170,4,371,35.0,2024-01-09
INV04234,PROD0173,STR013,93,92,36,31.0,2025-02-26
INV04235,PROD0142,STR003,315,29,145,21.0,2024-02-22
INV04236,PROD0049,STR014,480,218,397,61.0,2024-04-18
INV04237,PROD0225,STR011,60,235,175,34.0,2024-01-25
INV04238,PROD0067,STR005,440,73,368,69.0,2024-11-16
INV04239,PROD0023,STR012,268,253,184,76.0,2024-03-28
INV04240,PROD0040,STR007,496,57,213,11.0,2024-08-07
INV04241,PROD0125,STR015,190,222,258,60.0,2025-02-26
INV04242,PROD0010,STR002,331,190,382,57.0,2025-07-12
INV04243,PROD0183,STR002,164,192,27,10.0,2024-01-17
INV04244,PROD0184,STR004,295,106,338,10.0,2024-05-25
INV04245,PROD0117,STR010,250,255,354,45.0,2024-03-31
INV04246,PROD0006,STR015,267,147,246,77.0,2024-12-03
INV04247,PROD0036,STR014,311,268,162,14.0,2025-10-12
INV04248,PROD0115,STR008,344,94,82,63.0,2025-06-16
INV04249,PROD0213,STR003,393,66,356,12.0,2024-10-31
INV04250,PROD0191,STR007,323,295,80,67.0,2025-09-26
INV04251,PROD0004,STR003,434,289,112,33.0,2025-03-09
INV04252,PROD0041,STR008,410,4,238,12.0,2025-08-20
INV04253,PROD0241,STR011,298,156,339,64.0,2024-04-27
INV04254,PROD0146,STR003,221,50,216,51.0,2025-01-12
INV04255,PROD0025,STR002,23,195,14,12.0,2024-04-13
INV04256,PROD0077,STR001,198,178,391,28.0,2024-10-08
INV04257,PROD0162,STR015,155,230,219,66.0,2025-10-28
INV04258,PROD0024,STR008,286,157,106,13.0,2025-02-12
INV04259,PROD0109,STR008,462,175,125,78.0,2025-01-08
INV04260,PROD0002,STR014,117,93,280,62.0,2025-04-22
INV04261,PROD0126,STR006,61,33,92,61.0,2025-03-02
INV04262,PROD0159,STR013,230,219,58,69.0,2024-04-13
INV04263,PROD0059,STR011,327,17,189,44.0,2024-03-01
INV04264,PROD0161,STR004,164,74,329,59.0,2025-06-09
INV04265,PROD0151,STR013,330,154,221,17.0,2025-01-20
INV04266,PROD0245,STR003,190,281,296,59.0,2024-07-09
INV04267,PROD0076,STR008,415,249,139,67.0,2025-08-10
INV04268,PROD0202,STR005,486,54,111,49.0,2024-11-29
INV04269,PROD0219,STR003,410,36,351,24.0,2024-07-27
INV04270,PROD0019,STR008,233,257,376,46.0,2024-10-24
INV04271,PROD0011,STR013,85,263,314,17.0,2024-10-06
INV04272,PROD0141,STR001,46,236,352,72.0,2025-01-09
INV04273,PROD0086,STR007,123,46,48,54.0,2025-11-17
INV04274,PROD0102,STR005,259,183,210,60.0,2024-10-21
INV04275,PROD0153,STR005,363,166,329,66.0,2024-04-07
INV04276,PROD0019,STR011,127,93,97,29.0,2025-03-07
INV04277,PROD0167,STR003,272,289,143,76.0,2025-02-14
INV04278,PROD0208,STR009,289,2,137,77.0,2024-07-21
INV04279,PROD0191,STR008,295,173,32,70.0,2025-09-08
INV04280,PROD0047,STR007,20,70,238,49.0,2025-08-30
INV04281,PROD0035,STR011,353,29,178,54.0,2025-08-14
INV04282,PROD0221,STR003,262,193,6,61.0,2025-09-03
INV04283,PROD0205,STR013,396,119,380,74.0,2025-05-27
INV04284,PROD0200,STR011,22,223,378,59.0,2024-04-28
INV04285,PROD0146,STR015,42,77,384,65.0,2025-12-01
INV04286,PROD0227,STR011,352,230,231,50.0,2024-02-06
INV04287,PROD0036,STR006,319,291,393,15.0,2025-07-05
INV04288,PROD0174,STR008,105,146,263,63.0,2025-06-08
INV04289,PROD0152,STR015,312,14,358,50.0,2024-02-29
INV04290,PROD0030,STR003,321,188,6,54.0,2025-11-10
INV04291,PROD0028,STR006,38,52,393,15.0,2024-08-26
INV04292,PROD0166,STR014,333,87,95,49.0,2024-04-20
INV04293,PROD0116,STR008,144,45,274,47.0,2024-03-10
INV04294,PROD0162,STR005,456,1,262,32.0,2025-07-08
INV04295,PROD0030,STR010,450,112,168,46.0,2025-10-19
INV04296,PROD0167,STR004,179,229,116,74.0,2024-01-26
INV04297,PROD0048,STR001,271,144,268,47.0,2025-07-28
INV04298,PROD0157,STR007,193,97,249,54.0,2025-09-06
INV04299,PROD0242,STR014,121,254,193,66.0,2024-11-16
INV04300,PROD0206,STR011,100,137,288,79.0,2024-03-22
INV04301,PROD0240,STR012,456,90,37,49.0,2024-12-27
INV04302,PROD0217,STR001,81,134,314,63.0,2025-09-22
INV04303,PROD0034,STR009,58,270,15,72.0,2024-11-16
INV04304,PROD0098,STR002,61,130,331,49.0,2025-07-02
INV04305,PROD0208,STR011,151,165,221,13.0,2024-01-22
INV04306,PROD0078,STR001,204,92,364,12.0,2024-04-03
INV04307,PROD0247,STR001,439,47,110,47.0,2025-07-31
INV04308,PROD0012,STR004,195,109,168,65.0,2024-04-13
INV04309,PROD0027,STR002,122,23,387,33.0,2025-05-18
INV04310,PROD0129,STR002,404,266,49,20.0,2025-08-05
INV04311,PROD0241,STR007,220,83,111,73.0,2025-06-26
INV04312,PROD0118,STR009,183,271,237,58.0,2024-05-12
INV04313,PROD0038,STR010,165,123,36,34.0,2024-04-09
INV04314,PROD0197,STR001,373,266,183,66.0,2024-12-05
INV04315,PROD0071,STR006,407,22,56,28.0,2025-04-20
INV04316,PROD0015,STR010,190,203,159,63.0,2025-11-20
INV04317,PROD0175,STR003,473,83,346,45.0,2024-03-08
INV04318,PROD0207,STR004,141,78,74,20.0,2025-02-26
INV04319,PROD0141,STR011,200,196,126,46.0,2024-05-21
INV04320,PROD0208,STR008,266,165,171,78.0,2024-09-22
INV04321,PROD0031,STR009,230,163,0,72.0,2024-10-07
INV04322,PROD0142,STR006,139,96,34,76.0,2024-07-29
INV04323,PROD0175,STR006,74,16,99,68.0,2024-04-06
INV04324,PROD0114,STR012,453,201,326,75.0,2024-07-20
INV04325,PROD0196,STR007,177,6,371,62.0,2025-03-08
INV04326,PROD0017,STR002,273,30,279,59.0,2024-06-10
INV04327,PROD0174,STR013,143,204,143,34.0,2025-11-09
INV04328,PROD0178,STR002,417,112,18,71.0,2024-03-03
INV04329,PROD0106,STR013,241,258,211,20.0,2024-08-12
INV04330,PROD0121,STR013,169,169,217,12.0,2025-06-08
INV04331,PROD0104,STR012,173,204,108,35.0,2024-01-08
INV04332,PROD0100,STR001,345,16,310,29.0,2024-09-09
INV04333,PROD0065,STR007,124,283,75,35.0,2024-06-10
INV04334,PROD0185,STR013,428,105,358,77.0,2025-08-08
INV04335,PROD0169,STR012,309,279,262,73.0,2025-10-19
INV04336,PROD0062,STR002,375,85,110,23.0,2025-01-12
INV04337,PROD0005,STR006,134,16,215,14.0,2025-06-26
INV04338,PROD0072,STR001,339,103,363,19.0,2024-07-30
INV04339,PROD0167,STR001,467,112,1,41.0,2025-05-27
INV04340,PROD0190,STR006,67,213,373,23.0,2025-11-29
INV04341,PROD0068,STR003,410,187,364,77.0,2025-07-07
INV04342,PROD0112,STR015,241,239,112,37.0,2024-01-04
INV04343,PROD0056,STR011,213,45,88,41.0,2024-10-07
INV04344,PROD0181,STR012,73,182,120,64.0,2024-02-14
INV04345,PROD0032,STR010,381,297,390,18.0,2024-05-21
INV04346,PROD0248,STR015,283,232,365,27.0,2024-08-19
INV04347,PROD0078,STR008,78,166,32,49.0,2025-01-16
INV04348,PROD0241,STR010,156,233,371,29.0,2024-01-09
INV04349,PROD0132,STR013,364,224,396,12.0,2024-06-16
INV04350,PROD0132,STR007,61,235,234,52.0,2025-10-13
INV04351,PROD0022,STR015,465,100,363,17.0,2024-07-21
INV04352,PROD0115,STR001,382,101,156,55.0,2025-05-20
INV04353,PROD0109,STR005,178,27,149,61.0,2024-02-21
INV04354,PROD0249,STR008,449,64,81,34.0,2025-03-12
INV04355,PROD0171,STR003,319,153,160,70.0,2024-12-13
INV04356,PROD0209,STR002,256,33,258,30.0,2024-09-20
INV04357,PROD0127,STR010,223,290,283,75.0,2025-09-21
INV04358,PROD0029,STR010,155,257,89,13.0,2024-06-06
INV04359,PROD0130,STR006,295,172,234,19.0,2024-06-30
INV04360,PROD0080,STR014,407,234,226,48.0,2025-07-22
INV04361,PROD0090,STR015,276,251,368,29.0,2025-11-13
INV04362,PROD0146,STR006,133,118,319,65.0,2024-12-08
INV04363,PROD0094,STR010,362,205,40,14.0,2024-04-15
INV04364,PROD0099,STR001,269,182,195,45.0,2025-09-02
INV04365,PROD0164,STR001,349,105,309,27.0,2025-06-16
INV04366,PROD0245,STR001,74,272,47,22.0,2024-02-22
INV04367,PROD0249,STR009,354,37,146,49.0,2024-09-06
INV04368,PROD0222,STR008,187,294,259,78.0,2025-05-28
INV04369,PROD0027,STR001,366,130,9,22.0,2025-02-17
INV04370,PROD0222,STR007,23,207,79,77.0,2025-09-09
INV04371,PROD0080,STR012,474,165,47,73.0,2024-06-04
INV04372,PROD0128,STR015,283,6,78,34.0,2025-04-19
INV04373,PROD0064,STR010,177,165,383,39.0,2025-04-21
INV04374,PROD0209,STR014,240,244,89,40.0,2025-06-21
INV04375,PROD0222,STR013,221,195,59,11.0,2024-04-21
INV04376,PROD0225,STR012,28,3,55,32.0,2024-04-16
INV04377,PROD0177,STR001,418,221,208,70.0,2025-08-14
INV04378,PROD0197,STR004,458,54,357,51.0,2024-01-06
INV04379,PROD0010,STR010,233,121,52,36.0,2025-06-23
INV04380,PROD0083,STR009,329,71,346,17.0,2025-02-10
INV04381,PROD0098,STR015,229,86,345,15.0,2025-04-22
INV04382,PROD0227,STR007,289,151,304,46.0,2024-12-28
INV04383,PROD0019,STR002,191,85,348,73.0,2025-06-09
INV04384,PROD0187,STR012,206,295,20,58.0,2025-07-04
INV04385,PROD0233,STR013,160,288,344,77.0,2025-03-16
INV04386,PROD0096,STR015,217,44,143,54.0,2025-04-15
INV04387,PROD0202,STR003,157,264,246,74.0,2025-01-17
INV04388,PROD0204,STR008,405,171,24,33.0,2024-08-21
INV04389,PROD0238,STR005,157,223,5,66.0,2024-02-24
INV04390,PROD0222,STR015,132,259,73,29.0,2025-03-07
INV04391,PROD0206,STR015,301,296,202,64.0,2025-07-21
INV04392,PROD0214,STR005,184,274,112,38.0,2025-10-16
INV04393,PROD0240,STR008,264,187,351,78.0,2024-02-10
INV04394,PROD0101,STR008,322,72,71,72.0,2025-06-30
INV04395,PROD0235,STR011,267,20,210,15.0,2025-10-14
INV04396,PROD0214,STR015,54,71,16,54.0,2025-08-31
INV04397,PROD0115,STR011,468,102,131,25.0,2024-06-21
INV04398,PROD0114,STR010,343,57,119,40.0,2024-04-14
INV04399,PROD0177,STR009,91,28,137,66.0,2024-03-12
INV04400,PROD0019,STR012,480,254,151,39.0,2024-07-04
INV04401,PROD0212,STR015,39,273,241,34.0,2025-10-18
INV04402,PROD0099,STR001,117,172,99,78.0,2025-10-06
INV04403,PROD0044,STR010,195,65,313,48.0,2024-10-27
INV04404,PROD0013,STR004,402,103,30,18.0,2024-07-01
INV04405,PROD0207,STR007,249,122,234,77.0,2024-12-14
INV04406,PROD0147,STR005,104,298,323,79.0,2024-06-20
INV04407,PROD0175,STR004,484,68,157,26.0,2025-04-17
INV04408,PROD0023,STR015,314,111,105,41.0,2025-09-22
INV04409,PROD0230,STR005,148,209,368,46.0,2024-06-06
INV04410,PROD0058,STR009,348,157,4,52.0,2025-03-02
INV04411,PROD0084,STR006,322,229,82,78.0,2025-10-02
INV04412,PROD0095,STR013,379,19,132,72.0,2024-12-29
INV04413,PROD0221,STR004,333,261,185,44.0,2025-07-12
INV04414,PROD0145,STR003,24,82,88,32.0,2025-01-24
INV04415,PROD0059,STR009,432,50,85,32.0,2025-06-15
INV04416,PROD0049,STR004,353,250,31,13.0,2025-07-07
INV04417,PROD0109,STR013,376,189,380,31.0,2024-06-24
INV04418,PROD0037,STR010,428,128,157,57.0,2024-02-20
INV04419,PROD0097,STR010,104,46,150,21.0,2025-09-10
INV04420,PROD0090,STR007,302,248,318,46.0,2025-10-17
INV04421,PROD0035,STR015,121,77,178,60.0,2024-09-09
INV04422,PROD0044,STR011,69,149,340,42.0,2025-05-29
INV04423,PROD0027,STR004,411,78,391,24.0,2025-07-28
INV04424,PROD0076,STR012,494,74,2,57.0,2024-12-12
INV04425,PROD0207,STR008,157,11,45,42.0,2024-07-02
INV04426,PROD0014,STR007,206,282,202,78.0,2025-09-18
INV04427,PROD0080,STR001,119,131,131,31.0,2025-04-18
INV04428,PROD0211,STR012,67,261,206,50.0,2024-11-24
INV04429,PROD0049,STR015,315,283,77,63.0,2024-06-15
INV04430,PROD0211,STR006,69,117,285,38.0,2024-04-04
INV04431,PROD0216,STR003,294,16,307,55.0,2024-07-19
INV04432,PROD0208,STR003,140,138,91,29.0,2025-11-22
INV04433,PROD0208,STR014,170,59,88,53.0,2024-01-22
INV04434,PROD0036,STR002,55,194,143,43.0,2024-06-25
INV04435,PROD0164,STR014,229,152,63,27.0,2024-02-23
INV04436,PROD0056,STR001,484,15,166,57.0,2025-10-18
INV04437,PROD0152,STR001,242,22,91,15.0,2024-07-26
INV04438,PROD0011,STR013,56,18,35,67.0,2024-07-01
INV04439,PROD0168,STR008,165,16,196,19.0,2024-03-01
INV04440,PROD0195,STR010,396,127,105,61.0,2025-10-08
INV04441,PROD0055,STR004,141,151,141,42.0,2024-07-24
INV04442,PROD0042,STR001,140,17,398,28.0,2025-10-06
INV04443,PROD0183,STR010,403,149,306,44.0,2024-05-10
INV04444,PROD0231,STR015,369,88,342,75.0,2024-05-19
INV04445,PROD0059,STR008,35,219,236,19.0,2024-11-30
INV04446,PROD0045,STR010,255,295,366,72.0,2025-02-11
INV04447,PROD0125,STR011,251,168,143,61.0,2024-04-04
INV04448,PROD0027,STR010,42,35,170,13.0,2025-10-17
INV04449,PROD0030,STR011,188,10,107,31.0,2025-08-28
INV04450,PROD0213,STR012,375,221,100,50.0,2024-09-02
INV04451,PROD0004,STR007,396,266,16,41.0,2024-10-15
INV04452,PROD0122,STR014,202,89,164,15.0,2024-02-04
INV04453,PROD0048,STR011,290,208,188,28.0,2025-11-30
INV04454,PROD0073,STR006,176,282,289,34.0,2024-04-08
INV04455,PROD0213,STR004,60,171,91,42.0,2025-06-04
INV04456,PROD0059,STR013,473,275,43,18.0,2025-11-08
INV04457,PROD0225,STR014,467,3,303,34.0,2024-08-04
INV04458,PROD0049,STR010,481,144,110,20.0,2024-06-23
INV04459,PROD0032,STR008,474,289,354,62.0,2024-10-20
INV04460,PROD0099,STR008,307,234,61,21.0,2024-01-10
INV04461,PROD0120,STR012,214,225,140,64.0,2025-04-05
INV04462,PROD0194,STR012,110,229,315,40.0,2025-07-26
INV04463,PROD0160,STR002,477,254,233,46.0,2025-04-28
INV04464,PROD0144,STR012,489,149,207,21.0,2024-12-05
INV04465,PROD0223,STR009,37,124,143,56.0,2024-10-02
INV04466,PROD0178,STR015,380,241,28,18.0,2024-11-26
INV04467,PROD0036,STR011,428,196,67,18.0,2025-11-08
INV04468,PROD0156,STR012,371,288,73,57.0,2025-11-02
INV04469,PROD0091,STR014,462,42,34,28.0,2025-09-06
INV04470,PROD0157,STR001,236,52,135,17.0,2024-07-26
INV04471,PROD0077,STR001,244,84,146,45.0,2024-04-15
INV04472,PROD0060,STR010,238,111,265,36.0,2024-04-15
INV04473,PROD0019,STR006,75,31,326,48.0,2025-04-18
INV04474,PROD0048,STR008,68,288,151,55.0,2024-03-04
INV04475,PROD0181,STR002,177,280,38,32.0,2025-04-22
INV04476,PROD0210,STR002,179,222,271,10.0,2025-11-08
INV04477,PROD0144,STR015,321,254,110,57.0,2025-07-31
INV04478,PROD0109,STR005,254,238,250,48.0,2025-04-08
INV04479,PROD0117,STR006,287,189,244,58.0,2024-12-25
INV04480,PROD0146,STR013,239,247,321,75.0,2025-05-24
INV04481,PROD0189,STR008,38,53,350,53.0,2025-01-19
INV04482,PROD0035,STR010,269,85,98,59.0,2024-01-28
INV04483,PROD0047,STR010,149,132,119,47.0,2024-04-23
INV04484,PROD0148,STR005,164,61,91,61.0,2025-07-18
INV04485,PROD0005,STR012,261,67,317,41.0,2025-03-25
INV04486,PROD0051,STR008,398,72,99,64.0,2024-09-13
INV04487,PROD0023,STR009,24,136,230,69.0,2024-06-25
INV04488,PROD0068,STR001,273,233,205,33.0,2025-08-29
INV04489,PROD0099,STR007,32,98,151,53.0,2025-07-24
INV04490,PROD0194,STR009,352,62,19,36.0,2024-06-20
INV04491,PROD0048,STR015,221,103,180,44.0,2024-03-25
INV04492,PROD0151,STR008,226,56,264,69.0,2024-02-09
INV04493,PROD0165,STR015,164,58,22,36.0,2025-01-17
INV04494,PROD0214,STR001,346,175,258,21.0,2024-12-03
INV04495,PROD0025,STR010,495,232,286,13.0,2025-04-01
INV04496,PROD0084,STR014,32,287,318,60.0,2025-03-11
INV04497,PROD0002,STR014,90,121,111,27.0,2024-09-08
INV04498,PROD0082,STR012,366,82,19,26.0,2024-03-22
INV04499,PROD0024,STR003,319,288,53,17.0,2024-07-22
INV04500,PROD0042,STR005,177,202,19,60.0,2024-11-06
INV04501,PROD0025,STR014,407,188,12,67.0,2024-07-11
INV04502,PROD0088,STR007,403,59,85,39.0,2024-10-20
INV04503,PROD0097,STR008,388,1,159,55.0,2024-07-15
INV04504,PROD0082,STR015,289,52,397,42.0,2025-09-02
INV04505,PROD0224,STR015,222,281,85,79.0,2025-01-16
INV04506,PROD0124,STR013,169,81,60,38.0,2025-03-16
INV04507,PROD0170,STR012,305,177,287,43.0,2025-05-15
INV04508,PROD0179,STR015,74,25,157,21.0,2025-10-08
INV04509,PROD0125,STR007,193,159,210,79.0,2025-09-22
INV04510,PROD0160,STR009,185,292,374,41.0,2025-03-05
INV04511,PROD0233,STR010,91,80,370,37.0,2024-11-14
INV04512,PROD0177,STR003,295,52,114,69.0,2025-09-21
INV04513,PROD0096,STR010,448,201,32,31.0,2025-06-23
INV04514,PROD0156,STR015,151,290,52,49.0,2025-08-20
INV04515,PROD0074,STR006,142,1,339,43.0,2025-08-16
INV04516,PROD0246,STR003,391,91,131,77.0,2024-07-27
INV04517,PROD0149,STR004,423,107,67,34.0,2025-02-13
INV04518,PROD0028,STR011,123,67,288,25.0,2024-01-23
INV04519,PROD0052,STR001,222,68,382,40.0,2024-06-14
INV04520,PROD0205,STR004,104,94,270,67.0,2025-09-20
INV04521,PROD0218,STR014,453,224,55,41.0,2024-11-03
INV04522,PROD0173,STR006,84,85,39,13.0,2025-08-31
INV04523,PROD0027,STR013,39,144,137,16.0,2025-02-23
INV04524,PROD0138,STR009,233,104,77,59.0,2024-06-23
INV04525,PROD0079,STR003,119,188,195,20.0,2025-02-24
INV04526,PROD0085,STR002,476,282,137,36.0,2024-08-09
INV04527,PROD0183,STR012,490,237,291,12.0,2024-07-01
INV04528,PROD0211,STR010,433,88,216,57.0,2024-01-09
INV04529,PROD0074,STR004,484,186,307,12.0,2024-07-15
INV04530,PROD0110,STR003,395,272,245,24.0,2025-07-26
INV04531,PROD0196,STR008,315,190,332,38.0,2025-04-01
INV04532,PROD0099,STR015,451,295,218,30.0,2025-09-26
INV04533,PROD0230,STR002,94,133,220,13.0,2025-03-11
INV04534,PROD0200,STR015,430,237,128,22.0,2024-03-28
INV04535,PROD0196,STR005,490,171,26,49.0,2025-05-22
INV04536,PROD0007,STR014,111,258,221,73.0,2025-03-27
INV04537,PROD0038,STR006,267,197,277,76.0,2025-07-31
INV04538,PROD0203,STR014,352,190,265,43.0,2025-08-08
INV04539,PROD0151,STR007,175,32,398,42.0,2024-04-11
INV04540,PROD0008,STR008,342,10,31,74.0,2024-12-05
INV04541,PROD0225,STR001,251,255,190,14.0,2024-01-18
INV04542,PROD0058,STR011,424,8,18,50.0,2024-09-20
INV04543,PROD0218,STR004,484,224,376,29.0,2024-07-28
INV04544,PROD0068,STR008,209,155,94,11.0,2024-10-07
INV04545,PROD0081,STR005,45,122,167,13.0,2025-08-07
INV04546,PROD0129,STR003,42,203,125,31.0,2025-03-31
INV04547,PROD0111,STR014,280,232,340,22.0,2024-08-16
INV04548,PROD0024,STR015,443,288,390,77.0,2025-09-01
INV04549,PROD0232,STR008,91,0,190,16.0,2025-02-14
INV04550,PROD0033,STR008,36,19,333,38.0,2025-08-06
INV04551,PROD0089,STR010,265,255,244,48.0,2025-06-04
INV04552,PROD0161,STR013,436,296,349,60.0,2025-06-03
INV04553,PROD0044,STR010,68,154,219,21.0,2025-12-01
INV04554,PROD0050,STR012,400,293,142,42.0,2024-10-28
INV04555,PROD0057,STR010,314,131,360,36.0,2025-08-10
INV04556,PROD0105,STR011,438,98,151,12.0,2024-11-01
INV04557,PROD0060,STR012,330,73,62,12.0,2024-09-13
INV04558,PROD0161,STR008,304,98,16,65.0,2024-12-17
INV04559,PROD0174,STR001,23,143,164,55.0,2024-08-16
INV04560,PROD0057,STR013,354,43,143,27.0,2025-03-20
INV04561,PROD0017,STR003,240,276,71,78.0,2025-11-29
INV04562,PROD0187,STR001,148,272,254,14.0,2024-03-07
INV04563,PROD0134,STR007,104,206,291,67.0,2024-05-10
INV04564,PROD0177,STR005,460,193,175,27.0,2024-03-24
INV04565,PROD0222,STR013,409,247,39,17.0,2024-05-02
INV04566,PROD0044,STR003,174,210,362,46.0,2024-01-15
INV04567,PROD0227,STR011,82,194,258,47.0,2025-11-18
INV04568,PROD0191,STR012,253,50,106,20.0,2025-04-27
INV04569,PROD0086,STR005,128,280,371,52.0,2024-09-26
INV04570,PROD0052,STR012,176,135,181,69.0,2025-11-22
INV04571,PROD0178,STR004,476,249,170,44.0,2024-05-09
INV04572,PROD0057,STR008,74,233,67,62.0,2025-01-12
INV04573,PROD0080,STR007,481,21,85,39.0,2024-08-27
INV04574,PROD0232,STR008,425,296,130,32.0,2025-06-09
INV04575,PROD0007,STR013,275,173,139,72.0,2024-03-28
INV04576,PROD0238,STR013,201,219,167,46.0,2024-06-05
INV04577,PROD0155,STR011,317,120,383,72.0,2024-06-07
INV04578,PROD0108,STR008,405,166,30,45.0,2025-11-13
INV04579,PROD0106,STR012,138,133,364,32.0,2025-05-20
INV04580,PROD0009,STR008,263,28,311,70.0,2025-01-07
INV04581,PROD0163,STR009,277,45,77,44.0,2024-11-28
INV04582,PROD0183,STR005,265,184,319,79.0,2024-12-02
INV04583,PROD0178,STR002,367,202,200,13.0,2025-07-21
INV04584,PROD0168,STR006,77,229,146,41.0,2025-05-19
INV04585,PROD0202,STR014,294,137,112,61.0,2024-08-18
INV04586,PROD0230,STR010,30,89,155,21.0,2025-04-10
INV04587,PROD0018,STR013,281,254,368,47.0,2024-01-26
INV04588,PROD0133,STR014,275,211,276,48.0,2025-11-11
INV04589,PROD0039,STR004,266,218,396,70.0,2024-05-05
INV04590,PROD0084,STR012,286,57,364,72.0,2025-09-22
INV04591,PROD0227,STR012,365,4,101,65.0,2024-10-01
INV04592,PROD0235,STR009,380,258,33,45.0,2024-05-08
INV04593,PROD0215,STR010,36,70,264,22.0,2025-09-30
INV04594,PROD0024,STR014,265,237,285,48.0,2025-08-28
INV04595,PROD0156,STR001,294,217,387,40.0,2024-03-29
INV04596,PROD0241,STR004,23,232,147,23.0,2025-06-23
INV04597,PROD0213,STR015,106,196,44,75.0,2024-07-02
INV04598,PROD0199,STR013,34,142,291,10.0,2024-04-09
INV04599,PROD0225,STR006,367,251,390,63.0,2025-02-28
INV04600,PROD0105,STR013,103,95,314,44.0,2025-03-18
INV04601,PROD0025,STR013,185,278,6,79.0,2024-12-17
INV04602,PROD0045,STR001,185,51,209,50.0,2025-01-03
INV04603,PROD0186,STR006,479,195,3,57.0,2025-09-06
INV04604,PROD0198,STR009,396,236,288,31.0,2024-11-20
INV04605,PROD0215,STR001,137,240,184,76.0,2024-04-16
INV04606,PROD0164,STR003,138,2,185,28.0,2024-07-10
INV04607,PROD0173,STR012,284,149,100,10.0,2025-11-02
INV04608,PROD0149,STR009,101,1,28,79.0,2025-02-02
INV04609,PROD0188,STR014,437,0,75,48.0,2025-10-13
INV04610,PROD0007,STR015,164,248,107,55.0,2025-09-04
INV04611,PROD0157,STR013,190,44,191,77.0,2025-10-04
INV04612,PROD0198,STR010,212,192,249,38.0,2025-02-22
INV04613,PROD0057,STR004,387,183,178,52.0,2024-07-10
INV04614,PROD0114,STR005,311,54,7,18.0,2025-04-27
INV04615,PROD0230,STR002,336,58,220,11.0,2025-05-26
INV04616,PROD0054,STR002,168,89,146,35.0,2025-10-14
INV04617,PROD0027,STR004,134,197,219,68.0,2025-06-27
INV04618,PROD0119,STR009,262,181,128,72.0,2024-01-16
INV04619,PROD0122,STR011,360,204,6,63.0,2024-04-12
INV04620,PROD0250,STR008,201,56,6,78.0,2024-09-27
INV04621,PROD0156,STR010,77,5,396,61.0,2025-08-11
INV04622,PROD0197,STR001,25,81,85,66.0,2025-08-30
INV04623,PROD0158,STR014,434,207,327,21.0,2024-01-16
INV04624,PROD0095,STR007,341,17,189,75.0,2024-04-10
INV04625,PROD0099,STR001,101,274,19,57.0,2024-12-28
INV04626,PROD0031,STR004,86,14,199,72.0,2024-06-16
INV04627,PROD0124,STR008,24,284,158,78.0,2025-01-14
INV04628,PROD0108,STR009,190,41,124,36.0,2024-01-22
INV04629,PROD0131,STR004,394,222,164,11.0,2025-04-15
INV04630,PROD0133,STR002,45,62,201,75.0,2025-05-05
INV04631,PROD0213,STR008,262,296,178,53.0,2025-07-24
INV04632,PROD0198,STR012,489,203,157,77.0,2024-04-30
INV04633,PROD0186,STR007,71,207,149,23.0,2024-10-19
INV04634,PROD0090,STR008,126,44,353,27.0,2025-04-22
INV04635,PROD0032,STR014,352,284,327,33.0,2024-12-08
INV04636,PROD0197,STR015,221,205,374,63.0,2024-01-07
INV04637,PROD0245,STR006,396,147,253,43.0,2025-10-07
INV04638,PROD0169,STR002,310,76,311,61.0,2024-06-26
INV04639,PROD0143,STR003,206,151,280,19.0,2025-09-11
INV04640,PROD0193,STR007,280,34,272,74.0,2024-02-18
INV04641,PROD0239,STR010,136,82,243,58.0,2025-09-12
INV04642,PROD0129,STR007,223,69,223,63.0,2024-03-01
INV04643,PROD0026,STR009,402,31,290,19.0,2025-10-20
INV04644,PROD0228,STR008,222,267,315,10.0,2025-07-08
INV04645,PROD0120,STR012,151,186,275,25.0,2024-08-19
INV04646,PROD0016,STR009,86,12,261,16.0,2024-05-31
INV04647,PROD0060,STR009,405,50,34,58.0,2024-08-13
INV04648,PROD0166,STR007,351,262,222,18.0,2025-08-20
INV04649,PROD0019,STR004,257,147,349,50.0,2025-01-21
INV04650,PROD0191,STR004,137,144,39,63.0,2025-02-11
INV04651,PROD0082,STR008,298,276,133,39.0,2024-12-12
INV04652,PROD0130,STR012,391,260,342,41.0,2024-03-13
INV04653,PROD0041,STR011,427,252,115,12.0,2025-01-29
INV04654,PROD0110,STR014,276,156,242,65.0,2024-10-23
INV04655,PROD0195,STR005,224,102,138,57.0,2025-03-30
INV04656,PROD0063,STR001,377,142,293,61.0,2025-02-04
INV04657,PROD0137,STR014,430,50,115,55.0,2024-08-30
INV04658,PROD0211,STR015,204,218,128,22.0,2024-09-22
INV04659,PROD0023,STR011,303,245,374,46.0,2025-04-12
INV04660,PROD0056,STR005,382,132,45,16.0,2024-10-03
INV04661,PROD0109,STR003,196,252,51,25.0,2024-08-13
INV04662,PROD0235,STR005,412,174,286,49.0,2025-01-28
INV04663,PROD0065,STR001,40,279,159,56.0,2024-05-03
INV04664,PROD0022,STR001,186,275,284,61.0,2024-09-14
INV04665,PROD0224,STR008,301,2,330,60.0,2025-10-16
INV04666,PROD0141,STR013,454,81,237,13.0,2024-07-27
INV04667,PROD0232,STR011,50,121,339,67.0,2024-11-16
INV04668,PROD0153,STR015,125,216,352,35.0,2025-10-29
INV04669,PROD0182,STR011,337,86,206,52.0,2025-04-24
INV04670,PROD0081,STR014,434,204,90,77.0,2024-10-13
INV04671,PROD0031,STR007,245,267,327,41.0,2024-12-15
INV04672,PROD0036,STR008,314,237,54,44.0,2024-07-18
INV04673,PROD0060,STR014,176,103,300,71.0,2025-08-14
INV04674,PROD0187,STR008,345,270,275,76.0,2024-10-07
INV04675,PROD0184,STR015,296,147,298,12.0,2025-09-14
INV04676,PROD0110,STR011,496,76,222,31.0,2025-04-19
INV04677,PROD0242,STR013,66,292,312,71.0,2025-02-09
INV04678,PROD0106,STR011,68,85,294,67.0,2025-08-31
INV04679,PROD0247,STR014,301,99,138,31.0,2025-11-22
INV04680,PROD0052,STR009,33,108,255,26.0,2025-08-22
INV04681,PROD0031,STR005,239,285,229,68.0,2024-09-30
INV04682,PROD0075,STR014,348,180,205,61.0,2024-11-23
INV04683,PROD0039,STR008,475,203,373,45.0,2025-01-04
INV04684,PROD0247,STR003,91,66,127,25.0,2024-04-28
INV04685,PROD0018,STR015,84,196,126,66.0,2025-04-30
INV04686,PROD0183,STR011,473,185,78,50.0,2025-06-09
INV04687,PROD0096,STR007,85,184,323,35.0,2025-03-24
INV04688,PROD0244,STR013,399,6,165,73.0,2024-10-06
INV04689,PROD0179,STR005,353,138,162,66.0,2024-11-04
INV04690,PROD0013,STR002,292,57,202,73.0,2024-11-28
INV04691,PROD0182,STR012,485,41,333,34.0,2024-08-11
INV04692,PROD0078,STR013,370,99,22,28.0,2025-07-26
INV04693,PROD0028,STR015,353,160,272,34.0,2025-03-10
INV04694,PROD0011,STR002,423,281,181,57.0,2025-04-28
INV04695,PROD0024,STR014,207,70,307,23.0,2025-01-19
INV04696,PROD0066,STR011,195,233,183,58.0,2025-03-22
INV04697,PROD0231,STR006,455,58,313,50.0,2025-04-26
INV04698,PROD0140,STR005,344,174,238,67.0,2024-08-11
INV04699,PROD0132,STR012,35,191,265,10.0,2025-04-21
INV04700,PROD0229,STR004,251,62,280,52.0,2025-04-06
INV04701,PROD0001,STR002,177,45,358,43.0,2024-06-11
INV04702,PROD0123,STR013,361,219,150,77.0,2025-08-30
INV04703,PROD0042,STR003,106,238,202,66.0,2025-01-20
INV04704,PROD0118,STR008,462,0,0,54.0,2025-07-15
INV04705,PROD0231,STR003,241,274,22,13.0,2025-02-22
INV04706,PROD0166,STR010,160,29,192,67.0,2025-10-18
INV04707,PROD0094,STR003,454,193,37,15.0,2024-08-24
INV04708,PROD0198,STR012,64,194,16,10.0,2025-03-19
INV04709,PROD0135,STR014,450,225,206,51.0,2024-07-26
INV04710,PROD0180,STR004,372,249,245,32.0,2024-08-30
INV04711,PROD0213,STR015,63,234,94,10.0,2024-12-12
INV04712,PROD0189,STR008,112,291,199,44.0,2024-08-24
INV04713,PROD0136,STR015,416,182,190,63.0,2024-04-29
INV04714,PROD0250,STR011,312,205,72,68.0,2025-09-06
INV04715,PROD0026,STR001,469,54,20,45.0,2025-03-18
INV04716,PROD0174,STR008,462,241,180,12.0,2024-11-02
INV04717,PROD0028,STR004,182,65,31,64.0,2024-08-21
INV04718,PROD0152,STR001,401,273,239,44.0,2024-12-16
INV04719,PROD0102,STR008,382,90,182,13.0,2025-01-23
INV04720,PROD0244,STR007,110,289,150,44.0,2025-02-23
INV04721,PROD0197,STR011,218,86,195,39.0,2025-08-15
INV04722,PROD0017,STR015,22,177,299,32.0,2024-10-26
INV04723,PROD0248,STR015,203,253,260,72.0,2024-09-12
INV04724,PROD0101,STR009,365,4,283,56.0,2025-10-03
INV04725,PROD0187,STR008,216,229,278,32.0,2025-02-20
INV04726,PROD0188,STR010,299,170,77,22.0,2024-04-16
INV04727,PROD0174,STR005,99,183,140,43.0,2024-01-13
INV04728,PROD0201,STR010,282,287,342,66.0,2025-06-19
INV04729,PROD0216,STR015,192,82,332,26.0,2024-04-25
INV04730,PROD0087,STR010,490,195,146,56.0,2024-09-17
INV04731,PROD0030,STR006,128,78,189,59.0,2025-01-01
INV04732,PROD0219,STR012,72,121,87,35.0,2025-06-06
INV04733,PROD0130,STR010,208,64,218,78.0,2024-04-01
INV04734,PROD0149,STR008,130,105,267,47.0,2025-02-05
INV04735,PROD0235,STR014,299,99,379,49.0,2025-02-04
INV04736,PROD0198,STR010,394,235,359,54.0,2024-11-16
INV04737,PROD0041,STR007,441,49,67,76.0,2025-11-22
INV04738,PROD0098,STR009,440,179,218,59.0,2025-06-17
INV04739,PROD0082,STR015,220,251,177,26.0,2025-03-30
INV04740,PROD0037,STR013,407,12,323,20.0,2025-02-06
INV04741,PROD0014,STR014,336,76,223,32.0,2025-03-25
INV04742,PROD0067,STR010,466,252,155,21.0,2024-08-22
INV04743,PROD0219,STR010,46,45,29,35.0,2025-06-05
INV04744,PROD0223,STR013,29,286,31,46.0,2024-05-13
INV04745,PROD0120,STR001,224,87,105,76.0,2024-05-04
INV04746,PROD0036,STR006,264,88,52,45.0,2024-02-28
INV04747,PROD0202,STR005,404,23,181,52.0,2024-11-12
INV04748,PROD0023,STR015,212,155,258,49.0,2025-07-26
INV04749,PROD0243,STR005,352,266,16,72.0,2024-01-26
INV04750,PROD0114,STR006,486,283,346,25.0,2025-01-09
INV04751,PROD0072,STR005,137,207,100,60.0,2025-04-26
INV04752,PROD0187,STR001,469,257,307,57.0,2024-03-11
INV04753,PROD0055,STR005,229,254,302,39.0,2024-01-04
INV04754,PROD0029,STR002,222,232,19,21.0,2025-07-13
INV04755,PROD0240,STR005,338,52,296,77.0,2024-02-21
INV04756,PROD0034,STR013,60,44,92,65.0,2024-03-30
INV04757,PROD0086,STR012,403,242,173,59.0,2025-10-18
INV04758,PROD0195,STR013,71,22,254,65.0,2024-03-04
INV04759,PROD0157,STR005,270,7,271,33.0,2024-11-23
INV04760,PROD0213,STR003,234,43,353,34.0,2024-07-14
INV04761,PROD0173,STR012,85,114,164,16.0,2024-04-26
INV04762,PROD0074,STR002,58,125,243,63.0,2024-10-17
INV04763,PROD0118,STR008,125,195,146,61.0,2025-02-01
INV04764,PROD0073,STR008,202,256,327,13.0,2024-02-16
INV04765,PROD0213,STR007,114,18,170,60.0,2024-12-27
INV04766,PROD0168,STR008,341,234,281,56.0,2024-02-22
INV04767,PROD0033,STR013,97,238,264,71.0,2024-09-05
INV04768,PROD0091,STR015,50,185,251,76.0,2024-01-14
INV04769,PROD0035,STR002,195,46,157,22.0,2024-04-25
INV04770,PROD0175,STR007,215,170,136,55.0,2024-07-17
INV04771,PROD0167,STR006,245,207,360,12.0,2025-02-13
INV04772,PROD0249,STR009,105,146,157,58.0,2024-10-07
INV04773,PROD0225,STR010,467,131,22,29.0,2025-09-28
INV04774,PROD0173,STR013,361,194,77,30.0,2025-07-31
INV04775,PROD0056,STR005,440,299,338,46.0,2025-09-08
INV04776,PROD0004,STR001,32,227,192,65.0,2024-10-27
INV04777,PROD0034,STR001,411,286,13,23.0,2025-05-08
INV04778,PROD0235,STR013,403,3,343,78.0,2025-07-15
INV04779,PROD0055,STR007,484,105,305,56.0,2025-08-08
INV04780,PROD0134,STR015,385,151,325,39.0,2024-02-24
INV04781,PROD0063,STR007,101,37,309,44.0,2024-11-05
INV04782,PROD0046,STR011,178,103,117,46.0,2025-10-09
INV04783,PROD0019,STR003,149,17,214,30.0,2024-08-25
INV04784,PROD0111,STR007,114,258,392,58.0,2025-06-16
INV04785,PROD0156,STR003,277,288,104,30.0,2025-06-12
INV04786,PROD0191,STR003,452,261,254,11.0,2024-01-28
INV04787,PROD0021,STR005,343,279,226,13.0,2025-05-31
INV04788,PROD0173,STR011,168,283,303,68.0,2025-04-03
INV04789,PROD0248,STR013,311,207,15,60.0,2025-07-02
INV04790,PROD0003,STR003,114,182,128,66.0,2025-05-08
INV04791,PROD0127,STR015,174,55,118,39.0,2024-03-03
INV04792,PROD0070,STR011,209,52,274,18.0,2024-02-19
INV04793,PROD0066,STR001,375,239,399,55.0,2025-03-08
INV04794,PROD0068,STR001,172,272,176,21.0,2025-09-29
INV04795,PROD0225,STR012,461,111,399,12.0,2024-06-14
INV04796,PROD0040,STR012,278,135,128,22.0,2025-11-06
INV04797,PROD0115,STR004,358,262,63,50.0,2025-03-06
INV04798,PROD0132,STR014,22,227,369,39.0,2024-05-03
INV04799,PROD0044,STR005,230,257,81,50.0,2024-04-03
INV04800,PROD0241,STR008,364,150,390,21.0,2025-06-17
INV04801,PROD0082,STR010,162,181,120,66.0,2024-11-05
INV04802,PROD0165,STR013,208,54,249,36.0,2025-03-13
INV04803,PROD0052,STR002,297,181,86,69.0,2025-08-27
INV04804,PROD0120,STR012,461,151,63,73.0,2025-04-09
INV04805,PROD0006,STR001,367,50,352,40.0,2024-07-09
INV04806,PROD0239,STR008,363,3,9,51.0,2024-12-06
INV04807,PROD0045,STR002,231,114,63,60.0,2025-05-07
INV04808,PROD0246,STR002,181,80,133,64.0,2025-07-05
INV04809,PROD0108,STR013,351,54,5,53.0,2024-07-26
INV04810,PROD0152,STR009,395,131,62,59.0,2024-05-24
INV04811,PROD0019,STR011,243,173,276,64.0,2025-11-03
INV04812,PROD0202,STR015,491,18,327,44.0,2024-11-20
INV04813,PROD0039,STR001,384,221,279,61.0,2024-03-22
INV04814,PROD0040,STR007,463,256,101,53.0,2024-09-15
INV04815,PROD0107,STR007,96,85,374,13.0,2025-02-24
INV04816,PROD0239,STR008,440,162,25,32.0,2024-07-02
INV04817,PROD0241,STR003,215,50,272,69.0,2024-05-04
INV04818,PROD0168,STR002,355,44,174,45.0,2025-07-28
INV04819,PROD0008,STR004,340,251,232,51.0,2025-11-15
INV04820,PROD0218,STR006,249,36,74,36.0,2024-01-17
INV04821,PROD0208,STR012,379,237,165,48.0,2025-06-22
INV04822,PROD0204,STR007,317,205,16,10.0,2025-04-26
INV04823,PROD0069,STR012,405,227,254,73.0,2024-09-10
INV04824,PROD0161,STR004,33,40,207,23.0,2025-01-31
INV04825,PROD0071,STR001,200,277,130,42.0,2024-08-29
INV04826,PROD0151,STR014,369,79,337,31.0,2024-06-08
INV04827,PROD0001,STR012,231,154,3,59.0,2024-06-01
INV04828,PROD0136,STR012,354,196,275,78.0,2024-10-15
INV04829,PROD0126,STR010,448,82,328,61.0,2025-08-20
INV04830,PROD0194,STR011,378,225,215,78.0,2025-04-25
INV04831,PROD0095,STR004,108,123,63,16.0,2024-02-02
INV04832,PROD0018,STR012,305,145,344,41.0,2025-04-27
INV04833,PROD0222,STR009,273,195,217,56.0,2024-10-30
INV04834,PROD0176,STR006,85,16,304,16.0,2025-08-21
INV04835,PROD0039,STR003,298,266,246,47.0,2025-06-19
INV04836,PROD0002,STR001,339,49,390,74.0,2025-04-28
INV04837,PROD0034,STR010,446,106,244,25.0,2024-04-28
INV04838,PROD0072,STR003,443,34,211,52.0,2024-05-05
INV04839,PROD0035,STR004,94,256,103,22.0,2025-11-10
INV04840,PROD0079,STR006,435,296,236,78.0,2024-03-22
INV04841,PROD0034,STR003,82,49,92,69.0,2024-04-07
INV04842,PROD0071,STR003,185,185,247,54.0,2024-07-19
INV04843,PROD0032,STR006,281,144,101,48.0,2025-06-23
INV04844,PROD0213,STR004,400,120,95,59.0,2024-10-19
INV04845,PROD0052,STR006,122,288,38,61.0,2025-01-05
INV04846,PROD0045,STR005,381,117,377,47.0,2024-02-05
INV04847,PROD0143,STR004,247,40,390,23.0,2025-03-15
INV04848,PROD0163,STR004,375,208,220,23.0,2025-04-11
INV04849,PROD0065,STR002,366,271,278,56.0,2024-01-18
INV04850,PROD0203,STR009,93,32,327,23.0,2024-10-09
INV04851,PROD0090,STR001,311,113,304,44.0,2025-05-24
INV04852,PROD0204,STR015,110,205,120,66.0,2024-06-14
INV04853,PROD0078,STR002,57,14,200,29.0,2025-09-04
INV04854,PROD0102,STR006,137,48,264,63.0,2025-06-24
INV04855,PROD0087,STR006,341,171,272,20.0,2024-03-05
INV04856,PROD0010,STR013,39,267,99,61.0,2024-07-13
INV04857,PROD0171,STR001,448,89,191,77.0,2025-09-15
INV04858,PROD0038,STR001,462,236,24,21.0,2024-12-26
INV04859,PROD0250,STR014,70,215,108,77.0,2025-09-02
INV04860,PROD0226,STR008,141,4,15,67.0,2024-02-21
INV04861,PROD0029,STR015,171,228,256,44.0,2025-07-18
INV04862,PROD0182,STR011,446,92,223,64.0,2024-03-04
INV04863,PROD0049,STR006,92,66,324,15.0,2025-05-17
INV04864,PROD0159,STR001,35,10,51,41.0,2024-09-20
INV04865,PROD0217,STR006,458,185,287,76.0,2025-01-10
INV04866,PROD0001,STR012,376,86,232,20.0,2024-05-07
INV04867,PROD0188,STR007,73,5,293,24.0,2025-02-12
INV04868,PROD0156,STR013,260,63,181,13.0,2025-10-17
INV04869,PROD0018,STR001,65,223,8,13.0,2024-12-22
INV04870,PROD0092,STR006,109,101,184,51.0,2025-09-14
INV04871,PROD0029,STR014,312,128,81,42.0,2024-11-13
INV04872,PROD0002,STR008,466,249,183,24.0,2024-07-15
INV04873,PROD0066,STR007,495,73,178,79.0,2025-01-23
INV04874,PROD0133,STR001,470,243,216,72.0,2025-05-15
INV04875,PROD0188,STR007,495,249,391,30.0,2024-11-15
INV04876,PROD0100,STR008,138,294,60,25.0,2024-08-27
INV04877,PROD0072,STR010,119,262,258,65.0,2024-01-04
INV04878,PROD0202,STR015,127,159,1,61.0,2025-05-10
INV04879,PROD0092,STR005,490,14,15,67.0,2024-12-13
INV04880,PROD0150,STR012,457,47,83,71.0,2025-11-24
INV04881,PROD0242,STR002,460,196,118,71.0,2025-10-05
INV04882,PROD0191,STR010,376,253,13,59.0,2025-07-19
INV04883,PROD0040,STR015,376,239,360,34.0,2025-04-26
INV04884,PROD0100,STR004,476,108,329,63.0,2024-07-24
INV04885,PROD0244,STR005,365,159,126,49.0,2024-02-15
INV04886,PROD0120,STR012,153,48,326,49.0,2024-11-16
INV04887,PROD0164,STR005,438,57,298,41.0,2025-02-25
INV04888,PROD0046,STR014,403,69,201,54.0,2024-06-08
INV04889,PROD0131,STR003,214,56,240,73.0,2025-10-27
INV04890,PROD0081,STR008,376,42,319,52.0,2025-11-23
INV04891,PROD0144,STR008,251,177,300,48.0,2024-03-20
INV04892,PROD0140,STR013,111,169,87,21.0,2024-10-22
INV04893,PROD0012,STR008,78,157,232,43.0,2025-07-14
INV04894,PROD0049,STR004,106,172,41,32.0,2025-06-22
INV04895,PROD0021,STR009,395,29,235,75.0,2024-03-18
INV04896,PROD0076,STR011,163,155,300,44.0,2024-02-04
INV04897,PROD0244,STR012,51,202,344,58.0,2025-03-27
INV04898,PROD0238,STR012,367,274,143,10.0,2025-01-29
INV04899,PROD0123,STR009,59,267,53,69.0,2024-09-03
INV04900,PROD0003,STR007,224,59,183,12.0,2025-05-15
INV04901,PROD0086,STR001,334,146,55,45.0,2024-01-29
INV04902,PROD0224,STR006,85,28,31,28.0,2025-07-04
INV04903,PROD0025,STR010,392,75,186,15.0,2025-04-21
INV04904,PROD0213,STR011,260,112,179,37.0,2024-08-28
INV04905,PROD0066,STR007,201,93,287,43.0,2025-04-05
INV04906,PROD0129,STR005,43,156,145,38.0,2025-11-25
INV04907,PROD0047,STR012,63,138,380,78.0,2025-05-26
INV04908,PROD0163,STR010,138,176,121,53.0,2024-09-25
INV04909,PROD0184,STR004,345,230,35,57.0,2024-02-02
INV04910,PROD0171,STR010,356,226,394,45.0,2025-10-17
INV04911,PROD0140,STR012,448,112,240,29.0,2024-08-17
INV04912,PROD0108,STR007,75,106,378,25.0,2025-08-26
INV04913,PROD0137,STR011,278,107,178,68.0,2025-03-20
INV04914,PROD0212,STR006,328,220,88,26.0,2024-04-20
INV04915,PROD0025,STR008,197,142,179,52.0,2024-03-07
INV04916,PROD0046,STR001,71,202,30,39.0,2025-10-02
INV04917,PROD0098,STR007,460,151,253,30.0,2024-06-05
INV04918,PROD0100,STR002,96,23,28,18.0,2025-03-16
INV04919,PROD0068,STR008,61,215,286,72.0,2025-03-14
INV04920,PROD0036,STR010,63,229,141,20.0,2025-10-11
INV04921,PROD0151,STR010,193,175,110,22.0,2025-04-23
INV04922,PROD0155,STR004,146,133,132,26.0,2025-10-13
INV04923,PROD0205,STR002,262,283,311,42.0,2024-10-11
INV04924,PROD0139,STR009,307,237,84,11.0,2024-11-25
INV04925,PROD0056,STR008,354,230,252,43.0,2024-02-05
INV04926,PROD0230,STR011,246,152,10,60.0,2024-02-24
INV04927,PROD0031,STR006,321,271,262,68.0,2024-04-12
INV04928,PROD0082,STR003,285,151,17,29.0,2024-03-02
INV04929,PROD0072,STR012,414,234,154,50.0,2025-06-28
INV04930,PROD0051,STR001,30,24,46,45.0,2024-03-08
INV04931,PROD0216,STR003,182,220,58,69.0,2025-05-23
INV04932,PROD0232,STR011,403,3,245,53.0,2024-08-14
INV04933,PROD0016,STR015,236,190,185,35.0,2025-05-27
INV04934,PROD0098,STR006,247,260,182,23.0,2025-02-28
INV04935,PROD0017,STR003,234,231,86,16.0,2024-08-05
INV04936,PROD0030,STR006,398,151,272,36.0,2025-03-28
INV04937,PROD0216,STR006,248,278,281,22.0,2024-02-22
INV04938,PROD0117,STR014,396,104,396,70.0,2025-06-07
INV04939,PROD0106,STR011,265,102,385,52.0,2025-05-11
INV04940,PROD0017,STR004,323,40,14,45.0,2025-05-29
INV04941,PROD0065,STR002,239,223,196,60.0,2025-04-22
INV04942,PROD0222,STR005,36,128,390,41.0,2025-09-28
INV04943,PROD0142,STR008,429,107,257,72.0,2024-02-04
INV04944,PROD0027,STR007,293,271,210,11.0,2025-09-05
INV04945,PROD0045,STR002,219,20,131,16.0,2025-04-09
INV04946,PROD0183,STR010,39,63,287,45.0,2025-11-18
INV04947,PROD0096,STR014,180,268,339,38.0,2025-09-24
INV04948,PROD0035,STR007,360,77,37,23.0,2024-07-07
INV04949,PROD0054,STR009,176,276,7,65.0,2025-11-21
INV04950,PROD0177,STR014,441,242,385,73.0,2024-06-01
INV04951,PROD0182,STR004,354,69,122,37.0,2025-05-23
INV04952,PROD0061,STR008,346,72,93,72.0,2025-09-20
INV04953,PROD0221,STR007,249,178,382,76.0,2025-09-18
INV04954,PROD0036,STR003,290,21,321,76.0,2024-02-18
INV04955,PROD0099,STR005,436,220,185,38.0,2024-11-16
INV04956,PROD0115,STR013,411,244,293,70.0,2024-07-07
INV04957,PROD0086,STR015,380,12,222,74.0,2025-03-11
INV04958,PROD0036,STR009,116,55,169,50.0,2025-03-29
INV04959,PROD0155,STR009,130,14,169,47.0,2025-06-02
INV04960,PROD0179,STR001,371,211,71,73.0,2024-01-18
INV04961,PROD0192,STR004,439,234,154,41.0,2024-03-09
INV04962,PROD0064,STR002,473,40,70,40.0,2025-03-26
INV04963,PROD0116,STR007,155,38,391,54.0,2024-05-21
INV04964,PROD0218,STR015,82,70,221,12.0,2024-08-22
INV04965,PROD0172,STR007,286,70,206,34.0,2024-11-09
INV04966,PROD0021,STR001,139,200,181,26.0,2025-09-08
INV04967,PROD0054,STR015,397,12,171,39.0,2024-04-08
INV04968,PROD0182,STR010,293,171,205,23.0,2024-10-24
INV04969,PROD0065,STR007,87,106,204,72.0,2025-03-07
INV04970,PROD0141,STR009,185,107,112,42.0,2024-05-19
INV04971,PROD0192,STR007,136,101,3,14.0,2024-04-14
INV04972,PROD0143,STR014,300,206,171,33.0,2024-03-07
INV04973,PROD0232,STR004,407,111,181,39.0,2024-10-18
INV04974,PROD0055,STR007,453,223,10,49.0,2025-02-27
INV04975,PROD0137,STR005,28,265,161,50.0,2025-09-13
INV04976,PROD0212,STR014,231,153,177,71.0,2024-11-12
INV04977,PROD0198,STR004,381,116,383,29.0,2025-03-07
INV04978,PROD0001,STR010,74,135,383,42.0,2025-08-03
INV04979,PROD0149,STR006,218,233,332,43.0,2025-07-31
INV04980,PROD0076,STR003,59,135,355,11.0,2025-06-09
INV04981,PROD0068,STR007,272,99,294,12.0,2024-03-08
INV04982,PROD0221,STR002,64,19,153,43.0,2024-05-03
INV04983,PROD0166,STR010,111,176,336,79.0,2025-01-31
INV04984,PROD0100,STR003,233,221,52,53.0,2025-08-11
INV04985,PROD0193,STR002,106,6,364,64.0,2025-06-13
INV04986,PROD0097,STR002,464,77,341,10.0,2025-01-21
INV04987,PROD0233,STR003,370,265,61,30.0,2025-03-14
INV04988,PROD0194,STR013,383,156,69,76.0,2025-01-02
INV04989,PROD0103,STR008,394,26,56,25.0,2025-07-16
INV04990,PROD0022,STR001,452,154,109,52.0,2025-04-27
INV04991,PROD0036,STR001,313,225,360,39.0,2024-08-15
INV04992,PROD0107,STR005,300,152,76,25.0,2025-03-24
INV04993,PROD0066,STR010,94,231,120,20.0,2025-10-23
INV04994,PROD0173,STR008,278,159,245,32.0,2024-03-27
INV04995,PROD0236,STR007,433,267,60,29.0,2025-06-03
INV04996,PROD0078,STR013,42,226,273,22.0,2024-03-18
INV04997,PROD0186,STR012,40,192,157,51.0,2024-04-13
INV04998,PROD0094,STR008,103,274,121,19.0,2025-02-17
INV04999,PROD0198,STR007,258,3,296,47.0,2024-12-08
